c1,c2,spectral_radius,rho_bar,lyapunov_condition,log10_lyapunov_condition,damping_regime
-1.95,-0.98,0.9899494936611665,0.999,128.77744566990825,2.1098398065111477,underdamped
-1.9175,-0.98,0.9899494936611667,0.999,61.30011235422329,1.7874612705179986,underdamped
-1.885,-0.98,0.9899494936611665,0.999,40.00053047184962,1.6020657508146994,underdamped
-1.8525,-0.98,0.9899494936611664,0.999,29.561033557681203,1.4707196144504802,underdamped
-1.8199999999999998,-0.98,0.9899494936611666,0.999,23.362970571786615,1.3685280619383962,underdamped
-1.7874999999999999,-0.98,0.9899494936611666,0.999,19.257870495608334,1.2846082618571646,underdamped
-1.755,-0.98,0.9899494936611665,0.999,16.338706061630553,1.2132176597517872,underdamped
-1.7225,-0.98,0.9899494936611666,0.999,14.156400507682259,1.1509528410392158,underdamped
-1.69,-0.98,0.9899494936611664,0.999,12.463200549844471,1.0956295834666223,underdamped
-1.6575,-0.98,0.9899494936611667,0.999,11.111228337192344,1.045762072494124,underdamped
-1.625,-0.98,0.9899494936611661,0.999,10.006761374774154,1.0002935435487315,underdamped
-1.5924999999999998,-0.98,0.9899494936611665,0.999,9.0875210985377,0.9584454321716733,underdamped
-1.56,-0.98,0.9899494936611666,0.999,8.310506518009225,0.9196274944546914,underdamped
-1.5274999999999999,-0.98,0.9899494936611664,0.999,7.6450710399867905,0.8833815253442727,underdamped
-1.4949999999999999,-0.98,0.9899494936611665,0.999,7.068782946533105,0.8493446464554446,underdamped
-1.4625,-0.98,0.9899494936611665,0.999,6.564845750212159,0.8172245262185377,underdamped
-1.43,-0.98,0.9899494936611666,0.999,6.120433182310954,0.7867821610392886,underdamped
-1.3975,-0.98,0.9899494936611665,0.999,5.725581585212724,0.7578196074171893,underdamped
-1.365,-0.98,0.9899494936611665,0.999,5.372433508331846,0.7301710491717139,underdamped
-1.3325,-0.98,0.9899494936611666,0.999,5.054709108145985,0.7036961675705212,underdamped
-1.2999999999999998,-0.98,0.9899494936611666,0.999,4.767329136330175,0.6782751366464704,underdamped
-1.2675,-0.98,0.9899494936611665,0.999,4.50614111289394,0.6538047878297938,underdamped
-1.2349999999999999,-0.98,0.9899494936611665,0.999,4.267717174012179,0.630195630565978,underdamped
-1.2025,-0.98,0.9899494936611666,0.999,4.049202621709788,0.6073695093662759,underdamped
-1.17,-0.98,0.9899494936611666,0.999,3.8482009347431143,0.5852577407493096,underdamped
-1.1375,-0.98,0.9899494936611665,0.999,3.66268539486622,0.5637996166876517,underdamped
-1.105,-0.98,0.9899494936611664,0.999,3.4909304083496617,0.5429411912458669,underdamped
-1.0724999999999998,-0.98,0.9899494936611664,0.999,3.331457585292786,0.5226342883859187,underdamped
-1.04,-0.98,0.9899494936611664,0.999,3.1829930049835182,0.5028356842068036,underdamped
-1.0074999999999998,-0.98,0.9899494936611667,0.999,3.044433050498985,0.48350642801492816,underdamped
-0.9749999999999999,-0.98,0.9899494936611667,0.999,2.914816872746207,0.4646112748226207,underdamped
-0.9424999999999999,-0.98,0.9899494936611667,0.999,2.7933040302801238,0.44611820798421914,underdamped
-0.9099999999999999,-0.98,0.9899494936611665,0.999,2.6791562044824864,0.42799803528313685,underdamped
-0.8775,-0.98,0.9899494936611664,0.999,2.571722149215487,0.4102240452860648,underdamped
-0.845,-0.98,0.9899494936611666,0.999,2.470425226715862,0.3927717134708776,underdamped
-0.8125,-0.98,0.9899494936611666,0.999,2.3747530258880185,0.37561844972033703,underdamped
-0.78,-0.98,0.9899494936611666,0.999,2.2842486683621517,0.35874338040524195,underdamped
-0.7474999999999998,-0.98,0.9899494936611664,0.999,2.198503490988267,0.34212715956943307,underdamped
-0.7149999999999999,-0.98,0.9899494936611666,0.999,2.117150857500922,0.32575180475817345,underdamped
-0.6824999999999999,-0.98,0.9899494936611667,0.999,2.0398609017423,0.30960055386443686,underdamped
-0.6499999999999999,-0.98,0.9899494936611668,0.999,1.9663360436091477,0.2936577400545129,underdamped
-0.6174999999999999,-0.98,0.9899494936611666,0.999,1.8963071494098958,0.2779086824167303,underdamped
-0.585,-0.98,0.9899494936611666,0.999,1.8295302325420093,0.2623395904925822,underdamped
-0.5525,-0.98,0.9899494936611666,0.999,1.7657836098187896,0.2469374813368661,underdamped
-0.5199999999999998,-0.98,0.9899494936611667,0.999,1.704865444556082,0.23169010825943587,underdamped
-0.4874999999999998,-0.98,0.9899494936611664,0.999,1.6465916206286924,0.21658590099170452,underdamped
-0.45499999999999985,-0.98,0.9899494936611665,0.999,1.590793902981739,0.20161391780145776,underdamped
-0.4224999999999999,-0.98,0.9899494936611668,0.999,1.5373183504304642,0.1867638112336053,underdamped
-0.3899999999999999,-0.98,0.9899494936611664,0.999,1.4860239571594738,0.1720258110250225,underdamped
-0.35749999999999993,-0.98,0.9899494936611665,0.999,1.436781511981779,0.15739073100477616,underdamped
-0.32499999999999996,-0.98,0.9899494936611665,0.999,1.3894726826053942,0.14285001285476592,underdamped
-0.2925,-0.98,0.9899494936611666,0.999,1.343989363212816,0.12839583157773254,underdamped
-0.26,-0.98,0.9899494936611665,0.999,1.3002333845987142,0.11402131272704774,underdamped
-0.2274999999999998,-0.98,0.9899494936611665,0.999,1.2581168200483552,0.09972096857100274,underdamped
-0.19499999999999984,-0.98,0.9899494936611665,0.999,1.2175634475631492,0.0854916016801882,underdamped
-0.16249999999999987,-0.98,0.9899494936611665,0.999,1.178512828831433,0.07133431444657591,underdamped
-0.1299999999999999,-0.98,0.9899494936611666,0.999,1.1409313219136363,0.057259502953168784,underdamped
-0.09749999999999992,-0.98,0.9899494936611667,0.999,1.1048453444482274,0.04330149000896479,underdamped
-0.06499999999999995,-0.98,0.9899494936611666,0.999,1.0704682457729078,0.029573788968015508,underdamped
-0.03249999999999997,-0.98,0.9899494936611667,0.999,1.0389392966648177,0.016590173261063344,underdamped
2.220446049250313e-16,-0.98,0.9899494936611666,0.999,1.020220577910244,0.008694079029258322,underdamped
0.032500000000000195,-0.98,0.9899494936611667,0.999,1.038939296664818,0.01659017326106353,underdamped
0.06500000000000017,-0.98,0.9899494936611665,0.999,1.0704682457729082,0.02957378896801569,underdamped
0.09749999999999992,-0.98,0.9899494936611667,0.999,1.1048453444482274,0.04330149000896479,underdamped
0.13000000000000012,-0.98,0.9899494936611665,0.999,1.1409313219136366,0.05725950295316887,underdamped
0.1625000000000003,-0.98,0.9899494936611662,0.999,1.1785128288314333,0.071334314446576,underdamped
0.19500000000000006,-0.98,0.9899494936611665,0.999,1.2175634475631496,0.08549160168018836,underdamped
0.22750000000000026,-0.98,0.9899494936611662,0.999,1.2581168200483555,0.09972096857100281,underdamped
0.26,-0.98,0.9899494936611665,0.999,1.3002333845987142,0.11402131272704774,underdamped
0.2925000000000002,-0.98,0.9899494936611668,0.999,1.3439893632128166,0.12839583157773277,underdamped
0.32499999999999996,-0.98,0.9899494936611665,0.999,1.3894726826053942,0.14285001285476592,underdamped
0.35750000000000015,-0.98,0.9899494936611665,0.999,1.436781511981779,0.15739073100477616,underdamped
0.3899999999999999,-0.98,0.9899494936611664,0.999,1.4860239571594738,0.1720258110250225,underdamped
0.4225000000000001,-0.98,0.9899494936611665,0.999,1.5373183504304644,0.18676381123360536,underdamped
0.4550000000000003,-0.98,0.9899494936611666,0.999,1.5907939029817402,0.20161391780145807,underdamped
0.48750000000000004,-0.98,0.9899494936611666,0.999,1.646591620628693,0.21658590099170472,underdamped
0.5200000000000002,-0.98,0.9899494936611666,0.999,1.704865444556083,0.2316901082594361,underdamped
0.5525,-0.98,0.9899494936611666,0.999,1.7657836098187896,0.2469374813368661,underdamped
0.5850000000000002,-0.98,0.9899494936611665,0.999,1.82953023254201,0.2623395904925824,underdamped
0.6174999999999999,-0.98,0.9899494936611666,0.999,1.8963071494098958,0.2779086824167303,underdamped
0.6500000000000001,-0.98,0.9899494936611667,0.999,1.966336043609148,0.29365774005451295,underdamped
0.6825000000000003,-0.98,0.9899494936611664,0.999,2.039860901742301,0.309600553864437,underdamped
0.7150000000000001,-0.98,0.9899494936611665,0.999,2.1171508575009224,0.3257518047581735,underdamped
0.7475000000000003,-0.98,0.9899494936611664,0.999,2.198503490988269,0.3421271595694334,underdamped
0.78,-0.98,0.9899494936611666,0.999,2.2842486683621517,0.35874338040524195,underdamped
0.8125000000000002,-0.98,0.9899494936611662,0.999,2.374753025888019,0.37561844972033714,underdamped
0.845,-0.98,0.9899494936611666,0.999,2.470425226715862,0.3927717134708776,underdamped
0.8775000000000002,-0.98,0.9899494936611664,0.999,2.5717221492154883,0.41022404528606504,underdamped
0.9100000000000004,-0.98,0.9899494936611664,0.999,2.6791562044824886,0.4279980352831372,underdamped
0.9425000000000001,-0.98,0.9899494936611664,0.999,2.793304030280124,0.4461182079842192,underdamped
0.9750000000000003,-0.98,0.9899494936611668,0.999,2.914816872746207,0.4646112748226207,underdamped
1.0075,-0.98,0.9899494936611666,0.999,3.0444330504989874,0.48350642801492844,underdamped
1.0400000000000003,-0.98,0.9899494936611666,0.999,3.18299300498352,0.5028356842068039,underdamped
1.0725,-0.98,0.9899494936611664,0.999,3.3314575852927857,0.5226342883859186,underdamped
1.1050000000000002,-0.98,0.9899494936611665,0.999,3.4909304083496617,0.5429411912458669,underdamped
1.1375,-0.98,0.9899494936611665,0.999,3.66268539486622,0.5637996166876517,underdamped
1.1700000000000002,-0.98,0.9899494936611665,0.999,3.8482009347431148,0.5852577407493097,underdamped
1.2025000000000003,-0.98,0.9899494936611667,0.999,4.049202621709787,0.6073695093662758,underdamped
1.235,-0.98,0.9899494936611667,0.999,4.267717174012181,0.6301956305659782,underdamped
1.2675000000000003,-0.98,0.9899494936611666,0.999,4.5061411128939435,0.6538047878297941,underdamped
1.3,-0.98,0.9899494936611666,0.999,4.767329136330173,0.6782751366464702,underdamped
1.3325000000000002,-0.98,0.9899494936611667,0.999,5.054709108145986,0.7036961675705213,underdamped
1.365,-0.98,0.9899494936611665,0.999,5.372433508331846,0.7301710491717139,underdamped
1.3975000000000002,-0.98,0.9899494936611664,0.999,5.725581585212724,0.7578196074171893,underdamped
1.43,-0.98,0.9899494936611666,0.999,6.120433182310954,0.7867821610392886,underdamped
1.4625000000000001,-0.98,0.9899494936611666,0.999,6.564845750212158,0.8172245262185376,underdamped
1.4950000000000003,-0.98,0.9899494936611667,0.999,7.068782946533104,0.8493446464554446,underdamped
1.5275,-0.98,0.9899494936611665,0.999,7.645071039986789,0.8833815253442726,underdamped
1.5600000000000003,-0.98,0.9899494936611666,0.999,8.310506518009223,0.9196274944546914,underdamped
1.5925,-0.98,0.9899494936611662,0.999,9.087521098537703,0.9584454321716734,underdamped
1.6250000000000002,-0.98,0.9899494936611662,0.999,10.00676137477416,1.0002935435487317,underdamped
1.6575,-0.98,0.9899494936611667,0.999,11.111228337192344,1.045762072494124,underdamped
1.6900000000000002,-0.98,0.9899494936611668,0.999,12.463200549844485,1.095629583466623,underdamped
1.7225000000000004,-0.98,0.9899494936611664,0.999,14.156400507682292,1.150952841039217,underdamped
1.7550000000000001,-0.98,0.9899494936611666,0.999,16.338706061630575,1.2132176597517879,underdamped
1.7875000000000003,-0.98,0.9899494936611662,0.999,19.25787049560829,1.2846082618571635,underdamped
1.82,-0.98,0.9899494936611664,0.999,23.36297057178663,1.3685280619383964,underdamped
1.8525000000000003,-0.98,0.9899494936611668,0.999,29.561033557681245,1.4707196144504808,underdamped
1.885,-0.98,0.9899494936611665,0.999,40.00053047184962,1.6020657508146994,underdamped
1.9175000000000002,-0.98,0.9899494936611665,0.999,61.30011235422332,1.7874612705179989,underdamped
1.95,-0.98,0.9899494936611665,0.999,128.77744566990825,2.1098398065111477,underdamped
-1.95,-0.9639166666666666,0.9817925782295703,0.999,272.56037206989396,2.435462713412006,underdamped
-1.9175,-0.9639166666666666,0.9817925782295701,0.999,80.94387804301955,1.9081840077197163,underdamped
-1.885,-0.9639166666666666,0.9817925782295703,0.999,47.22283849155163,1.674152088294762,underdamped
-1.8525,-0.9639166666666666,0.98179257822957,0.999,33.18040270489569,1.5208816526784779,underdamped
-1.8199999999999998,-0.9639166666666666,0.9817925782295701,0.999,25.48154684135596,1.406225788038302,underdamped
-1.7874999999999999,-0.9639166666666666,0.9817925782295701,0.999,20.61967366348643,1.3142817876561015,underdamped
-1.755,-0.9639166666666666,0.9817925782295702,0.999,17.270559850842,1.2373064160961476,underdamped
-1.7225,-0.9639166666666666,0.98179257822957,0.999,14.823164324088205,1.1709409230629135,underdamped
-1.69,-0.9639166666666666,0.9817925782295701,0.999,12.956481396462923,1.1124870757956464,underdamped
-1.6575,-0.9639166666666666,0.9817925782295702,0.999,11.485710520728105,1.0601578663736106,underdamped
-1.625,-0.9639166666666666,0.9817925782295701,0.999,10.29694339425613,1.0127083252862388,underdamped
-1.5924999999999998,-0.9639166666666666,0.9817925782295703,0.999,9.316144675624678,0.9692362243170854,underdamped
-1.56,-0.9639166666666666,0.9817925782295701,0.999,8.493109271253749,0.9290667116977704,underdamped
-1.5274999999999999,-0.9639166666666666,0.9817925782295702,0.999,7.792588415395702,0.8916817385203414,underdamped
-1.4949999999999999,-0.9639166666666666,0.9817925782295702,0.999,7.189106265246822,0.8566749031510018,underdamped
-1.4625,-0.9639166666666666,0.9817925782295699,0.999,6.663792453776595,0.8237214623508302,underdamped
-1.43,-0.9639166666666666,0.9817925782295702,0.999,6.202371551344116,0.792557778970834,underdamped
-1.3975,-0.9639166666666666,0.9817925782295702,0.999,5.7938447374533535,0.762966852867962,underdamped
-1.365,-0.9639166666666666,0.9817925782295701,0.999,5.429600729486756,0.7347678945324695,underdamped
-1.3325,-0.9639166666666666,0.98179257822957,0.999,5.102801298155266,0.7078086573397083,underdamped
-1.2999999999999998,-0.9639166666666666,0.9817925782295701,0.999,4.807947273869039,0.6819596963504887,underdamped
-1.2675,-0.9639166666666666,0.9817925782295702,0.999,4.540566079707273,0.6571100004270564,underdamped
-1.2349999999999999,-0.9639166666666666,0.9817925782295701,0.999,4.296982859887323,0.6331636213424554,underdamped
-1.2025,-0.9639166666666666,0.9817925782295702,0.999,4.0741502255230015,0.6100370386339132,underdamped
-1.17,-0.9639166666666666,0.9817925782295702,0.999,3.869519819952355,0.5876570754882606,underdamped
-1.1375,-0.9639166666666666,0.9817925782295701,0.999,3.6809441909014518,0.5659592328861454,underdamped
-1.105,-0.9639166666666666,0.9817925782295702,0.999,3.506600941888154,0.5448863451238756,underdamped
-1.0724999999999998,-0.9639166666666666,0.9817925782295702,0.999,3.3449334767895427,0.524387485048385,underdamped
-1.04,-0.9639166666666666,0.9817925782295702,0.999,3.1946042516970974,0.5044170653271383,underdamped
-1.0074999999999998,-0.9639166666666666,0.9817925782295701,0.999,3.0544575589832186,0.48493409508353086,underdamped
-0.9749999999999999,-0.9639166666666666,0.98179257822957,0.999,2.9234896507465633,0.46590156075869177,underdamped
-0.9424999999999999,-0.9639166666666666,0.9817925782295703,0.999,2.800824567038781,0.44728590712665156,underdamped
-0.9099999999999999,-0.9639166666666666,0.9817925782295701,0.999,2.6856944375856364,0.42905659968813564,underdamped
-0.8775,-0.9639166666666666,0.9817925782295702,0.999,2.5774233204514565,0.4111857536839072,underdamped
-0.845,-0.9639166666666666,0.9817925782295701,0.999,2.4754138588003043,0.39364781804435367,underdamped
-0.8125,-0.9639166666666666,0.9817925782295703,0.999,2.3791361993311946,0.3764193049733046,underdamped
-0.78,-0.9639166666666666,0.9817925782295702,0.999,2.2881187382938846,0.35947855772928977,underdamped
-0.7474999999999998,-0.9639166666666666,0.9817925782295701,0.999,2.2019403539539963,0.3428055506486821,underdamped
-0.7149999999999999,-0.9639166666666666,0.9817925782295702,0.999,2.1202238556352624,0.3263817166526649,underdamped
-0.6824999999999999,-0.9639166666666666,0.9817925782295701,0.999,2.0426304345592627,0.3101897984728341,underdamped
-0.6499999999999999,-0.9639166666666666,0.9817925782295701,0.999,1.968854944676375,0.2942137206849923,underdamped
-0.6174999999999999,-0.9639166666666666,0.9817925782295701,0.999,1.898621875535474,0.2784384804190201,underdamped
-0.585,-0.9639166666666666,0.9817925782295703,0.999,1.831681906240005,0.262850055380197,underdamped
-0.5525,-0.9639166666666666,0.9817925782295699,0.999,1.7678089514495026,0.2474353286552869,underdamped
-0.5199999999999998,-0.9639166666666666,0.9817925782295702,0.999,1.7067976286599886,0.23218203080047045,underdamped
-0.4874999999999998,-0.9639166666666666,0.9817925782295702,0.999,1.648461091951946,0.21707870110004934,underdamped
-0.45499999999999985,-0.9639166666666666,0.9817925782295702,0.999,1.5926291924277536,0.20211467195415228,underdamped
-0.4224999999999999,-0.9639166666666666,0.98179257822957,0.999,1.539146941477322,0.18728008365632232,underdamped
-0.3899999999999999,-0.9639166666666666,0.9817925782295707,0.999,1.487873272626639,0.172565942404257,underdamped
-0.35749999999999993,-0.9639166666666666,0.9817925782295704,0.999,1.438680126104564,0.15796424431178438,underdamped
-0.32499999999999996,-0.9639166666666666,0.9817925782295701,0.999,1.3914519274827437,0.14346820672495478,underdamped
-0.2925,-0.9639166666666666,0.9817925782295703,0.999,1.3460856194611812,0.12907268461079618,underdamped
-0.26,-0.9639166666666666,0.98179257822957,0.999,1.3024915841277647,0.1147749258458959,underdamped
-0.2274999999999998,-0.9639166666666666,0.9817925782295702,0.999,1.260596186622849,0.10057598902538946,underdamped
-0.19499999999999984,-0.9639166666666666,0.9817925782295701,0.999,1.2203476200376266,0.08648355851083335,underdamped
-0.16249999999999987,-0.9639166666666666,0.9817925782295704,0.999,1.1817292645558761,0.07251799060857209,underdamped
-0.1299999999999999,-0.9639166666666666,0.9817925782295701,0.999,1.144792437737578,0.05872675190153817,underdamped
-0.09749999999999992,-0.9639166666666666,0.9817925782295706,0.999,1.109747582308458,0.045224207546253614,underdamped
-0.06499999999999995,-0.9639166666666666,0.98179257822957,0.999,1.0772706345287175,0.03232482151290683,underdamped
-0.03249999999999997,-0.9639166666666666,0.9817925782295703,0.999,1.0498056360506411,0.021108900018255067,underdamped
2.220446049250313e-16,-0.9639166666666666,0.9817925782295701,0.999,1.0367720011506854,0.015683260218312775,underdamped
0.032500000000000195,-0.9639166666666666,0.9817925782295703,0.999,1.0498056360506411,0.021108900018255067,underdamped
0.06500000000000017,-0.9639166666666666,0.98179257822957,0.999,1.077270634528718,0.03232482151290701,underdamped
0.09749999999999992,-0.9639166666666666,0.9817925782295706,0.999,1.109747582308458,0.045224207546253614,underdamped
0.13000000000000012,-0.9639166666666666,0.9817925782295702,0.999,1.144792437737578,0.05872675190153817,underdamped
0.1625000000000003,-0.9639166666666666,0.9817925782295701,0.999,1.1817292645558763,0.07251799060857217,underdamped
0.19500000000000006,-0.9639166666666666,0.9817925782295702,0.999,1.2203476200376275,0.08648355851083367,underdamped
0.22750000000000026,-0.9639166666666666,0.98179257822957,0.999,1.2605961866228494,0.10057598902538961,underdamped
0.26,-0.9639166666666666,0.98179257822957,0.999,1.3024915841277647,0.1147749258458959,underdamped
0.2925000000000002,-0.9639166666666666,0.9817925782295702,0.999,1.3460856194611819,0.12907268461079638,underdamped
0.32499999999999996,-0.9639166666666666,0.9817925782295701,0.999,1.3914519274827437,0.14346820672495478,underdamped
0.35750000000000015,-0.9639166666666666,0.9817925782295704,0.999,1.438680126104564,0.15796424431178438,underdamped
0.3899999999999999,-0.9639166666666666,0.9817925782295707,0.999,1.487873272626639,0.172565942404257,underdamped
0.4225000000000001,-0.9639166666666666,0.9817925782295699,0.999,1.5391469414773213,0.18728008365632212,underdamped
0.4550000000000003,-0.9639166666666666,0.9817925782295702,0.999,1.5926291924277538,0.20211467195415234,underdamped
0.48750000000000004,-0.9639166666666666,0.9817925782295702,0.999,1.6484610919519458,0.2170787011000493,underdamped
0.5200000000000002,-0.9639166666666666,0.9817925782295704,0.999,1.706797628659989,0.23218203080047056,underdamped
0.5525,-0.9639166666666666,0.9817925782295699,0.999,1.7678089514495026,0.2474353286552869,underdamped
0.5850000000000002,-0.9639166666666666,0.9817925782295702,0.999,1.8316819062400058,0.2628500553801972,underdamped
0.6174999999999999,-0.9639166666666666,0.9817925782295701,0.999,1.898621875535474,0.2784384804190201,underdamped
0.6500000000000001,-0.9639166666666666,0.9817925782295699,0.999,1.9688549446763755,0.2942137206849924,underdamped
0.6825000000000003,-0.9639166666666666,0.98179257822957,0.999,2.042630434559263,0.31018979847283423,underdamped
0.7150000000000001,-0.9639166666666666,0.9817925782295702,0.999,2.1202238556352633,0.32638171665266513,underdamped
0.7475000000000003,-0.9639166666666666,0.9817925782295701,0.999,2.2019403539539977,0.3428055506486824,underdamped
0.78,-0.9639166666666666,0.9817925782295702,0.999,2.2881187382938846,0.35947855772928977,underdamped
0.8125000000000002,-0.9639166666666666,0.9817925782295703,0.999,2.379136199331194,0.3764193049733045,underdamped
0.845,-0.9639166666666666,0.9817925782295701,0.999,2.4754138588003043,0.39364781804435367,underdamped
0.8775000000000002,-0.9639166666666666,0.9817925782295701,0.999,2.5774233204514574,0.41118575368390736,underdamped
0.9100000000000004,-0.9639166666666666,0.9817925782295702,0.999,2.6856944375856373,0.42905659968813575,underdamped
0.9425000000000001,-0.9639166666666666,0.98179257822957,0.999,2.8008245670387812,0.44728590712665167,underdamped
0.9750000000000003,-0.9639166666666666,0.9817925782295702,0.999,2.923489650746564,0.46590156075869193,underdamped
1.0075,-0.9639166666666666,0.98179257822957,0.999,3.05445755898322,0.484934095083531,underdamped
1.0400000000000003,-0.9639166666666666,0.9817925782295702,0.999,3.1946042516970996,0.5044170653271386,underdamped
1.0725,-0.9639166666666666,0.9817925782295701,0.999,3.3449334767895453,0.5243874850483854,underdamped
1.1050000000000002,-0.9639166666666666,0.9817925782295702,0.999,3.506600941888155,0.5448863451238758,underdamped
1.1375,-0.9639166666666666,0.9817925782295701,0.999,3.6809441909014518,0.5659592328861454,underdamped
1.1700000000000002,-0.9639166666666666,0.98179257822957,0.999,3.869519819952359,0.5876570754882611,underdamped
1.2025000000000003,-0.9639166666666666,0.9817925782295703,0.999,4.074150225523004,0.6100370386339136,underdamped
1.235,-0.9639166666666666,0.9817925782295702,0.999,4.296982859887325,0.6331636213424556,underdamped
1.2675000000000003,-0.9639166666666666,0.9817925782295703,0.999,4.540566079707274,0.6571100004270565,underdamped
1.3,-0.9639166666666666,0.9817925782295703,0.999,4.807947273869047,0.6819596963504895,underdamped
1.3325000000000002,-0.9639166666666666,0.9817925782295702,0.999,5.1028012981552635,0.7078086573397081,underdamped
1.365,-0.9639166666666666,0.9817925782295701,0.999,5.429600729486756,0.7347678945324695,underdamped
1.3975000000000002,-0.9639166666666666,0.9817925782295702,0.999,5.7938447374533535,0.762966852867962,underdamped
1.43,-0.9639166666666666,0.9817925782295702,0.999,6.202371551344116,0.792557778970834,underdamped
1.4625000000000001,-0.9639166666666666,0.9817925782295701,0.999,6.6637924537765905,0.8237214623508299,underdamped
1.4950000000000003,-0.9639166666666666,0.98179257822957,0.999,7.189106265246824,0.8566749031510019,underdamped
1.5275,-0.9639166666666666,0.9817925782295704,0.999,7.792588415395703,0.8916817385203414,underdamped
1.5600000000000003,-0.9639166666666666,0.9817925782295701,0.999,8.493109271253743,0.9290667116977702,underdamped
1.5925,-0.9639166666666666,0.9817925782295702,0.999,9.316144675624678,0.9692362243170854,underdamped
1.6250000000000002,-0.9639166666666666,0.9817925782295699,0.999,10.296943394256138,1.0127083252862392,underdamped
1.6575,-0.9639166666666666,0.9817925782295702,0.999,11.485710520728105,1.0601578663736106,underdamped
1.6900000000000002,-0.9639166666666666,0.9817925782295701,0.999,12.956481396462962,1.1124870757956478,underdamped
1.7225000000000004,-0.9639166666666666,0.9817925782295702,0.999,14.82316432408824,1.1709409230629146,underdamped
1.7550000000000001,-0.9639166666666666,0.9817925782295702,0.999,17.270559850842048,1.2373064160961487,underdamped
1.7875000000000003,-0.9639166666666666,0.9817925782295702,0.999,20.61967366348651,1.314281787656103,underdamped
1.82,-0.9639166666666666,0.98179257822957,0.999,25.481546841355982,1.4062257880383024,underdamped
1.8525000000000003,-0.9639166666666666,0.9817925782295702,0.999,33.18040270489583,1.5208816526784796,underdamped
1.885,-0.9639166666666666,0.9817925782295703,0.999,47.22283849155163,1.674152088294762,underdamped
1.9175000000000002,-0.9639166666666666,0.9817925782295701,0.999,80.94387804301935,1.9081840077197152,underdamped
1.95,-0.9639166666666666,0.9817925782295703,0.999,272.56037206989396,2.435462713412006,underdamped
-1.9175,-0.9478333333333333,0.973567323472462,0.993567323472462,123.7645979090399,2.0925964352213047,underdamped
-1.885,-0.9478333333333333,0.973567323472462,0.993567323472462,58.98578710146977,1.7707473789811259,underdamped
-1.8525,-0.9478333333333333,0.9735673234724619,0.9935673234724619,38.511539347505334,1.5855908781856027,underdamped
-1.8199999999999998,-0.9478333333333333,0.9735673234724619,0.9935673234724619,28.471786522832243,1.4544147187333725,underdamped
-1.7874999999999999,-0.9478333333333333,0.9735673234724618,0.9935673234724618,22.509487789157845,1.3523656125983314,underdamped
-1.755,-0.9478333333333333,0.9735673234724616,0.9935673234724616,18.55983858828363,1.268574194915033,underdamped
-1.7225,-0.9478333333333333,0.973567323472462,0.993567323472462,15.750835164287977,1.197303586546291,underdamped
-1.69,-0.9478333333333333,0.973567323472462,0.993567323472462,13.650645031202494,1.135153173492031,underdamped
-1.6575,-0.9478333333333333,0.9735673234724619,0.9935673234724619,12.020990946160097,1.0799402700552663,underdamped
-1.625,-0.9478333333333333,0.973567323472462,0.993567323472462,10.719634334694579,1.0301799710719641,underdamped
-1.5924999999999998,-0.9478333333333333,0.9735673234724618,0.9935673234724618,9.65641854064353,0.9848160812351742,underdamped
-1.56,-0.9478333333333333,0.9735673234724619,0.9935673234724619,8.771430121812125,0.9430704078901151,underdamped
-1.5274999999999999,-0.9478333333333333,0.9735673234724619,0.9935673234724619,8.02329864539204,0.9043529579300177,underdamped
-1.4949999999999999,-0.9478333333333333,0.9735673234724617,0.9935673234724617,7.382538145801831,0.8682056996558689,underdamped
-1.4625,-0.9478333333333333,0.9735673234724617,0.9935673234724617,6.827565523024889,0.8342658766845796,underdamped
-1.43,-0.9478333333333333,0.973567323472462,0.993567323472462,6.342219146895317,0.8022412444149793,underdamped
-1.3975,-0.9478333333333333,0.9735673234724619,0.9935673234724619,5.914157169642749,0.7718928617865781,underdamped
-1.365,-0.9478333333333333,0.973567323472462,0.993567323472462,5.533791991651177,0.7430228305230597,underdamped
-1.3325,-0.9478333333333333,0.9735673234724619,0.9935673234724619,5.1935625593842705,0.7154653673098353,underdamped
-1.2999999999999998,-0.9478333333333333,0.9735673234724619,0.9935673234724619,4.887425804564185,0.6890801774805596,underdamped
-1.2675,-0.9478333333333333,0.973567323472462,0.993567323472462,4.610493913035895,0.663747452985297,underdamped
-1.2349999999999999,-0.9478333333333333,0.9735673234724616,0.9935673234724616,4.358770862653512,0.6393640390794421,underdamped
-1.2025,-0.9478333333333333,0.973567323472462,0.993567323472462,4.1289579180858365,0.6158404566125946,underdamped
-1.17,-0.9478333333333333,0.9735673234724617,0.9935673234724617,3.9183079064923203,0.593098560509248,underdamped
-1.1375,-0.9478333333333333,0.973567323472462,0.993567323472462,3.724514574004961,0.5710696780054799,underdamped
-1.105,-0.9478333333333333,0.973567323472462,0.993567323472462,3.545627550701961,0.5496931133375842,underdamped
-1.0724999999999998,-0.9478333333333333,0.9735673234724618,0.9935673234724618,3.379986266298646,0.5289149356377637,underdamped
-1.04,-0.9478333333333333,0.973567323472462,0.993567323472462,3.2261680662006667,0.5086869880753574,underdamped
-1.0074999999999998,-0.9478333333333333,0.9735673234724619,0.9935673234724619,3.0829470914850936,0.4889660715726848,underdamped
-0.9749999999999999,-0.9478333333333333,0.9735673234724619,0.9935673234724619,2.9492614051344055,0.46971326755895015,underdamped
-0.9424999999999999,-0.9478333333333333,0.973567323472462,0.993567323472462,2.824186498234201,0.45089337243629507,underdamped
-0.9099999999999999,-0.9478333333333333,0.9735673234724619,0.9935673234724619,2.7069137776162457,0.4324744225596271,underdamped
-0.8775,-0.9478333333333333,0.9735673234724621,0.9935673234724621,2.596732976360935,0.4144272931582775,underdamped
-0.845,-0.9478333333333333,0.9735673234724618,0.9935673234724618,2.493017678361804,0.39672535816191984,underdamped
-0.8125,-0.9478333333333333,0.9735673234724618,0.9935673234724618,2.3952133336255303,0.37934420062751495,underdamped
-0.78,-0.9478333333333333,0.9735673234724621,0.9935673234724621,2.302827280059238,0.3622613656107052,underdamped
-0.7474999999999998,-0.9478333333333333,0.9735673234724619,0.9935673234724619,2.215420392777258,0.3454561490421022,underdamped
-0.7149999999999999,-0.9478333333333333,0.9735673234724618,0.9935673234724618,2.1326000623984664,0.32890941757835795,underdamped
-0.6824999999999999,-0.9478333333333333,0.9735673234724622,0.9935673234724622,2.0540142658502245,0.31260345559938835,underdamped
-0.6499999999999999,-0.9478333333333333,0.9735673234724621,0.9935673234724621,1.9793465415517835,0.29652183660566295,underdamped
-0.6174999999999999,-0.9478333333333333,0.9735673234724621,0.9935673234724621,1.908311719014273,0.28064931732318465,underdamped
-0.585,-0.9478333333333333,0.9735673234724619,0.9935673234724619,1.840652283533096,0.26497175395449046,underdamped
-0.5525,-0.9478333333333333,0.9735673234724621,0.9935673234724621,1.7761352818908824,0.24947604136441942,underdamped
-0.5199999999999998,-0.9478333333333333,0.9735673234724616,0.9935673234724616,1.7145496966786473,0.23415007777438557,underdamped
-0.4874999999999998,-0.9478333333333333,0.9735673234724618,0.9935673234724618,1.6557042368004986,0.2189827601074622,underdamped
-0.45499999999999985,-0.9478333333333333,0.9735673234724619,0.9935673234724619,1.5994255121083658,0.20396401907871747,underdamped
-0.4224999999999999,-0.9478333333333333,0.973567323472462,0.993567323472462,1.5455565839912822,0.1890849095386534,underdamped
-0.3899999999999999,-0.9478333333333333,0.9735673234724617,0.9935673234724617,1.4939559162210474,0.17433778246973541,underdamped
-0.35749999999999993,-0.9478333333333333,0.9735673234724619,0.9935673234724619,1.4444968008510888,0.15971658434272357,underdamped
-0.32499999999999996,-0.9478333333333333,0.9735673234724619,0.9935673234724619,1.3970674212502607,0.14521736529128282,underdamped
-0.2925,-0.9478333333333333,0.9735673234724618,0.9935673234724618,1.3515718783155635,0.13083914698312765,underdamped
-0.26,-0.9478333333333333,0.973567323472462,0.993567323472462,1.3079328367586296,0.11658544324358833,underdamped
-0.2274999999999998,-0.9478333333333333,0.973567323472462,0.993567323472462,1.266097164314427,0.10246703609709519,underdamped
-0.19499999999999984,-0.9478333333333333,0.973567323472462,0.993567323472462,1.2260476071734814,0.0885073340741772,underdamped
-0.16249999999999987,-0.9478333333333333,0.9735673234724621,0.9935673234724621,1.1878277900109302,0.07475348166437061,underdamped
-0.1299999999999999,-0.9478333333333333,0.9735673234724618,0.9935673234724618,1.1515997287524338,0.061301553912422375,underdamped
-0.09749999999999992,-0.9478333333333333,0.973567323472462,0.993567323472462,1.1177901792693417,0.04836028965287845,underdamped
-0.06499999999999995,-0.9478333333333333,0.973567323472462,0.993567323472462,1.0875084722525192,0.03643264901811028,underdamped
-0.03249999999999997,-0.9478333333333333,0.9735673234724619,0.9935673234724619,1.0637987008352157,0.026859455602495776,underdamped
2.220446049250313e-16,-0.9478333333333333,0.9735673234724619,0.9935673234724619,1.0538894300641601,0.022795048796886624,underdamped
0.032500000000000195,-0.9478333333333333,0.9735673234724619,0.9935673234724619,1.063798700835216,0.026859455602495957,underdamped
0.06500000000000017,-0.9478333333333333,0.973567323472462,0.993567323472462,1.0875084722525197,0.03643264901811046,underdamped
0.09749999999999992,-0.9478333333333333,0.973567323472462,0.993567323472462,1.1177901792693417,0.04836028965287845,underdamped
0.13000000000000012,-0.9478333333333333,0.973567323472462,0.993567323472462,1.1515997287524344,0.06130155391242263,underdamped
0.1625000000000003,-0.9478333333333333,0.9735673234724619,0.9935673234724619,1.1878277900109309,0.07475348166437085,underdamped
0.19500000000000006,-0.9478333333333333,0.9735673234724619,0.9935673234724619,1.2260476071734814,0.0885073340741772,underdamped
0.22750000000000026,-0.9478333333333333,0.9735673234724618,0.9935673234724618,1.2660971643144279,0.1024670360970955,underdamped
0.26,-0.9478333333333333,0.973567323472462,0.993567323472462,1.3079328367586296,0.11658544324358833,underdamped
0.2925000000000002,-0.9478333333333333,0.973567323472462,0.993567323472462,1.3515718783155632,0.13083914698312757,underdamped
0.32499999999999996,-0.9478333333333333,0.9735673234724619,0.9935673234724619,1.3970674212502607,0.14521736529128282,underdamped
0.35750000000000015,-0.9478333333333333,0.9735673234724621,0.9935673234724621,1.4444968008510894,0.15971658434272376,underdamped
0.3899999999999999,-0.9478333333333333,0.9735673234724617,0.9935673234724617,1.4939559162210474,0.17433778246973541,underdamped
0.4225000000000001,-0.9478333333333333,0.9735673234724619,0.9935673234724619,1.5455565839912828,0.18908490953865356,underdamped
0.4550000000000003,-0.9478333333333333,0.973567323472462,0.993567323472462,1.5994255121083665,0.20396401907871767,underdamped
0.48750000000000004,-0.9478333333333333,0.9735673234724617,0.9935673234724617,1.6557042368004993,0.2189827601074624,underdamped
0.5200000000000002,-0.9478333333333333,0.9735673234724621,0.9935673234724621,1.7145496966786473,0.23415007777438557,underdamped
0.5525,-0.9478333333333333,0.9735673234724621,0.9935673234724621,1.7761352818908824,0.24947604136441942,underdamped
0.5850000000000002,-0.9478333333333333,0.9735673234724621,0.9935673234724621,1.840652283533096,0.26497175395449046,underdamped
0.6174999999999999,-0.9478333333333333,0.9735673234724621,0.9935673234724621,1.908311719014273,0.28064931732318465,underdamped
0.6500000000000001,-0.9478333333333333,0.973567323472462,0.993567323472462,1.979346541551784,0.296521836605663,underdamped
0.6825000000000003,-0.9478333333333333,0.9735673234724623,0.9935673234724623,2.0540142658502263,0.31260345559938874,underdamped
0.7150000000000001,-0.9478333333333333,0.973567323472462,0.993567323472462,2.132600062398468,0.3289094175783583,underdamped
0.7475000000000003,-0.9478333333333333,0.9735673234724618,0.9935673234724618,2.215420392777259,0.34545614904210237,underdamped
0.78,-0.9478333333333333,0.9735673234724621,0.9935673234724621,2.302827280059238,0.3622613656107052,underdamped
0.8125000000000002,-0.9478333333333333,0.9735673234724619,0.9935673234724619,2.3952133336255326,0.37934420062751534,underdamped
0.845,-0.9478333333333333,0.9735673234724618,0.9935673234724618,2.493017678361804,0.39672535816191984,underdamped
0.8775000000000002,-0.9478333333333333,0.973567323472462,0.993567323472462,2.596732976360936,0.41442729315827764,underdamped
0.9100000000000004,-0.9478333333333333,0.9735673234724618,0.9935673234724618,2.706913777616247,0.43247442255962726,underdamped
0.9425000000000001,-0.9478333333333333,0.9735673234724619,0.9935673234724619,2.824186498234204,0.45089337243629557,underdamped
0.9750000000000003,-0.9478333333333333,0.9735673234724619,0.9935673234724619,2.9492614051344077,0.4697132675589505,underdamped
1.0075,-0.9478333333333333,0.9735673234724617,0.9935673234724617,3.082947091485096,0.4889660715726851,underdamped
1.0400000000000003,-0.9478333333333333,0.9735673234724619,0.9935673234724619,3.2261680662006675,0.5086869880753575,underdamped
1.0725,-0.9478333333333333,0.9735673234724618,0.9935673234724618,3.3799862662986464,0.5289149356377637,underdamped
1.1050000000000002,-0.9478333333333333,0.973567323472462,0.993567323472462,3.5456275507019632,0.5496931133375844,underdamped
1.1375,-0.9478333333333333,0.973567323472462,0.993567323472462,3.724514574004961,0.5710696780054799,underdamped
1.1700000000000002,-0.9478333333333333,0.9735673234724621,0.9935673234724621,3.9183079064923216,0.5930985605092481,underdamped
1.2025000000000003,-0.9478333333333333,0.973567323472462,0.993567323472462,4.12895791808584,0.6158404566125949,underdamped
1.235,-0.9478333333333333,0.973567323472462,0.993567323472462,4.358770862653509,0.6393640390794418,underdamped
1.2675000000000003,-0.9478333333333333,0.973567323472462,0.993567323472462,4.610493913035895,0.663747452985297,underdamped
1.3,-0.9478333333333333,0.9735673234724621,0.9935673234724621,4.887425804564183,0.6890801774805594,underdamped
1.3325000000000002,-0.9478333333333333,0.9735673234724619,0.9935673234724619,5.193562559384274,0.7154653673098357,underdamped
1.365,-0.9478333333333333,0.973567323472462,0.993567323472462,5.533791991651177,0.7430228305230597,underdamped
1.3975000000000002,-0.9478333333333333,0.9735673234724619,0.9935673234724619,5.914157169642751,0.7718928617865782,underdamped
1.43,-0.9478333333333333,0.973567323472462,0.993567323472462,6.342219146895317,0.8022412444149793,underdamped
1.4625000000000001,-0.9478333333333333,0.9735673234724617,0.9935673234724617,6.827565523024887,0.8342658766845795,underdamped
1.4950000000000003,-0.9478333333333333,0.973567323472462,0.993567323472462,7.3825381458018455,0.8682056996558698,underdamped
1.5275,-0.9478333333333333,0.9735673234724619,0.9935673234724619,8.023298645392032,0.9043529579300171,underdamped
1.5600000000000003,-0.9478333333333333,0.9735673234724622,0.9935673234724622,8.771430121812115,0.9430704078901145,underdamped
1.5925,-0.9478333333333333,0.9735673234724619,0.9935673234724619,9.656418540643536,0.9848160812351745,underdamped
1.6250000000000002,-0.9478333333333333,0.973567323472462,0.993567323472462,10.719634334694595,1.0301799710719648,underdamped
1.6575,-0.9478333333333333,0.9735673234724619,0.9935673234724619,12.020990946160097,1.0799402700552663,underdamped
1.6900000000000002,-0.9478333333333333,0.9735673234724619,0.9935673234724619,13.650645031202501,1.1351531734920313,underdamped
1.7225000000000004,-0.9478333333333333,0.973567323472462,0.993567323472462,15.75083516428803,1.1973035865462924,underdamped
1.7550000000000001,-0.9478333333333333,0.9735673234724619,0.9935673234724619,18.559838588283686,1.2685741949150344,underdamped
1.7875000000000003,-0.9478333333333333,0.973567323472462,0.993567323472462,22.50948778915795,1.3523656125983334,underdamped
1.82,-0.9478333333333333,0.9735673234724619,0.9935673234724619,28.471786522832222,1.454414718733372,underdamped
1.8525000000000003,-0.9478333333333333,0.9735673234724621,0.9935673234724621,38.51153934750536,1.5855908781856032,underdamped
1.885,-0.9478333333333333,0.973567323472462,0.993567323472462,58.98578710146977,1.7707473789811259,underdamped
1.9175000000000002,-0.9478333333333333,0.9735673234724619,0.9935673234724619,123.76459790904197,2.092596435221312,underdamped
-1.9175,-0.93175,0.9652719823966712,0.9852719823966712,275.1717156933868,2.4396037916653146,underdamped
-1.885,-0.93175,0.9652719823966713,0.9852719823966714,79.92117096918614,1.902661838352692,underdamped
-1.8525,-0.93175,0.9652719823966717,0.9852719823966717,46.44570550238095,1.6669455641242592,underdamped
-1.8199999999999998,-0.93175,0.9652719823966714,0.9852719823966715,32.58147840945385,1.512970786863236,underdamped
-1.7874999999999999,-0.93175,0.9652719823966713,0.9852719823966714,24.999131393224808,1.3979249191647227,underdamped
-1.755,-0.93175,0.9652719823966716,0.9852719823966716,20.217655889940055,1.305730800459777,underdamped
-1.7225,-0.93175,0.9652719823966714,0.9852719823966715,16.926977571279053,1.2285794187529087,underdamped
-1.69,-0.93175,0.9652719823966712,0.9852719823966712,14.52384804589322,1.1620816965080472,underdamped
-1.6575,-0.93175,0.9652719823966714,0.9852719823966715,12.691807420983238,1.1035234737152615,underdamped
-1.625,-0.93175,0.9652719823966712,0.9852719823966712,11.24886157396973,1.0511085724775753,underdamped
-1.5924999999999998,-0.93175,0.9652719823966713,0.9852719823966714,10.082921093632011,1.003586368524626,underdamped
-1.56,-0.93175,0.9652719823966714,0.9852719823966715,9.121178510742826,0.9600509553948529,underdamped
-1.5274999999999999,-0.93175,0.9652719823966717,0.9852719823966717,8.314286473015956,0.9198249842677003,underdamped
-1.4949999999999999,-0.93175,0.9652719823966713,0.9852719823966714,7.627613007861191,0.8823886507067041,underdamped
-1.4625,-0.93175,0.9652719823966713,0.9852719823966714,7.036136926323537,0.847334282429556,underdamped
-1.43,-0.93175,0.9652719823966714,0.9852719823966715,6.521330244772226,0.8143361937438284,underdamped
-1.3975,-0.93175,0.9652719823966714,0.9852719823966715,6.069180222420809,0.7831300339216363,underdamped
-1.365,-0.93175,0.9652719823966713,0.9852719823966714,5.668892913099402,0.7534982531297462,underdamped
-1.3325,-0.93175,0.9652719823966714,0.9852719823966715,5.312019154561976,0.7252596323813412,underdamped
-1.2999999999999998,-0.93175,0.9652719823966713,0.9852719823966714,4.9918506781994,0.6982615857681284,underdamped
-1.2675,-0.93175,0.9652719823966713,0.9852719823966714,4.702993713743364,0.6723743982467401,underdamped
-1.2349999999999999,-0.93175,0.9652719823966713,0.9852719823966714,4.441062067502963,0.6474868428394445,underdamped
-1.2025,-0.93175,0.9652719823966714,0.9852719823966715,4.202452361849487,0.623502799064951,underdamped
-1.17,-0.93175,0.9652719823966713,0.9852719823966714,3.984176872486627,0.6003386101331548,underdamped
-1.1375,-0.93175,0.9652719823966714,0.9852719823966715,3.783737449104871,0.5779209933849035,underdamped
-1.105,-0.93175,0.9652719823966717,0.9852719823966717,3.599029203612487,0.5561853706641082,underdamped
-1.0724999999999998,-0.93175,0.9652719823966713,0.9852719823966714,3.428266077421219,0.5350745213816641,underdamped
-1.04,-0.93175,0.9652719823966716,0.9852719823966716,3.269922701381528,0.5145374863727487,underdamped
-1.0074999999999998,-0.93175,0.9652719823966718,0.9852719823966718,3.1226885349077014,0.49452866872695284,underdamped
-0.9749999999999999,-0.93175,0.9652719823966713,0.9852719823966714,2.985431362513384,0.47500709085045595,underdamped
-0.9424999999999999,-0.93175,0.9652719823966716,0.9852719823966716,2.857167994639148,0.45593577660949053,underdamped
-0.9099999999999999,-0.93175,0.9652719823966714,0.9852719823966715,2.737040568132672,0.4372812345257941,underdamped
-0.8775,-0.93175,0.9652719823966714,0.9852719823966715,2.624297237980198,0.4190130233498836,underdamped
-0.845,-0.93175,0.9652719823966716,0.9852719823966716,2.518276341466137,0.4011033854179187,underdamped
-0.8125,-0.93175,0.9652719823966714,0.9852719823966715,2.4183933298741147,0.3835269363518396,underdamped
-0.78,-0.93175,0.9652719823966714,0.9852719823966715,2.3241299225330017,0.36626040214428923,underdamped
-0.7474999999999998,-0.93175,0.9652719823966713,0.9852719823966714,2.235025058403425,0.3492823966694433,underdamped
-0.7149999999999999,-0.93175,0.9652719823966714,0.9852719823966715,2.15066731207158,0.3325732343269656,underdamped
-0.6824999999999999,-0.93175,0.9652719823966718,0.9852719823966718,2.070688511553687,0.3161147739839197,underdamped
-0.6499999999999999,-0.93175,0.9652719823966713,0.9852719823966714,1.9947583502410786,0.2998902917453886,underdamped
-0.6174999999999999,-0.93175,0.9652719823966714,0.9852719823966715,1.9225798287440874,0.2838843814842791,underdamped
-0.585,-0.93175,0.9652719823966717,0.9852719823966717,1.8538853974849647,0.26808288364978,underdamped
-0.5525,-0.93175,0.9652719823966713,0.9852719823966714,1.7884337002239914,0.2524728448704647,underdamped
-0.5199999999999998,-0.93175,0.9652719823966716,0.9852719823966716,1.7260068445992727,0.23704251360734896,underdamped
-0.4874999999999998,-0.93175,0.9652719823966713,0.9852719823966714,1.666408150646878,0.2217813811429457,underdamped
-0.45499999999999985,-0.93175,0.9652719823966716,0.9852719823966716,1.6094603551920033,0.20668028345505796,underdamped
-0.4224999999999999,-0.93175,0.9652719823966714,0.9852719823966715,1.5550042834990025,0.1917315896956009,underdamped
-0.3899999999999999,-0.93175,0.9652719823966712,0.9852719823966712,1.502898047298324,0.1769295201760271,underdamped
-0.35749999999999993,-0.93175,0.9652719823966712,0.9852719823966712,1.453016904391302,0.1622706669072141,underdamped
-0.32499999999999996,-0.93175,0.9652719823966714,0.9852719823966715,1.4052540472161554,0.14775484476099904,underdamped
-0.2925,-0.93175,0.9652719823966713,0.9852719823966714,1.359522833637654,0.13338650610487882,underdamped
-0.26,-0.93175,0.9652719823966716,0.9852719823966716,1.315761458899884,0.11917716095442481,underdamped
-0.2274999999999998,-0.93175,0.9652719823966714,0.9852719823966715,1.2739420850141157,0.10514968488276603,underdamped
-0.19499999999999984,-0.93175,0.9652719823966713,0.9852719823966714,1.2340887090844814,0.09134637888781336,underdamped
-0.16249999999999987,-0.93175,0.9652719823966717,0.9852719823966717,1.1963134290559407,0.07784497787681262,underdamped
-0.1299999999999999,-0.93175,0.9652719823966714,0.9852719823966715,1.1608943365274296,0.06479269247638465,underdamped
-0.09749999999999992,-0.93175,0.9652719823966716,0.9852719823966716,1.1284537744743388,0.052483773514007445,underdamped
-0.06499999999999995,-0.93175,0.9652719823966714,0.9852719823966715,1.1003810837182366,0.04154311597118986,underdamped
-0.03249999999999997,-0.93175,0.9652719823966716,0.9852719823966716,1.079717043344745,0.033309956769588214,underdamped
2.220446049250313e-16,-0.93175,0.9652719823966714,0.9852719823966715,1.0716953501883257,0.030071346424066968,underdamped
0.032500000000000195,-0.93175,0.9652719823966712,0.9852719823966712,1.0797170433447456,0.03330995676958848,underdamped
0.06500000000000017,-0.93175,0.9652719823966716,0.9852719823966716,1.1003810837182368,0.041543115971189946,underdamped
0.09749999999999992,-0.93175,0.9652719823966716,0.9852719823966716,1.1284537744743388,0.052483773514007445,underdamped
0.13000000000000012,-0.93175,0.9652719823966717,0.9852719823966717,1.16089433652743,0.06479269247638482,underdamped
0.1625000000000003,-0.93175,0.9652719823966714,0.9852719823966715,1.1963134290559414,0.07784497787681287,underdamped
0.19500000000000006,-0.93175,0.9652719823966713,0.9852719823966714,1.2340887090844812,0.09134637888781329,underdamped
0.22750000000000026,-0.93175,0.9652719823966714,0.9852719823966715,1.2739420850141163,0.10514968488276626,underdamped
0.26,-0.93175,0.9652719823966716,0.9852719823966716,1.315761458899884,0.11917716095442481,underdamped
0.2925000000000002,-0.93175,0.9652719823966712,0.9852719823966712,1.3595228336376548,0.1333865061048791,underdamped
0.32499999999999996,-0.93175,0.9652719823966714,0.9852719823966715,1.4052540472161554,0.14775484476099904,underdamped
0.35750000000000015,-0.93175,0.9652719823966713,0.9852719823966714,1.453016904391302,0.1622706669072141,underdamped
0.3899999999999999,-0.93175,0.9652719823966712,0.9852719823966712,1.502898047298324,0.1769295201760271,underdamped
0.4225000000000001,-0.93175,0.9652719823966714,0.9852719823966715,1.555004283499002,0.19173158969560075,underdamped
0.4550000000000003,-0.93175,0.9652719823966716,0.9852719823966716,1.6094603551920044,0.20668028345505826,underdamped
0.48750000000000004,-0.93175,0.9652719823966713,0.9852719823966714,1.666408150646878,0.2217813811429457,underdamped
0.5200000000000002,-0.93175,0.9652719823966714,0.9852719823966715,1.726006844599274,0.2370425136073493,underdamped
0.5525,-0.93175,0.9652719823966713,0.9852719823966714,1.7884337002239914,0.2524728448704647,underdamped
0.5850000000000002,-0.93175,0.9652719823966718,0.9852719823966718,1.8538853974849643,0.26808288364977995,underdamped
0.6174999999999999,-0.93175,0.9652719823966714,0.9852719823966715,1.9225798287440874,0.2838843814842791,underdamped
0.6500000000000001,-0.93175,0.9652719823966712,0.9852719823966712,1.9947583502410793,0.2998902917453888,underdamped
0.6825000000000003,-0.93175,0.9652719823966717,0.9852719823966717,2.070688511553689,0.31611477398392007,underdamped
0.7150000000000001,-0.93175,0.9652719823966711,0.9852719823966711,2.15066731207158,0.3325732343269656,underdamped
0.7475000000000003,-0.93175,0.9652719823966713,0.9852719823966714,2.235025058403425,0.3492823966694433,underdamped
0.78,-0.93175,0.9652719823966714,0.9852719823966715,2.3241299225330017,0.36626040214428923,underdamped
0.8125000000000002,-0.93175,0.9652719823966713,0.9852719823966714,2.418393329874116,0.3835269363518398,underdamped
0.845,-0.93175,0.9652719823966716,0.9852719823966716,2.518276341466137,0.4011033854179187,underdamped
0.8775000000000002,-0.93175,0.9652719823966711,0.9852719823966711,2.6242972379802,0.4190130233498839,underdamped
0.9100000000000004,-0.93175,0.9652719823966712,0.9852719823966712,2.7370405681326733,0.43728123452579426,underdamped
0.9425000000000001,-0.93175,0.9652719823966713,0.9852719823966714,2.857167994639151,0.45593577660949103,underdamped
0.9750000000000003,-0.93175,0.9652719823966714,0.9852719823966715,2.9854313625133853,0.47500709085045617,underdamped
1.0075,-0.93175,0.9652719823966714,0.9852719823966715,3.122688534907704,0.4945286687269532,underdamped
1.0400000000000003,-0.93175,0.9652719823966714,0.9852719823966715,3.269922701381528,0.5145374863727487,underdamped
1.0725,-0.93175,0.9652719823966716,0.9852719823966716,3.4282660774212204,0.5350745213816643,underdamped
1.1050000000000002,-0.93175,0.9652719823966717,0.9852719823966717,3.599029203612487,0.5561853706641082,underdamped
1.1375,-0.93175,0.9652719823966714,0.9852719823966715,3.783737449104871,0.5779209933849035,underdamped
1.1700000000000002,-0.93175,0.9652719823966716,0.9852719823966716,3.984176872486631,0.6003386101331553,underdamped
1.2025000000000003,-0.93175,0.9652719823966714,0.9852719823966715,4.202452361849489,0.6235027990649512,underdamped
1.235,-0.93175,0.9652719823966712,0.9852719823966712,4.441062067502964,0.6474868428394446,underdamped
1.2675000000000003,-0.93175,0.9652719823966713,0.9852719823966714,4.702993713743366,0.6723743982467402,underdamped
1.3,-0.93175,0.9652719823966713,0.9852719823966714,4.991850678199408,0.6982615857681291,underdamped
1.3325000000000002,-0.93175,0.9652719823966714,0.9852719823966715,5.3120191545619795,0.7252596323813415,underdamped
1.365,-0.93175,0.9652719823966713,0.9852719823966714,5.668892913099402,0.7534982531297462,underdamped
1.3975000000000002,-0.93175,0.9652719823966717,0.9852719823966717,6.0691802224208145,0.7831300339216366,underdamped
1.43,-0.93175,0.9652719823966714,0.9852719823966715,6.521330244772226,0.8143361937438284,underdamped
1.4625000000000001,-0.93175,0.9652719823966713,0.9852719823966714,7.036136926323553,0.847334282429557,underdamped
1.4950000000000003,-0.93175,0.9652719823966711,0.9852719823966711,7.627613007861203,0.8823886507067049,underdamped
1.5275,-0.93175,0.9652719823966713,0.9852719823966714,8.314286473015958,0.9198249842677004,underdamped
1.5600000000000003,-0.93175,0.9652719823966714,0.9852719823966715,9.121178510742835,0.9600509553948533,underdamped
1.5925,-0.93175,0.9652719823966717,0.9852719823966717,10.082921093632027,1.0035863685246267,underdamped
1.6250000000000002,-0.93175,0.9652719823966713,0.9852719823966714,11.248861573969764,1.0511085724775766,underdamped
1.6575,-0.93175,0.9652719823966714,0.9852719823966715,12.691807420983238,1.1035234737152615,underdamped
1.6900000000000002,-0.93175,0.9652719823966713,0.9852719823966714,14.523848045893233,1.1620816965080476,underdamped
1.7225000000000004,-0.93175,0.9652719823966711,0.9852719823966711,16.926977571279103,1.22857941875291,underdamped
1.7550000000000001,-0.93175,0.9652719823966714,0.9852719823966715,20.217655889940154,1.3057308004597792,underdamped
1.7875000000000003,-0.93175,0.9652719823966718,0.9852719823966718,24.99913139322484,1.3979249191647234,underdamped
1.82,-0.93175,0.9652719823966714,0.9852719823966715,32.58147840945386,1.512970786863236,underdamped
1.8525000000000003,-0.93175,0.9652719823966714,0.9852719823966715,46.44570550238112,1.6669455641242608,underdamped
1.885,-0.93175,0.9652719823966713,0.9852719823966714,79.92117096918614,1.902661838352692,underdamped
1.9175000000000002,-0.93175,0.9652719823966712,0.9852719823966712,275.17171569340314,2.4396037916653404,underdamped
-1.885,-0.9156666666666666,0.9569047322835575,0.9769047322835576,125.13389198915094,2.097374952462287,underdamped
-1.8525,-0.9156666666666666,0.9569047322835573,0.9769047322835573,58.77680001909055,1.769205938118338,underdamped
-1.8199999999999998,-0.9156666666666666,0.9569047322835573,0.9769047322835573,38.197898079849054,1.5820394655965697,underdamped
-1.7874999999999999,-0.9156666666666666,0.9569047322835573,0.9769047322835573,28.17455794111524,1.4498571106900897,underdamped
-1.755,-0.9156666666666666,0.9569047322835577,0.9769047322835577,22.24292984129072,1.3471919919972717,underdamped
-1.7225,-0.9156666666666666,0.9569047322835575,0.9769047322835576,18.322145492119922,1.2629763274558414,underdamped
-1.69,-0.9156666666666666,0.9569047322835574,0.9769047322835575,15.537804316926453,1.1913896476427923,underdamped
-1.6575,-0.9156666666666666,0.9569047322835574,0.9769047322835575,13.45829385418875,1.1289900066430418,underdamped
-1.625,-0.9156666666666666,0.9569047322835571,0.9769047322835571,11.846005662695612,1.073571935908915,underdamped
-1.5924999999999998,-0.9156666666666666,0.9569047322835573,0.9769047322835573,10.559344032053646,1.0236369397784764,underdamped
-1.56,-0.9156666666666666,0.9569047322835574,0.9769047322835575,9.508679585702206,0.9781202132089983,underdamped
-1.5274999999999999,-0.9156666666666666,0.9569047322835574,0.9769047322835575,8.63451293660438,0.936237844519459,underdamped
-1.4949999999999999,-0.9156666666666666,0.9569047322835574,0.9769047322835575,7.895795535640308,0.8973958936011859,underdamped
-1.4625,-0.9156666666666666,0.9569047322835573,0.9769047322835573,7.2632922278353,0.8611335177099589,underdamped
-1.43,-0.9156666666666666,0.9569047322835575,0.9769047322835576,6.71561677691025,0.8270859053901038,underdamped
-1.3975,-0.9156666666666666,0.9569047322835573,0.9769047322835573,6.236763508962648,0.794959276406466,underdamped
-1.365,-0.9156666666666666,0.9569047322835573,0.9769047322835573,5.814515346002316,0.7645135210715697,underdamped
-1.3325,-0.9156666666666666,0.9569047322835572,0.9769047322835572,5.439385488861265,0.7355498383247819,underdamped
-1.2999999999999998,-0.9156666666666666,0.9569047322835574,0.9769047322835575,5.103895091695437,0.7079017390739957,underdamped
-1.2675,-0.9156666666666666,0.9569047322835573,0.9769047322835573,4.802068734556002,0.6814283720526932,underdamped
-1.2349999999999999,-0.9156666666666666,0.9569047322835575,0.9769047322835576,4.5290747441482795,0.6560094879833096,underdamped
-1.2025,-0.9156666666666666,0.9569047322835572,0.9769047322835572,4.280964062454972,0.6315415820639265,underdamped
-1.17,-0.9156666666666666,0.9569047322835574,0.9769047322835575,4.054477538404674,0.6079348987921608,underdamped
-1.1375,-0.9156666666666666,0.9569047322835574,0.9769047322835575,3.8469016018436526,0.5851110778267374,underdamped
-1.105,-0.9156666666666666,0.9569047322835573,0.9769047322835573,3.6559587181717768,0.5630012831855846,underdamped
-1.0724999999999998,-0.9156666666666666,0.9569047322835572,0.9769047322835572,3.4797232235141284,0.5415447016244979,underdamped
-1.04,-0.9156666666666666,0.9569047322835573,0.9769047322835573,3.3165559360710186,0.5206873263810029,underdamped
-1.0074999999999998,-0.9156666666666666,0.9569047322835575,0.9769047322835576,3.165052833193939,0.5003809639499236,underdamped
-0.9749999999999999,-0.9156666666666666,0.9569047322835571,0.9769047322835571,3.024004387856417,0.48058241699466053,underdamped
-0.9424999999999999,-0.9156666666666666,0.9569047322835575,0.9769047322835576,2.8923630697958598,0.46125280774834754,underdamped
-0.9099999999999999,-0.9156666666666666,0.9569047322835572,0.9769047322835572,2.7692171627415605,0.44235701456905924,underdamped
-0.8775,-0.9156666666666666,0.9569047322835573,0.9769047322835573,2.6537695130557535,0.42386320053487775,underdamped
-0.845,-0.9156666666666666,0.9569047322835573,0.9769047322835573,2.54532016221664,0.4057424176899839,underdamped
-0.8125,-0.9156666666666666,0.9569047322835573,0.9769047322835573,2.443252063309893,0.3879682742012488,underdamped
-0.78,-0.9156666666666666,0.9569047322835573,0.9769047322835573,2.3470192657283864,0.37051665456032556,underdamped
-0.7474999999999998,-0.9156666666666666,0.9569047322835574,0.9769047322835575,2.256137090429231,0.3533654852971415,underdamped
-0.7149999999999999,-0.9156666666666666,0.9569047322835575,0.9769047322835576,2.170173922906831,0.33649454063742573,underdamped
-0.6824999999999999,-0.9156666666666666,0.9569047322835575,0.9769047322835576,2.0887443314670557,0.31988528429418567,underdamped
-0.6499999999999999,-0.9156666666666666,0.9569047322835573,0.9769047322835573,2.0115032809367808,0.30352074527992606,underdamped
-0.6174999999999999,-0.9156666666666666,0.9569047322835572,0.9769047322835572,1.9381412614558042,0.28738542742836526,underdamped
-0.585,-0.9156666666666666,0.9569047322835572,0.9769047322835572,1.8683801922177663,0.2714652544324213,underdamped
-0.5525,-0.9156666666666666,0.9569047322835574,0.9769047322835575,1.8019699940463951,0.2557475549401739,underdamped
-0.5199999999999998,-0.9156666666666666,0.9569047322835574,0.9769047322835575,1.738685755366369,0.2402210960667624,underdamped
-0.4874999999999998,-0.9156666666666666,0.9569047322835574,0.9769047322835575,1.6783254465351687,0.22487617933523518,underdamped
-0.45499999999999985,-0.9156666666666666,0.9569047322835574,0.9769047322835575,1.6207081716174292,0.20970482184047967,underdamped
-0.4224999999999999,-0.9156666666666666,0.9569047322835577,0.9769047322835577,1.5656729904931037,0.1947010596028539,underdamped
-0.3899999999999999,-0.9156666666666666,0.9569047322835574,0.9769047322835575,1.5130784077758344,0.17986143376150684,underdamped
-0.35749999999999993,-0.9156666666666666,0.9569047322835573,0.9769047322835573,1.462802726683555,0.16518576119739736,underdamped
-0.32499999999999996,-0.9156666666666666,0.9569047322835574,0.9769047322835575,1.4147456408670014,0.15067836445551988,underdamped
-0.2925,-0.9156666666666666,0.9569047322835573,0.9769047322835573,1.3688317557934409,0.13635007193184887,underdamped
-0.26,-0.9156666666666666,0.9569047322835573,0.9769047322835573,1.3250173413702844,0.12222156220651696,underdamped
-0.2274999999999998,-0.9156666666666666,0.9569047322835571,0.9769047322835571,1.283302841235219,0.10832915579615471,underdamped
-0.19499999999999984,-0.9156666666666666,0.9569047322835574,0.9769047322835575,1.2437562279915404,0.09473526844772145,underdamped
-0.16249999999999987,-0.9156666666666666,0.9569047322835575,0.9769047322835576,1.2065578607439427,0.08154815343028304,underdamped
-0.1299999999999999,-0.9156666666666666,0.9569047322835573,0.9769047322835573,1.1720897169410904,0.06896085577864908,underdamped
-0.09749999999999992,-0.9156666666666666,0.9569047322835573,0.9769047322835573,1.1411167345534992,0.05733007437371055,underdamped
-0.06499999999999995,-0.9156666666666666,0.9569047322835575,0.9769047322835576,1.1151387039469531,0.04732888945800925,underdamped
-0.03249999999999997,-0.9156666666666666,0.9569047322835574,0.9769047322835575,1.0968871379315797,0.04016194398755032,underdamped
2.220446049250313e-16,-0.9156666666666666,0.9569047322835574,0.9769047322835575,1.090113570865723,0.03747174622584349,underdamped
0.032500000000000195,-0.9156666666666666,0.9569047322835574,0.9769047322835575,1.0968871379315803,0.04016194398755058,underdamped
0.06500000000000017,-0.9156666666666666,0.9569047322835575,0.9769047322835576,1.1151387039469531,0.04732888945800925,underdamped
0.09749999999999992,-0.9156666666666666,0.9569047322835573,0.9769047322835573,1.1411167345534992,0.05733007437371055,underdamped
0.13000000000000012,-0.9156666666666666,0.9569047322835577,0.9769047322835577,1.1720897169410909,0.06896085577864924,underdamped
0.1625000000000003,-0.9156666666666666,0.9569047322835574,0.9769047322835575,1.2065578607439433,0.0815481534302833,underdamped
0.19500000000000006,-0.9156666666666666,0.9569047322835574,0.9769047322835575,1.2437562279915404,0.09473526844772145,underdamped
0.22750000000000026,-0.9156666666666666,0.9569047322835573,0.9769047322835573,1.2833028412352196,0.10832915579615493,underdamped
0.26,-0.9156666666666666,0.9569047322835573,0.9769047322835573,1.3250173413702844,0.12222156220651696,underdamped
0.2925000000000002,-0.9156666666666666,0.9569047322835573,0.9769047322835573,1.3688317557934409,0.13635007193184887,underdamped
0.32499999999999996,-0.9156666666666666,0.9569047322835574,0.9769047322835575,1.4147456408670014,0.15067836445551988,underdamped
0.35750000000000015,-0.9156666666666666,0.9569047322835571,0.9769047322835571,1.4628027266835553,0.16518576119739742,underdamped
0.3899999999999999,-0.9156666666666666,0.9569047322835574,0.9769047322835575,1.5130784077758344,0.17986143376150684,underdamped
0.4225000000000001,-0.9156666666666666,0.9569047322835574,0.9769047322835575,1.5656729904931042,0.194701059602854,underdamped
0.4550000000000003,-0.9156666666666666,0.9569047322835577,0.9769047322835577,1.6207081716174299,0.20970482184047987,underdamped
0.48750000000000004,-0.9156666666666666,0.9569047322835574,0.9769047322835575,1.6783254465351698,0.22487617933523546,underdamped
0.5200000000000002,-0.9156666666666666,0.9569047322835577,0.9769047322835577,1.7386857553663693,0.24022109606676245,underdamped
0.5525,-0.9156666666666666,0.9569047322835574,0.9769047322835575,1.8019699940463951,0.2557475549401739,underdamped
0.5850000000000002,-0.9156666666666666,0.9569047322835574,0.9769047322835575,1.868380192217767,0.2714652544324214,underdamped
0.6174999999999999,-0.9156666666666666,0.9569047322835572,0.9769047322835572,1.9381412614558042,0.28738542742836526,underdamped
0.6500000000000001,-0.9156666666666666,0.9569047322835574,0.9769047322835575,2.011503280936781,0.3035207452799262,underdamped
0.6825000000000003,-0.9156666666666666,0.9569047322835574,0.9769047322835575,2.088744331467057,0.31988528429418595,underdamped
0.7150000000000001,-0.9156666666666666,0.9569047322835575,0.9769047322835576,2.170173922906832,0.3364945406374259,underdamped
0.7475000000000003,-0.9156666666666666,0.9569047322835577,0.9769047322835577,2.2561370904292315,0.35336548529714157,underdamped
0.78,-0.9156666666666666,0.9569047322835573,0.9769047322835573,2.3470192657283864,0.37051665456032556,underdamped
0.8125000000000002,-0.9156666666666666,0.9569047322835574,0.9769047322835575,2.4432520633098935,0.38796827420124885,underdamped
0.845,-0.9156666666666666,0.9569047322835573,0.9769047322835573,2.54532016221664,0.4057424176899839,underdamped
0.8775000000000002,-0.9156666666666666,0.9569047322835573,0.9769047322835573,2.6537695130557557,0.4238632005348781,underdamped
0.9100000000000004,-0.9156666666666666,0.9569047322835572,0.9769047322835572,2.769217162741562,0.44235701456905946,underdamped
0.9425000000000001,-0.9156666666666666,0.9569047322835574,0.9769047322835575,2.89236306979586,0.46125280774834765,underdamped
0.9750000000000003,-0.9156666666666666,0.9569047322835571,0.9769047322835571,3.0240043878564187,0.4805824169946608,underdamped
1.0075,-0.9156666666666666,0.9569047322835575,0.9769047322835576,3.16505283319394,0.5003809639499237,underdamped
1.0400000000000003,-0.9156666666666666,0.9569047322835573,0.9769047322835573,3.316555936071019,0.5206873263810029,underdamped
1.0725,-0.9156666666666666,0.9569047322835572,0.9769047322835572,3.47972322351413,0.5415447016244981,underdamped
1.1050000000000002,-0.9156666666666666,0.9569047322835574,0.9769047322835575,3.655958718171777,0.5630012831855846,underdamped
1.1375,-0.9156666666666666,0.9569047322835574,0.9769047322835575,3.8469016018436526,0.5851110778267374,underdamped
1.1700000000000002,-0.9156666666666666,0.9569047322835575,0.9769047322835576,4.054477538404679,0.6079348987921614,underdamped
1.2025000000000003,-0.9156666666666666,0.9569047322835573,0.9769047322835573,4.2809640624549745,0.6315415820639269,underdamped
1.235,-0.9156666666666666,0.9569047322835575,0.9769047322835576,4.52907474414828,0.6560094879833097,underdamped
1.2675000000000003,-0.9156666666666666,0.9569047322835575,0.9769047322835576,4.802068734556003,0.6814283720526932,underdamped
1.3,-0.9156666666666666,0.9569047322835574,0.9769047322835575,5.103895091695438,0.7079017390739958,underdamped
1.3325000000000002,-0.9156666666666666,0.9569047322835574,0.9769047322835575,5.43938548886127,0.7355498383247824,underdamped
1.365,-0.9156666666666666,0.9569047322835573,0.9769047322835573,5.814515346002316,0.7645135210715697,underdamped
1.3975000000000002,-0.9156666666666666,0.9569047322835575,0.9769047322835576,6.236763508962649,0.7949592764064661,underdamped
1.43,-0.9156666666666666,0.9569047322835575,0.9769047322835576,6.71561677691025,0.8270859053901038,underdamped
1.4625000000000001,-0.9156666666666666,0.9569047322835573,0.9769047322835573,7.263292227835299,0.8611335177099588,underdamped
1.4950000000000003,-0.9156666666666666,0.9569047322835575,0.9769047322835576,7.895795535640321,0.8973958936011867,underdamped
1.5275,-0.9156666666666666,0.9569047322835574,0.9769047322835575,8.634512936604384,0.9362378445194592,underdamped
1.5600000000000003,-0.9156666666666666,0.9569047322835574,0.9769047322835575,9.508679585702213,0.9781202132089987,underdamped
1.5925,-0.9156666666666666,0.9569047322835572,0.9769047322835572,10.559344032053678,1.0236369397784777,underdamped
1.6250000000000002,-0.9156666666666666,0.9569047322835572,0.9769047322835572,11.84600566269565,1.0735719359089164,underdamped
1.6575,-0.9156666666666666,0.9569047322835574,0.9769047322835575,13.45829385418875,1.1289900066430418,underdamped
1.6900000000000002,-0.9156666666666666,0.9569047322835573,0.9769047322835573,15.53780431692645,1.1913896476427923,underdamped
1.7225000000000004,-0.9156666666666666,0.9569047322835575,0.9769047322835576,18.32214549211995,1.262976327455842,underdamped
1.7550000000000001,-0.9156666666666666,0.9569047322835574,0.9769047322835575,22.242929841290692,1.347191991997271,underdamped
1.7875000000000003,-0.9156666666666666,0.9569047322835573,0.9769047322835573,28.17455794111532,1.449857110690091,underdamped
1.82,-0.9156666666666666,0.9569047322835571,0.9769047322835571,38.197898079849175,1.582039465596571,underdamped
1.8525000000000003,-0.9156666666666666,0.9569047322835574,0.9769047322835575,58.77680001909144,1.7692059381183445,underdamped
1.885,-0.9156666666666666,0.9569047322835575,0.9769047322835576,125.13389198915094,2.097374952462287,underdamped
-1.885,-0.8995833333333333,0.9484636700123699,0.9684636700123699,295.0091326566409,2.4698354607272863,underdamped
-1.8525,-0.8995833333333333,0.9484636700123695,0.9684636700123695,80.55161402129687,1.9060742468473566,underdamped
-1.8199999999999998,-0.8995833333333333,0.9484636700123694,0.9684636700123694,46.3324437188463,1.6658852068645364,underdamped
-1.7874999999999999,-0.8995833333333333,0.9484636700123696,0.9684636700123697,32.36272533553312,1.51004508736376,underdamped
-1.755,-0.8995833333333333,0.9484636700123695,0.9684636700123695,24.772033484055125,1.3939616583684777,underdamped
-1.7225,-0.8995833333333333,0.9484636700123696,0.9684636700123697,20.003095070913325,1.3010971990750702,underdamped
-1.69,-0.8995833333333333,0.9484636700123696,0.9684636700123697,16.72900597671884,1.2234701363209586,underdamped
-1.6575,-0.8995833333333333,0.9484636700123693,0.9684636700123693,14.342080269468541,1.1566121488231875,underdamped
-1.625,-0.8995833333333333,0.9484636700123696,0.9684636700123697,12.524707232715418,1.0977675829462925,underdamped
-1.5924999999999998,-0.8995833333333333,0.9484636700123698,0.9684636700123698,11.094722169586513,1.045116431243445,underdamped
-1.56,-0.8995833333333333,0.94846367001237,0.96846367001237,9.940160798437814,0.9973934098811563,underdamped
-1.5274999999999999,-0.8995833333333333,0.9484636700123695,0.9684636700123695,8.988414688297818,0.9536831007614356,underdamped
-1.4949999999999999,-0.8995833333333333,0.9484636700123699,0.9684636700123699,8.190335953506818,0.9133017161391493,underdamped
-1.4625,-0.8995833333333333,0.9484636700123698,0.9684636700123698,7.511470046755364,0.8757249397627593,underdamped
-1.43,-0.8995833333333333,0.9484636700123696,0.9684636700123697,6.926946712017992,0.8405418466861309,underdamped
-1.3975,-0.8995833333333333,0.9484636700123695,0.9684636700123695,6.418364103185591,0.8074243502663551,underdamped
-1.365,-0.8995833333333333,0.9484636700123696,0.9684636700123697,5.971814272919967,0.7761062924387419,underdamped
-1.3325,-0.8995833333333333,0.9484636700123696,0.9684636700123697,5.576590323741693,0.7463687408384296,underdamped
-1.2999999999999998,-0.8995833333333333,0.9484636700123695,0.9684636700123695,5.2243156071501895,0.7180294053082731,underdamped
-1.2675,-0.8995833333333333,0.9484636700123696,0.9684636700123697,4.908342526136617,0.6909348621275924,underdamped
-1.2349999999999999,-0.8995833333333333,0.9484636700123699,0.9684636700123699,4.623328338243535,0.6649547371378096,underdamped
-1.2025,-0.8995833333333333,0.9484636700123699,0.9684636700123699,4.36493000712763,0.6399772840640495,underdamped
-1.17,-0.8995833333333333,0.9484636700123696,0.9684636700123697,4.129580866572368,0.6159059750045954,underdamped
-1.1375,-0.8995833333333333,0.9484636700123698,0.9684636700123698,3.9143246022978744,0.5926568374541747,underdamped
-1.105,-0.8995833333333333,0.9484636700123698,0.9684636700123698,3.7166900947242723,0.570156350236913,underdamped
-1.0724999999999998,-0.8995833333333333,0.9484636700123698,0.9684636700123698,3.5345958533568864,0.548339763623434,underdamped
-1.04,-0.8995833333333333,0.9484636700123698,0.9684636700123698,3.3662761911722052,0.5271497454429053,underdamped
-1.0074999999999998,-0.8995833333333333,0.9484636700123696,0.9684636700123697,3.210223581692359,0.506535280664625,underdamped
-0.9749999999999999,-0.8995833333333333,0.9484636700123696,0.9684636700123697,3.0651432082026813,0.486450770234288,underdamped
-0.9424999999999999,-0.8995833333333333,0.9484636700123698,0.9684636700123698,2.929916801439732,0.46685528820781674,underdamped
-0.9099999999999999,-0.8995833333333333,0.9484636700123696,0.9684636700123697,2.8035736270429323,0.4477119659628131,underdamped
-0.8775,-0.8995833333333333,0.9484636700123698,0.9684636700123698,2.6852670297326124,0.42898747952273814,underdamped
-0.845,-0.8995833333333333,0.9484636700123696,0.9684636700123697,2.5742553353155007,0.4106516215189736,underdamped
-0.8125,-0.8995833333333333,0.9484636700123698,0.9684636700123698,2.4698861996729535,0.3926769435460464,underdamped
-0.78,-0.8995833333333333,0.9484636700123696,0.9684636700123697,2.371583706786995,0.37503845800080293,underdamped
-0.7474999999999998,-0.8995833333333333,0.9484636700123695,0.9684636700123695,2.2788376769489855,0.35771339121108237,underdamped
-0.7149999999999999,-0.8995833333333333,0.9484636700123699,0.9684636700123699,2.191194766514392,0.3406809819710624,underdamped
-0.6824999999999999,-0.8995833333333333,0.9484636700123694,0.9684636700123694,2.1082510325280395,0.32392232169740715,underdamped
-0.6499999999999999,-0.8995833333333333,0.9484636700123694,0.9684636700123694,2.0296457069281586,0.30742023448721184,underdamped
-0.6174999999999999,-0.8995833333333333,0.9484636700123699,0.9684636700123699,1.9550559815475859,0.2911591976035567,underdamped
-0.585,-0.8995833333333333,0.9484636700123693,0.9684636700123693,1.8841926511822413,0.27512530560542947,underdamped
-0.5525,-0.8995833333333333,0.9484636700123698,0.9684636700123698,1.8167965012597138,0.2593062848592663,underdamped
-0.5199999999999998,-0.8995833333333333,0.9484636700123699,0.9684636700123699,1.7526353625340096,0.24369157010879128,underdamped
-0.4874999999999998,-0.8995833333333333,0.9484636700123698,0.9684636700123698,1.691501791488628,0.22827246209042767,underdamped
-0.45499999999999985,-0.8995833333333333,0.9484636700123699,0.9684636700123699,1.6332113765859977,0.213042396459944,underdamped
-0.4224999999999999,-0.8995833333333333,0.94846367001237,0.96846367001237,1.5776017243988312,0.19799737230332748,underdamped
-0.3899999999999999,-0.8995833333333333,0.9484636700123696,0.9684636700123697,1.524532257997975,0.18313661815518867,underdamped
-0.35749999999999993,-0.8995833333333333,0.9484636700123695,0.9684636700123695,1.4738850840097835,0.16846362373607593,underdamped
-0.32499999999999996,-0.8995833333333333,0.9484636700123699,0.9684636700123699,1.4255673939437372,0.15398775347713342,underdamped
-0.2925,-0.8995833333333333,0.9484636700123696,0.9684636700123697,1.379516235583012,0.13972681607480594,underdamped
-0.26,-0.8995833333333333,0.9484636700123698,0.9684636700123698,1.335707171368122,0.12571125769178315,underdamped
-0.2274999999999998,-0.8995833333333333,0.9484636700123696,0.9684636700123697,1.2941696342368194,0.11199120553247088,underdamped
-0.19499999999999984,-0.8995833333333333,0.9484636700123696,0.9684636700123697,1.2550142996725333,0.09864867421027934,underdamped
-0.16249999999999987,-0.8995833333333333,0.9484636700123698,0.9684636700123698,1.218482640089197,0.08581934610410406,underdamped
-0.1299999999999999,-0.8995833333333333,0.9484636700123698,0.9684636700123698,1.185037559197254,0.07373211531963558,underdamped
-0.09749999999999992,-0.8995833333333333,0.9484636700123698,0.9684636700123698,1.155525305130667,0.06277946064011874,underdamped
-0.06499999999999995,-0.8995833333333333,0.9484636700123698,0.9684636700123698,1.1314280691803822,0.05362694878916864,underdamped
-0.03249999999999997,-0.8995833333333333,0.9484636700123698,0.9684636700123698,1.115073615397962,0.04730353976603165,underdamped
2.220446049250313e-16,-0.8995833333333333,0.9484636700123696,0.9684636700123697,1.1091763263841306,0.045000591675336044,underdamped
0.032500000000000195,-0.8995833333333333,0.9484636700123698,0.9684636700123698,1.1150736153979621,0.047303539766031744,underdamped
0.06500000000000017,-0.8995833333333333,0.9484636700123698,0.9684636700123698,1.1314280691803824,0.053626948789168724,underdamped
0.09749999999999992,-0.8995833333333333,0.9484636700123698,0.9684636700123698,1.155525305130667,0.06277946064011874,underdamped
0.13000000000000012,-0.8995833333333333,0.9484636700123695,0.9684636700123695,1.1850375591972542,0.07373211531963567,underdamped
0.1625000000000003,-0.8995833333333333,0.9484636700123699,0.9684636700123699,1.2184826400891977,0.0858193461041043,underdamped
0.19500000000000006,-0.8995833333333333,0.9484636700123699,0.9684636700123699,1.2550142996725342,0.09864867421027965,underdamped
0.22750000000000026,-0.8995833333333333,0.9484636700123698,0.9684636700123698,1.2941696342368205,0.11199120553247124,underdamped
0.26,-0.8995833333333333,0.9484636700123698,0.9684636700123698,1.335707171368122,0.12571125769178315,underdamped
0.2925000000000002,-0.8995833333333333,0.9484636700123696,0.9684636700123697,1.3795162355830126,0.13972681607480616,underdamped
0.32499999999999996,-0.8995833333333333,0.9484636700123699,0.9684636700123699,1.4255673939437372,0.15398775347713342,underdamped
0.35750000000000015,-0.8995833333333333,0.9484636700123698,0.9684636700123698,1.4738850840097835,0.16846362373607593,underdamped
0.3899999999999999,-0.8995833333333333,0.9484636700123696,0.9684636700123697,1.524532257997975,0.18313661815518867,underdamped
0.4225000000000001,-0.8995833333333333,0.9484636700123698,0.9684636700123698,1.5776017243988316,0.1979973723033276,underdamped
0.4550000000000003,-0.8995833333333333,0.9484636700123698,0.9684636700123698,1.6332113765859988,0.21304239645994427,underdamped
0.48750000000000004,-0.8995833333333333,0.9484636700123698,0.9684636700123698,1.691501791488628,0.22827246209042767,underdamped
0.5200000000000002,-0.8995833333333333,0.9484636700123696,0.9684636700123697,1.7526353625340108,0.24369157010879156,underdamped
0.5525,-0.8995833333333333,0.9484636700123698,0.9684636700123698,1.8167965012597138,0.2593062848592663,underdamped
0.5850000000000002,-0.8995833333333333,0.9484636700123694,0.9684636700123694,1.8841926511822418,0.2751253056054296,underdamped
0.6174999999999999,-0.8995833333333333,0.9484636700123699,0.9684636700123699,1.9550559815475859,0.2911591976035567,underdamped
0.6500000000000001,-0.8995833333333333,0.9484636700123699,0.9684636700123699,2.0296457069281573,0.3074202344872115,underdamped
0.6825000000000003,-0.8995833333333333,0.9484636700123696,0.9684636700123697,2.1082510325280395,0.32392232169740715,underdamped
0.7150000000000001,-0.8995833333333333,0.9484636700123698,0.9684636700123698,2.191194766514392,0.3406809819710624,underdamped
0.7475000000000003,-0.8995833333333333,0.9484636700123696,0.9684636700123697,2.2788376769489846,0.3577133912110822,underdamped
0.78,-0.8995833333333333,0.9484636700123696,0.9684636700123697,2.371583706786995,0.37503845800080293,underdamped
0.8125000000000002,-0.8995833333333333,0.9484636700123694,0.9684636700123694,2.4698861996729544,0.39267694354604654,underdamped
0.845,-0.8995833333333333,0.9484636700123696,0.9684636700123697,2.5742553353155007,0.4106516215189736,underdamped
0.8775000000000002,-0.8995833333333333,0.9484636700123695,0.9684636700123695,2.6852670297326138,0.42898747952273836,underdamped
0.9100000000000004,-0.8995833333333333,0.9484636700123699,0.9684636700123699,2.8035736270429323,0.4477119659628131,underdamped
0.9425000000000001,-0.8995833333333333,0.9484636700123699,0.9684636700123699,2.929916801439732,0.46685528820781674,underdamped
0.9750000000000003,-0.8995833333333333,0.9484636700123695,0.9684636700123695,3.0651432082026826,0.48645077023428823,underdamped
1.0075,-0.8995833333333333,0.9484636700123699,0.9684636700123699,3.2102235816923588,0.5065352806646249,underdamped
1.0400000000000003,-0.8995833333333333,0.9484636700123698,0.9684636700123698,3.3662761911722066,0.5271497454429055,underdamped
1.0725,-0.8995833333333333,0.9484636700123696,0.9684636700123697,3.5345958533568926,0.5483397636234347,underdamped
1.1050000000000002,-0.8995833333333333,0.9484636700123695,0.9684636700123695,3.7166900947242745,0.5701563502369134,underdamped
1.1375,-0.8995833333333333,0.9484636700123698,0.9684636700123698,3.9143246022978744,0.5926568374541747,underdamped
1.1700000000000002,-0.8995833333333333,0.9484636700123696,0.9684636700123697,4.129580866572371,0.6159059750045958,underdamped
1.2025000000000003,-0.8995833333333333,0.9484636700123698,0.9684636700123698,4.364930007127637,0.6399772840640502,underdamped
1.235,-0.8995833333333333,0.9484636700123698,0.9684636700123698,4.6233283382435415,0.6649547371378102,underdamped
1.2675000000000003,-0.8995833333333333,0.9484636700123699,0.9684636700123699,4.908342526136614,0.6909348621275921,underdamped
1.3,-0.8995833333333333,0.9484636700123696,0.9684636700123697,5.224315607150191,0.7180294053082733,underdamped
1.3325000000000002,-0.8995833333333333,0.9484636700123698,0.9684636700123698,5.576590323741695,0.7463687408384297,underdamped
1.365,-0.8995833333333333,0.9484636700123696,0.9684636700123697,5.971814272919967,0.7761062924387419,underdamped
1.3975000000000002,-0.8995833333333333,0.9484636700123696,0.9684636700123697,6.418364103185596,0.8074243502663554,underdamped
1.43,-0.8995833333333333,0.9484636700123696,0.9684636700123697,6.926946712017992,0.8405418466861309,underdamped
1.4625000000000001,-0.8995833333333333,0.9484636700123698,0.9684636700123698,7.511470046755367,0.8757249397627594,underdamped
1.4950000000000003,-0.8995833333333333,0.9484636700123698,0.9684636700123698,8.190335953506834,0.9133017161391502,underdamped
1.5275,-0.8995833333333333,0.9484636700123698,0.9684636700123698,8.988414688297818,0.9536831007614356,underdamped
1.5600000000000003,-0.8995833333333333,0.9484636700123695,0.9684636700123695,9.940160798437825,0.9973934098811568,underdamped
1.5925,-0.8995833333333333,0.9484636700123695,0.9684636700123695,11.09472216958654,1.0451164312434462,underdamped
1.6250000000000002,-0.8995833333333333,0.9484636700123699,0.9684636700123699,12.524707232715405,1.0977675829462923,underdamped
1.6575,-0.8995833333333333,0.9484636700123693,0.9684636700123693,14.342080269468541,1.1566121488231875,underdamped
1.6900000000000002,-0.8995833333333333,0.9484636700123694,0.9684636700123694,16.72900597671885,1.2234701363209586,underdamped
1.7225000000000004,-0.8995833333333333,0.9484636700123698,0.9684636700123698,20.003095070913375,1.301097199075071,underdamped
1.7550000000000001,-0.8995833333333333,0.9484636700123695,0.9684636700123695,24.77203348405519,1.3939616583684789,underdamped
1.7875000000000003,-0.8995833333333333,0.9484636700123696,0.9684636700123697,32.36272533553311,1.5100450873637599,underdamped
1.82,-0.8995833333333333,0.9484636700123696,0.9684636700123697,46.33244371884619,1.6658852068645356,underdamped
1.8525000000000003,-0.8995833333333333,0.9484636700123695,0.9684636700123695,80.55161402129764,1.9060742468473608,underdamped
1.885,-0.8995833333333333,0.9484636700123699,0.9684636700123699,295.0091326566409,2.4698354607272863,underdamped
-1.8525,-0.8835,0.9399468070055881,0.9599468070055881,129.32734881631882,2.111690374718491,underdamped
-1.8199999999999998,-0.8835,0.9399468070055879,0.9599468070055879,59.16275809709983,1.7720484120866864,underdamped
-1.7874999999999999,-0.8835,0.9399468070055881,0.9599468070055881,38.13775474515947,1.5813551215759973,underdamped
-1.755,-0.8835,0.9399468070055882,0.9599468070055882,28.01837543270622,1.4474429503264448,underdamped
-1.7225,-0.8835,0.9399468070055879,0.9599468070055879,22.066795761340884,1.343739275427318,underdamped
-1.69,-0.8835,0.9399468070055877,0.9599468070055878,18.147765001077133,1.2588231468670537,underdamped
-1.6575,-0.8835,0.9399468070055877,0.9599468070055878,15.371857293676527,1.1867263439905613,underdamped
-1.625,-0.8835,0.9399468070055879,0.9599468070055879,13.302528569812358,1.1239342003310981,underdamped
-1.5924999999999998,-0.8835,0.939946807005588,0.959946807005588,11.700415876982659,1.0682012984870886,underdamped
-1.56,-0.8835,0.9399468070055881,0.9599468070055881,10.423303355645277,1.018005377482987,underdamped
-1.5274999999999999,-0.8835,0.9399468070055879,0.9599468070055879,9.381377516187161,0.9722666127665661,underdamped
-1.4949999999999999,-0.8835,0.9399468070055879,0.9599468070055879,8.515127177430386,0.9301911387394626,underdamped
-1.4625,-0.8835,0.9399468070055879,0.9599468070055879,7.783557924531207,0.8911781617427282,underdamped
-1.43,-0.8835,0.939946807005588,0.959946807005588,7.157510117158171,0.8547619705703895,underdamped
-1.3975,-0.8835,0.9399468070055876,0.9599468070055877,6.615675657520263,0.8205742051898847,underdamped
-1.365,-0.8835,0.939946807005588,0.959946807005588,6.142122065730179,0.7883184431631018,underdamped
-1.3325,-0.8835,0.9399468070055879,0.9599468070055879,5.724697893463146,0.7577525728173752,underdamped
-1.2999999999999998,-0.8835,0.9399468070055879,0.9599468070055879,5.353973963680459,0.7286762548865134,underdamped
-1.2675,-0.8835,0.9399468070055881,0.9599468070055881,5.022521516388034,0.700921805933692,underdamped
-1.2349999999999999,-0.8835,0.939946807005588,0.959946807005588,4.724408486719932,0.6743474409860902,underdamped
-1.2025,-0.8835,0.939946807005588,0.959946807005588,4.454840701895378,0.6488321789621809,underdamped
-1.17,-0.8835,0.9399468070055877,0.9599468070055878,4.209901582527934,0.6242719431837342,underdamped
-1.1375,-0.8835,0.9399468070055879,0.9599468070055879,3.986360179972794,0.6005765359870878,underdamped
-1.105,-0.8835,0.939946807005588,0.959946807005588,3.7815274984503415,0.5776672628391807,underdamped
-1.0724999999999998,-0.8835,0.939946807005588,0.959946807005588,3.593147504484544,0.5554750460576371,underdamped
-1.04,-0.8835,0.9399468070055877,0.9599468070055878,3.419313433557893,0.5339389125034004,underdamped
-1.0074999999999998,-0.8835,0.9399468070055879,0.9599468070055879,3.258402801306737,0.5130047704487782,underdamped
-0.9749999999999999,-0.8835,0.939946807005588,0.959946807005588,3.1090264202356455,0.4926244126555424,underdamped
-0.9424999999999999,-0.8835,0.9399468070055881,0.9599468070055881,2.9699880260396228,0.4727546983962019,underdamped
-0.9099999999999999,-0.8835,0.939946807005588,0.959946807005588,2.8402520280144454,0.4533568786102883,underdamped
-0.8775,-0.8835,0.939946807005588,0.959946807005588,2.718917543019957,0.43439603687972583,underdamped
-0.845,-0.8835,0.939946807005588,0.959946807005588,2.6051973354028246,0.41584062530565247,underdamped
-0.8125,-0.8835,0.939946807005588,0.959946807005588,2.49840062165762,0.39766207928427805,underdamped
-0.78,-0.8835,0.9399468070055877,0.9599468070055878,2.397918945886258,0.3798344990508772,underdamped
-0.7474999999999998,-0.8835,0.9399468070055877,0.9599468070055878,2.3032145159969457,0.3623343890172584,underdamped
-0.7149999999999999,-0.8835,0.939946807005588,0.959946807005588,2.2138105289341223,0.3451404486296221,underdamped
-0.6824999999999999,-0.8835,0.9399468070055879,0.9599468070055879,2.1292831186753003,0.3282334109468269,underdamped
-0.6499999999999999,-0.8835,0.939946807005588,0.959946807005588,2.049254642359978,0.3115959276059372,underdamped
-0.6174999999999999,-0.8835,0.939946807005588,0.959946807005588,1.973388084453209,0.295212501553618,underdamped
-0.585,-0.8835,0.939946807005588,0.959946807005588,1.901382411481283,0.2790694722015062,underdamped
-0.5525,-0.8835,0.939946807005588,0.959946807005588,1.832968754913365,0.2631550619702003,underdamped
-0.5199999999999998,-0.8835,0.9399468070055877,0.9599468070055878,1.767907341200913,0.24745949921796084,underdamped
-0.4874999999999998,-0.8835,0.9399468070055879,0.9599468070055879,1.7059851301673008,0.2319752414185896,underdamped
-0.45499999999999985,-0.8835,0.9399468070055882,0.9599468070055882,1.6470141714174402,0.21669733598937613,underdamped
-0.4224999999999999,-0.8835,0.939946807005588,0.959946807005588,1.5908307513641802,0.2016239774727896,underdamped
-0.3899999999999999,-0.8835,0.9399468070055882,0.9599468070055882,1.537295493995041,0.18675735421214978,underdamped
-0.35749999999999993,-0.8835,0.9399468070055877,0.9599468070055878,1.4862947191408804,0.17210493473116947,underdamped
-0.32499999999999996,-0.8835,0.9399468070055881,0.9599468070055881,1.437743592752951,0.15768144085801655,underdamped
-0.2925,-0.8835,0.9399468070055879,0.9599468070055879,1.3915919971780357,0.14351192252495312,underdamped
-0.26,-0.8835,0.9399468070055881,0.9599468070055881,1.3478347383500646,0.12963664544666736,underdamped
-0.2274999999999998,-0.8835,0.939946807005588,0.959946807005588,1.306528928598991,0.11611903013056357,underdamped
-0.19499999999999984,-0.8835,0.9399468070055877,0.9599468070055878,1.2678235275073866,0.10305880688683397,underdamped
-0.16249999999999987,-0.8835,0.939946807005588,0.959946807005588,1.2320095441940353,0.09061407225596216,underdamped
-0.1299999999999999,-0.8835,0.9399468070055881,0.9599468070055881,1.1996039150641256,0.07903787446659212,underdamped
-0.09749999999999992,-0.8835,0.939946807005588,0.959946807005588,1.1714798289445045,0.06873481512375092,underdamped
-0.06499999999999995,-0.8835,0.9399468070055879,0.9599468070055879,1.1490245472212797,0.060329306850923706,underdamped
-0.03249999999999997,-0.8835,0.9399468070055877,0.9599468070055878,1.134171777595208,0.05467883622527198,underdamped
2.220446049250313e-16,-0.8835,0.939946807005588,0.959946807005588,1.1289181609662697,0.05266245961406453,underdamped
0.032500000000000195,-0.8835,0.9399468070055877,0.9599468070055878,1.134171777595208,0.05467883622527198,underdamped
0.06500000000000017,-0.8835,0.9399468070055877,0.9599468070055878,1.14902454722128,0.06032930685092379,underdamped
0.09749999999999992,-0.8835,0.939946807005588,0.959946807005588,1.1714798289445045,0.06873481512375092,underdamped
0.13000000000000012,-0.8835,0.9399468070055881,0.9599468070055881,1.1996039150641256,0.07903787446659212,underdamped
0.1625000000000003,-0.8835,0.9399468070055879,0.9599468070055879,1.2320095441940357,0.09061407225596232,underdamped
0.19500000000000006,-0.8835,0.939946807005588,0.959946807005588,1.2678235275073866,0.10305880688683397,underdamped
0.22750000000000026,-0.8835,0.9399468070055879,0.9599468070055879,1.3065289285989912,0.11611903013056366,underdamped
0.26,-0.8835,0.9399468070055881,0.9599468070055881,1.3478347383500646,0.12963664544666736,underdamped
0.2925000000000002,-0.8835,0.939946807005588,0.959946807005588,1.391591997178036,0.1435119225249532,underdamped
0.32499999999999996,-0.8835,0.9399468070055881,0.9599468070055881,1.437743592752951,0.15768144085801655,underdamped
0.35750000000000015,-0.8835,0.9399468070055883,0.9599468070055883,1.4862947191408797,0.17210493473116928,underdamped
0.3899999999999999,-0.8835,0.9399468070055882,0.9599468070055882,1.537295493995041,0.18675735421214978,underdamped
0.4225000000000001,-0.8835,0.9399468070055877,0.9599468070055878,1.5908307513641813,0.2016239774727899,underdamped
0.4550000000000003,-0.8835,0.939946807005588,0.959946807005588,1.647014171417442,0.2166973359893766,underdamped
0.48750000000000004,-0.8835,0.9399468070055879,0.9599468070055879,1.7059851301673021,0.23197524141858994,underdamped
0.5200000000000002,-0.8835,0.939946807005588,0.959946807005588,1.7679073412009134,0.24745949921796095,underdamped
0.5525,-0.8835,0.939946807005588,0.959946807005588,1.832968754913365,0.2631550619702003,underdamped
0.5850000000000002,-0.8835,0.939946807005588,0.959946807005588,1.901382411481283,0.2790694722015062,underdamped
0.6174999999999999,-0.8835,0.939946807005588,0.959946807005588,1.973388084453209,0.295212501553618,underdamped
0.6500000000000001,-0.8835,0.9399468070055879,0.9599468070055879,2.0492546423599793,0.31159592760593746,underdamped
0.6825000000000003,-0.8835,0.939946807005588,0.959946807005588,2.1292831186753007,0.32823341094682695,underdamped
0.7150000000000001,-0.8835,0.939946807005588,0.959946807005588,2.2138105289341232,0.3451404486296223,underdamped
0.7475000000000003,-0.8835,0.9399468070055879,0.9599468070055879,2.3032145159969466,0.3623343890172586,underdamped
0.78,-0.8835,0.9399468070055877,0.9599468070055878,2.397918945886258,0.3798344990508772,underdamped
0.8125000000000002,-0.8835,0.9399468070055879,0.9599468070055879,2.4984006216576224,0.39766207928427855,underdamped
0.845,-0.8835,0.939946807005588,0.959946807005588,2.6051973354028246,0.41584062530565247,underdamped
0.8775000000000002,-0.8835,0.9399468070055877,0.9599468070055878,2.7189175430199586,0.4343960368797261,underdamped
0.9100000000000004,-0.8835,0.9399468070055879,0.9599468070055879,2.840252028014447,0.45335687861028856,underdamped
0.9425000000000001,-0.8835,0.939946807005588,0.959946807005588,2.9699880260396245,0.47275469839620216,underdamped
0.9750000000000003,-0.8835,0.9399468070055879,0.9599468070055879,3.1090264202356472,0.4926244126555427,underdamped
1.0075,-0.8835,0.9399468070055877,0.9599468070055878,3.2584028013067377,0.5130047704487783,underdamped
1.0400000000000003,-0.8835,0.9399468070055877,0.9599468070055878,3.4193134335578956,0.5339389125034008,underdamped
1.0725,-0.8835,0.9399468070055883,0.9599468070055883,3.593147504484542,0.5554750460576369,underdamped
1.1050000000000002,-0.8835,0.939946807005588,0.959946807005588,3.781527498450345,0.577667262839181,underdamped
1.1375,-0.8835,0.9399468070055879,0.9599468070055879,3.986360179972794,0.6005765359870878,underdamped
1.1700000000000002,-0.8835,0.9399468070055877,0.9599468070055878,4.2099015825279364,0.6242719431837346,underdamped
1.2025000000000003,-0.8835,0.939946807005588,0.959946807005588,4.454840701895382,0.6488321789621813,underdamped
1.235,-0.8835,0.9399468070055879,0.9599468070055879,4.724408486719937,0.6743474409860907,underdamped
1.2675000000000003,-0.8835,0.9399468070055881,0.9599468070055881,5.022521516388032,0.7009218059336919,underdamped
1.3,-0.8835,0.9399468070055877,0.9599468070055878,5.353973963680464,0.7286762548865139,underdamped
1.3325000000000002,-0.8835,0.9399468070055881,0.9599468070055881,5.724697893463145,0.7577525728173751,underdamped
1.365,-0.8835,0.939946807005588,0.959946807005588,6.142122065730179,0.7883184431631018,underdamped
1.3975000000000002,-0.8835,0.9399468070055875,0.9599468070055875,6.61567565752027,0.8205742051898852,underdamped
1.43,-0.8835,0.939946807005588,0.959946807005588,7.157510117158171,0.8547619705703895,underdamped
1.4625000000000001,-0.8835,0.9399468070055879,0.9599468070055879,7.78355792453121,0.8911781617427285,underdamped
1.4950000000000003,-0.8835,0.9399468070055881,0.9599468070055881,8.515127177430388,0.9301911387394627,underdamped
1.5275,-0.8835,0.9399468070055876,0.9599468070055877,9.381377516187172,0.9722666127665667,underdamped
1.5600000000000003,-0.8835,0.9399468070055882,0.9599468070055882,10.423303355645272,1.0180053774829867,underdamped
1.5925,-0.8835,0.939946807005588,0.959946807005588,11.700415876982671,1.068201298487089,underdamped
1.6250000000000002,-0.8835,0.9399468070055877,0.9599468070055878,13.30252856981234,1.1239342003310975,underdamped
1.6575,-0.8835,0.9399468070055877,0.9599468070055878,15.371857293676527,1.1867263439905613,underdamped
1.6900000000000002,-0.8835,0.9399468070055877,0.9599468070055878,18.147765001077175,1.2588231468670548,underdamped
1.7225000000000004,-0.8835,0.9399468070055876,0.9599468070055877,22.066795761340934,1.3437392754273192,underdamped
1.7550000000000001,-0.8835,0.9399468070055881,0.9599468070055881,28.018375432706367,1.447442950326447,underdamped
1.7875000000000003,-0.8835,0.939946807005588,0.959946807005588,38.137754745159654,1.5813551215759996,underdamped
1.82,-0.8835,0.9399468070055879,0.9599468070055879,59.16275809710003,1.772048412086688,underdamped
1.8525000000000003,-0.8835,0.939946807005588,0.959946807005588,129.32734881631856,2.1116903747184903,underdamped
-1.8525,-0.8674166666666667,0.9313520637582045,0.9513520637582045,337.10958826982517,2.527771105156558,underdamped
-1.8199999999999998,-0.8674166666666667,0.9313520637582047,0.9513520637582047,82.39460116494494,1.9158987558586675,underdamped
-1.7874999999999999,-0.8674166666666667,0.9313520637582048,0.9513520637582048,46.608910268551845,1.6684689491053557,underdamped
-1.755,-0.8674166666666667,0.9313520637582045,0.9513520637582045,32.335741779455525,1.509682828079772,underdamped
-1.7225,-0.8674166666666667,0.9313520637582043,0.9513520637582044,24.659704657961708,1.3919878708734355,underdamped
-1.69,-0.8674166666666667,0.9313520637582045,0.9513520637582045,19.865439904360844,1.2980981866036223,underdamped
-1.6575,-0.8674166666666667,0.9313520637582046,0.9513520637582046,16.586513418072386,1.219755104383137,underdamped
-1.625,-0.8674166666666667,0.9313520637582045,0.9513520637582045,14.202472318622902,1.1523639514869803,underdamped
-1.5924999999999998,-0.8674166666666667,0.9313520637582046,0.9513520637582046,12.390910969558542,1.0931032365220634,underdamped
-1.56,-0.8674166666666667,0.9313520637582047,0.9513520637582047,10.967692866347514,1.0401152801915485,underdamped
-1.5274999999999999,-0.8674166666666667,0.9313520637582046,0.9513520637582046,9.820004617124658,0.992111691981582,underdamped
-1.4949999999999999,-0.8674166666666667,0.9313520637582046,0.9513520637582046,8.874872033131894,0.9481620996758242,underdamped
-1.4625,-0.8674166666666667,0.9313520637582045,0.9513520637582045,8.08300069816567,0.9075726163105495,underdamped
-1.43,-0.8674166666666667,0.9313520637582045,0.9513520637582045,7.409891788189193,0.8698118657208309,underdamped
-1.3975,-0.8674166666666667,0.9313520637582046,0.9513520637582046,6.830678519294696,0.8344638460752837,underdamped
-1.365,-0.8674166666666667,0.9313520637582046,0.9513520637582046,6.32698396474961,0.8011967337748458,underdamped
-1.3325,-0.8674166666666667,0.9313520637582046,0.9513520637582046,5.884933599592125,0.7697415670106474,underdamped
-1.2999999999999998,-0.8674166666666667,0.9313520637582047,0.9513520637582047,5.493856067976635,0.7398772772719592,underdamped
-1.2675,-0.8674166666666667,0.9313520637582045,0.9513520637582045,5.145409305611355,0.7114199276111955,underdamped
-1.2349999999999999,-0.8674166666666667,0.9313520637582045,0.9513520637582045,4.83297795868142,0.6842148144964512,underdamped
-1.2025,-0.8674166666666667,0.9313520637582046,0.9513520637582046,4.551248673118233,0.6581305653267816,underdamped
-1.17,-0.8674166666666667,0.9313520637582047,0.9513520637582047,4.295904873537441,0.6330546559887116,underdamped
-1.1375,-0.8674166666666667,0.9313520637582046,0.9513520637582046,4.063403569795233,0.6088899578004923,underdamped
-1.105,-0.8674166666666667,0.9313520637582045,0.9513520637582045,3.8508095769364803,0.5855520432318104,underdamped
-1.0724999999999998,-0.8674166666666667,0.9313520637582047,0.9513520637582047,3.6556706289816714,0.5629670594743752,underdamped
-1.04,-0.8674166666666667,0.9313520637582045,0.9513520637582045,3.4759220852541364,0.5410700329309922,underdamped
-1.0074999999999998,-0.8674166666666667,0.9313520637582046,0.9513520637582046,3.3098133623760737,0.5198035049613757,underdamped
-0.9749999999999999,-0.8674166666666667,0.9313520637582043,0.9513520637582044,3.15585052845441,0.4991164253977395,underdamped
-0.9424999999999999,-0.8674166666666667,0.9313520637582043,0.9513520637582044,3.0127510676391345,0.47896324902585347,underdamped
-0.9099999999999999,-0.8674166666666667,0.9313520637582045,0.9513520637582045,2.879407912709634,0.4593031937735247,underdamped
-0.8775,-0.8674166666666667,0.9313520637582046,0.9513520637582046,2.754860609669834,0.44009962932838226,underdamped
-0.845,-0.8674166666666667,0.9313520637582045,0.9513520637582045,2.6382720247244085,0.4213195723877774,underdamped
-0.8125,-0.8674166666666667,0.9313520637582045,0.9513520637582045,2.528909398582716,0.40293327046721555,underdamped
-0.78,-0.8674166666666667,0.9313520637582045,0.9513520637582045,2.426128841462405,0.38491386068981465,underdamped
-0.7474999999999998,-0.8674166666666667,0.9313520637582045,0.9513520637582045,2.3293625755235783,0.36723709364138,underdamped
-0.7149999999999999,-0.8674166666666667,0.9313520637582046,0.9513520637582046,2.238108391232785,0.3498811155142171,underdamped
-0.6824999999999999,-0.8674166666666667,0.9313520637582048,0.9513520637582048,2.1519209054117074,0.33282630464559904,underdamped
-0.6499999999999999,-0.8674166666666667,0.9313520637582047,0.9513520637582047,2.0704043022600382,0.3160551614450655,underdamped
-0.6174999999999999,-0.8674166666666667,0.9313520637582045,0.9513520637582045,1.9932063123891444,0.29955225389106827,underdamped
-0.585,-0.8674166666666667,0.9313520637582045,0.9513520637582045,1.9200132449447909,0.283304224634068,underdamped
-0.5525,-0.8674166666666667,0.9313520637582049,0.9513520637582049,1.850545939232719,0.26729987079164397,underdamped
-0.5199999999999998,-0.8674166666666667,0.9313520637582047,0.9513520637582047,1.7845565494749227,0.2515303145420527,underdamped
-0.4874999999999998,-0.8674166666666667,0.9313520637582047,0.9513520637582047,1.7218261242919501,0.23598929283586803,underdamped
-0.45499999999999985,-0.8674166666666667,0.9313520637582047,0.9513520637582047,1.6621629972990908,0.2206736099153313,underdamped
-0.4224999999999999,-0.8674166666666667,0.9313520637582047,0.9513520637582047,1.6054020754476015,0.2055838200926402,underdamped
-0.3899999999999999,-0.8674166666666667,0.9313520637582047,0.9513520637582047,1.5514052108319991,0.1907252458111334,underdamped
-0.35749999999999993,-0.8674166666666667,0.9313520637582045,0.9513520637582045,1.5000629915343042,0.17610949658991712,underdamped
-0.32499999999999996,-0.8674166666666667,0.9313520637582046,0.9513520637582046,1.4512985244445993,0.16175675370870987,underdamped
-0.2925,-0.8674166666666667,0.9313520637582046,0.9513520637582046,1.4050741696412863,0.14769924994625686,underdamped
-0.26,-0.8674166666666667,0.9313520637582049,0.9513520637582049,1.3614028224054275,0.13398664663131818,underdamped
-0.2274999999999998,-0.8674166666666667,0.9313520637582043,0.9513520637582044,1.3203663728866988,0.12069445517984631,underdamped
-0.19499999999999984,-0.8674166666666667,0.9313520637582048,0.9513520637582048,1.2821455532551351,0.10793733047712241,underdamped
-0.16249999999999987,-0.8674166666666667,0.9313520637582045,0.9513520637582045,1.2470673598420967,0.09588991235395442,underdamped
-0.1299999999999999,-0.8674166666666667,0.9313520637582045,0.9513520637582045,1.215676950537905,0.08481818247098255,underdamped
-0.09749999999999992,-0.8674166666666667,0.9313520637582045,0.9513520637582045,1.18883330065919,0.0751209617007993,underdamped
-0.06499999999999995,-0.8674166666666667,0.9313520637582047,0.9513520637582047,1.1677915020390728,0.06736531058733024,underdamped
-0.03249999999999997,-0.8674166666666667,0.9313520637582047,0.9513520637582047,1.154140433985978,0.06225865630191877,underdamped
2.220446049250313e-16,-0.8674166666666667,0.9313520637582046,0.9513520637582046,1.1493761399692175,0.060462177322420395,underdamped
0.032500000000000195,-0.8674166666666667,0.9313520637582045,0.9513520637582045,1.1541404339859782,0.062258656301918854,underdamped
0.06500000000000017,-0.8674166666666667,0.9313520637582046,0.9513520637582046,1.1677915020390728,0.06736531058733024,underdamped
0.09749999999999992,-0.8674166666666667,0.9313520637582045,0.9513520637582045,1.18883330065919,0.0751209617007993,underdamped
0.13000000000000012,-0.8674166666666667,0.9313520637582047,0.9513520637582047,1.2156769505379057,0.08481818247098279,underdamped
0.1625000000000003,-0.8674166666666667,0.9313520637582046,0.9513520637582046,1.2470673598420976,0.09588991235395472,underdamped
0.19500000000000006,-0.8674166666666667,0.9313520637582047,0.9513520637582047,1.2821455532551354,0.10793733047712248,underdamped
0.22750000000000026,-0.8674166666666667,0.9313520637582047,0.9513520637582047,1.3203663728866997,0.1206944551798466,underdamped
0.26,-0.8674166666666667,0.9313520637582049,0.9513520637582049,1.3614028224054275,0.13398664663131818,underdamped
0.2925000000000002,-0.8674166666666667,0.9313520637582046,0.9513520637582046,1.4050741696412865,0.1476992499462569,underdamped
0.32499999999999996,-0.8674166666666667,0.9313520637582046,0.9513520637582046,1.4512985244445993,0.16175675370870987,underdamped
0.35750000000000015,-0.8674166666666667,0.9313520637582045,0.9513520637582045,1.500062991534304,0.17610949658991706,underdamped
0.3899999999999999,-0.8674166666666667,0.9313520637582047,0.9513520637582047,1.5514052108319991,0.1907252458111334,underdamped
0.4225000000000001,-0.8674166666666667,0.9313520637582046,0.9513520637582046,1.6054020754476017,0.20558382009264028,underdamped
0.4550000000000003,-0.8674166666666667,0.9313520637582043,0.9513520637582044,1.6621629972990917,0.22067360991533155,underdamped
0.48750000000000004,-0.8674166666666667,0.9313520637582045,0.9513520637582045,1.7218261242919508,0.2359892928358682,underdamped
0.5200000000000002,-0.8674166666666667,0.9313520637582048,0.9513520637582048,1.7845565494749234,0.2515303145420529,underdamped
0.5525,-0.8674166666666667,0.9313520637582049,0.9513520637582049,1.850545939232719,0.26729987079164397,underdamped
0.5850000000000002,-0.8674166666666667,0.9313520637582047,0.9513520637582047,1.920013244944791,0.28330422463406807,underdamped
0.6174999999999999,-0.8674166666666667,0.9313520637582045,0.9513520637582045,1.9932063123891444,0.29955225389106827,underdamped
0.6500000000000001,-0.8674166666666667,0.9313520637582046,0.9513520637582046,2.0704043022600405,0.31605516144506596,underdamped
0.6825000000000003,-0.8674166666666667,0.9313520637582047,0.9513520637582047,2.1519209054117083,0.3328263046455992,underdamped
0.7150000000000001,-0.8674166666666667,0.9313520637582046,0.9513520637582046,2.2381083912327853,0.34988111551421713,underdamped
0.7475000000000003,-0.8674166666666667,0.9313520637582046,0.9513520637582046,2.329362575523578,0.36723709364137996,underdamped
0.78,-0.8674166666666667,0.9313520637582045,0.9513520637582045,2.426128841462405,0.38491386068981465,underdamped
0.8125000000000002,-0.8674166666666667,0.9313520637582043,0.9513520637582044,2.5289093985827162,0.4029332704672156,underdamped
0.845,-0.8674166666666667,0.9313520637582045,0.9513520637582045,2.6382720247244085,0.4213195723877774,underdamped
0.8775000000000002,-0.8674166666666667,0.9313520637582048,0.9513520637582048,2.754860609669835,0.4400996293283824,underdamped
0.9100000000000004,-0.8674166666666667,0.9313520637582047,0.9513520637582047,2.879407912709634,0.4593031937735247,underdamped
0.9425000000000001,-0.8674166666666667,0.9313520637582045,0.9513520637582045,3.012751067639135,0.4789632490258535,underdamped
0.9750000000000003,-0.8674166666666667,0.9313520637582046,0.9513520637582046,3.1558505284544127,0.49911642539773987,underdamped
1.0075,-0.8674166666666667,0.9313520637582046,0.9513520637582046,3.309813362376074,0.5198035049613758,underdamped
1.0400000000000003,-0.8674166666666667,0.9313520637582042,0.9513520637582042,3.4759220852541417,0.5410700329309929,underdamped
1.0725,-0.8674166666666667,0.9313520637582046,0.9513520637582046,3.655670628981676,0.5629670594743758,underdamped
1.1050000000000002,-0.8674166666666667,0.9313520637582047,0.9513520637582047,3.850809576936481,0.5855520432318105,underdamped
1.1375,-0.8674166666666667,0.9313520637582046,0.9513520637582046,4.063403569795233,0.6088899578004923,underdamped
1.1700000000000002,-0.8674166666666667,0.9313520637582047,0.9513520637582047,4.295904873537443,0.6330546559887118,underdamped
1.2025000000000003,-0.8674166666666667,0.9313520637582047,0.9513520637582047,4.551248673118239,0.6581305653267822,underdamped
1.235,-0.8674166666666667,0.9313520637582046,0.9513520637582046,4.832977958681421,0.6842148144964512,underdamped
1.2675000000000003,-0.8674166666666667,0.9313520637582046,0.9513520637582046,5.145409305611356,0.7114199276111957,underdamped
1.3,-0.8674166666666667,0.9313520637582047,0.9513520637582047,5.493856067976641,0.7398772772719597,underdamped
1.3325000000000002,-0.8674166666666667,0.9313520637582047,0.9513520637582047,5.8849335995921255,0.7697415670106476,underdamped
1.365,-0.8674166666666667,0.9313520637582046,0.9513520637582046,6.32698396474961,0.8011967337748458,underdamped
1.3975000000000002,-0.8674166666666667,0.9313520637582046,0.9513520637582046,6.8306785192946995,0.8344638460752839,underdamped
1.43,-0.8674166666666667,0.9313520637582045,0.9513520637582045,7.409891788189193,0.8698118657208309,underdamped
1.4625000000000001,-0.8674166666666667,0.9313520637582047,0.9513520637582047,8.083000698165673,0.9075726163105498,underdamped
1.4950000000000003,-0.8674166666666667,0.9313520637582046,0.9513520637582046,8.87487203313191,0.948162099675825,underdamped
1.5275,-0.8674166666666667,0.9313520637582046,0.9513520637582046,9.820004617124667,0.9921116919815824,underdamped
1.5600000000000003,-0.8674166666666667,0.9313520637582048,0.9513520637582048,10.967692866347521,1.040115280191549,underdamped
1.5925,-0.8674166666666667,0.9313520637582046,0.9513520637582046,12.390910969558567,1.0931032365220643,underdamped
1.6250000000000002,-0.8674166666666667,0.9313520637582047,0.9513520637582047,14.20247231862293,1.1523639514869812,underdamped
1.6575,-0.8674166666666667,0.9313520637582046,0.9513520637582046,16.586513418072386,1.219755104383137,underdamped
1.6900000000000002,-0.8674166666666667,0.9313520637582045,0.9513520637582045,19.865439904360887,1.2980981866036232,underdamped
1.7225000000000004,-0.8674166666666667,0.9313520637582045,0.9513520637582045,24.659704657961704,1.3919878708734355,underdamped
1.7550000000000001,-0.8674166666666667,0.9313520637582047,0.9513520637582047,32.335741779455496,1.5096828280797716,underdamped
1.7875000000000003,-0.8674166666666667,0.9313520637582047,0.9513520637582047,46.60891026855228,1.6684689491053597,underdamped
1.82,-0.8674166666666667,0.9313520637582045,0.9513520637582045,82.39460116494553,1.9158987558586704,underdamped
1.8525000000000003,-0.8674166666666667,0.9313520637582048,0.9513520637582048,337.1095882698286,2.5277711051565626,underdamped
-1.8199999999999998,-0.8513333333333333,0.9226772639083144,0.9426772639083144,137.27125156123262,2.13757959335028,underdamped
-1.7874999999999999,-0.8513333333333333,0.9226772639083145,0.9426772639083145,60.23355719208299,1.7798385119050055,underdamped
-1.755,-0.8513333333333333,0.9226772639083144,0.9426772639083144,38.35643763604401,1.5838382651604939,underdamped
-1.7225,-0.8513333333333333,0.9226772639083144,0.9426772639083144,28.01395385611005,1.44737440895594,underdamped
-1.69,-0.8513333333333333,0.9226772639083144,0.9426772639083144,21.9867269201093,1.34216058241512,underdamped
-1.6575,-0.8513333333333333,0.9226772639083144,0.9426772639083144,18.040108218955577,1.2562391384583773,underdamped
-1.625,-0.8513333333333333,0.9226772639083145,0.9426772639083145,15.255265214217827,1.1834197622943945,underdamped
-1.5924999999999998,-0.8513333333333333,0.9226772639083143,0.9426772639083143,13.184973142395553,1.120079249478616,underdamped
-1.56,-0.8513333333333333,0.9226772639083144,0.9426772639083144,11.585448709332717,1.0639128588608577,underdamped
-1.5274999999999999,-0.8513333333333333,0.9226772639083144,0.9426772639083144,10.31248131801599,1.0133631747953231,underdamped
-1.4949999999999999,-0.8513333333333333,0.9226772639083145,0.9426772639083145,9.275305551836732,0.9673282252726229,underdamped
-1.4625,-0.8513333333333333,0.9226772639083144,0.9426772639083144,8.413941862576982,0.9249995068669487,underdamped
-1.43,-0.8513333333333333,0.9226772639083144,0.9426772639083144,7.687164462580475,0.8857661726559883,underdamped
-1.3975,-0.8513333333333333,0.9226772639083147,0.9426772639083147,7.065703151269491,0.8491553876312763,underdamped
-1.365,-0.8513333333333333,0.9226772639083145,0.9426772639083145,6.52820242819071,0.8147936126703101,underdamped
-1.3325,-0.8513333333333333,0.9226772639083144,0.9426772639083144,6.058715784023108,0.7823805801041325,underdamped
-1.2999999999999998,-0.8513333333333333,0.9226772639083146,0.9426772639083146,5.645095253322574,0.7516712744529017,underdamped
-1.2675,-0.8513333333333333,0.9226772639083146,0.9426772639083146,5.277924025646539,0.7224631343721036,underdamped
-1.2349999999999999,-0.8513333333333333,0.9226772639083145,0.9426772639083145,4.949789839834936,0.6945867598754688,underdamped
-1.2025,-0.8513333333333333,0.9226772639083143,0.9426772639083143,4.6547786417986385,0.6678990329153888,underdamped
-1.17,-0.8513333333333333,0.9226772639083143,0.9426772639083143,4.388114355182843,0.6422779368556716,underdamped
-1.1375,-0.8513333333333333,0.9226772639083143,0.9426772639083143,4.145897834172695,0.6176185957313755,underdamped
-1.105,-0.8513333333333333,0.9226772639083143,0.9426772639083143,3.924914539742622,0.5938302049482103,underdamped
-1.0724999999999998,-0.8513333333333333,0.9226772639083144,0.9426772639083144,3.7224907220319396,0.570833623986241,underdamped
-1.04,-0.8513333333333333,0.9226772639083144,0.9426772639083144,3.536384415321042,0.548559467986514,underdamped
-1.0074999999999998,-0.8513333333333333,0.9226772639083145,0.9426772639083145,3.3647017996087323,0.5269465804402037,underdamped
-0.9749999999999999,-0.8513333333333333,0.9226772639083142,0.9426772639083142,3.20583230364417,0.5059408007671001,underdamped
-0.9424999999999999,-0.8513333333333333,0.9226772639083144,0.9426772639083144,3.05839773179393,0.485493962924343,underdamped
-0.9099999999999999,-0.8513333333333333,0.9226772639083145,0.9426772639083145,2.921212008568168,0.46556307727824836,underdamped
-0.8775,-0.8513333333333333,0.9226772639083145,0.9426772639083145,2.7932490501169225,0.4461096597502188,underdamped
-0.845,-0.8513333333333333,0.9226772639083145,0.9426772639083145,2.6736169201957356,0.42709918102492517,underdamped
-0.8125,-0.8513333333333333,0.9226772639083144,0.9426772639083144,2.5615368931612164,0.4085006152898347,underdamped
-0.78,-0.8513333333333333,0.9226772639083144,0.9426772639083144,2.456326384469359,0.3902860732005172,underdamped
-0.7474999999999998,-0.8513333333333333,0.9226772639083143,0.9426772639083143,2.357384957725174,0.3724305080077876,underdamped
-0.7149999999999999,-0.8513333333333333,0.9226772639083145,0.9426772639083145,2.2641828025113133,0.35491148740890577,underdamped
-0.6824999999999999,-0.8513333333333333,0.9226772639083143,0.9426772639083143,2.1762512170926995,0.3377090270094752,underdamped
-0.6499999999999999,-0.8513333333333333,0.9226772639083146,0.9426772639083146,2.0931747375095293,0.32080548460650743,underdamped
-0.6174999999999999,-0.8513333333333333,0.9226772639083144,0.9426772639083144,2.0145846389097604,0.3041855181574021,underdamped
-0.585,-0.8513333333333333,0.9226772639083144,0.9426772639083144,1.9401536033530664,0.28783611469716713,underdamped
-0.5525,-0.8513333333333333,0.9226772639083145,0.9426772639083145,1.8695914065078314,0.27174670317385474,underdamped
-0.5199999999999998,-0.8513333333333333,0.9226772639083144,0.9426772639083144,1.8026415288310849,0.2559093720197232,underdamped
-0.4874999999999998,-0.8513333333333333,0.9226772639083146,0.9426772639083146,1.7390786502903008,0.24031922352926663,underdamped
-0.45499999999999985,-0.8513333333333333,0.9226772639083144,0.9426772639083144,1.6787070478188428,0.2249749137578417,underdamped
-0.4224999999999999,-0.8513333333333333,0.9226772639083143,0.9426772639083143,1.6213599901282092,0.20987945184338244,underdamped
-0.3899999999999999,-0.8513333333333333,0.9226772639083143,0.9426772639083143,1.5669003279693994,0.19504137145925707,underdamped
-0.35749999999999993,-0.8513333333333333,0.9226772639083144,0.9426772639083144,1.515222629054101,0.1804764476676069,underdamped
-0.32499999999999996,-0.8513333333333333,0.9226772639083142,0.9426772639083142,1.4662574360032834,0.1662102276177064,underdamped
-0.2925,-0.8513333333333333,0.9226772639083144,0.9426772639083144,1.4199785783474896,0.15228179271006176,underdamped
-0.26,-0.8513333333333333,0.9226772639083144,0.9426772639083144,1.3764150062283442,0.13874939882729836,underdamped
-0.2274999999999998,-0.8513333333333333,0.9226772639083144,0.9426772639083144,1.3356693863086215,0.1256989720087383,underdamped
-0.19499999999999984,-0.8513333333333333,0.9226772639083143,0.9426772639083143,1.2979466439197445,0.11325683982374357,underdamped
-0.16249999999999987,-0.8513333333333333,0.9226772639083143,0.9426772639083143,1.2635961819233523,0.10160830497280371,underdamped
-0.1299999999999999,-0.8513333333333333,0.9226772639083143,0.9426772639083143,1.2331694670478732,0.09102276317027976,underdamped
-0.09749999999999992,-0.8513333333333333,0.9226772639083144,0.9426772639083144,1.207483774329813,0.08188130359218526,underdamped
-0.06499999999999995,-0.8513333333333333,0.9226772639083142,0.9426772639083142,1.1876508740196239,0.07468879269023647,underdamped
-0.03249999999999997,-0.8513333333333333,0.9226772639083146,0.9426772639083146,1.1749724841328202,0.07002769628502814,underdamped
2.220446049250313e-16,-0.8513333333333333,0.9226772639083144,0.9426772639083144,1.1705900847314294,0.06840484118200252,underdamped
0.032500000000000195,-0.8513333333333333,0.9226772639083145,0.9426772639083145,1.1749724841328197,0.07002769628502797,underdamped
0.06500000000000017,-0.8513333333333333,0.9226772639083144,0.9426772639083144,1.187650874019624,0.07468879269023655,underdamped
0.09749999999999992,-0.8513333333333333,0.9226772639083144,0.9426772639083144,1.207483774329813,0.08188130359218526,underdamped
0.13000000000000012,-0.8513333333333333,0.9226772639083143,0.9426772639083143,1.2331694670478728,0.0910227631702796,underdamped
0.1625000000000003,-0.8513333333333333,0.9226772639083142,0.9426772639083142,1.263596181923353,0.10160830497280395,underdamped
0.19500000000000006,-0.8513333333333333,0.9226772639083144,0.9426772639083144,1.2979466439197442,0.1132568398237435,underdamped
0.22750000000000026,-0.8513333333333333,0.9226772639083144,0.9426772639083144,1.335669386308622,0.12569897200873847,underdamped
0.26,-0.8513333333333333,0.9226772639083144,0.9426772639083144,1.3764150062283442,0.13874939882729836,underdamped
0.2925000000000002,-0.8513333333333333,0.9226772639083143,0.9426772639083143,1.4199785783474905,0.15228179271006204,underdamped
0.32499999999999996,-0.8513333333333333,0.9226772639083142,0.9426772639083142,1.4662574360032834,0.1662102276177064,underdamped
0.35750000000000015,-0.8513333333333333,0.9226772639083146,0.9426772639083146,1.515222629054101,0.1804764476676069,underdamped
0.3899999999999999,-0.8513333333333333,0.9226772639083143,0.9426772639083143,1.5669003279693994,0.19504137145925707,underdamped
0.4225000000000001,-0.8513333333333333,0.9226772639083143,0.9426772639083143,1.6213599901282092,0.20987945184338244,underdamped
0.4550000000000003,-0.8513333333333333,0.9226772639083144,0.9426772639083144,1.6787070478188433,0.22497491375784182,underdamped
0.48750000000000004,-0.8513333333333333,0.9226772639083143,0.9426772639083143,1.7390786502903022,0.24031922352926696,underdamped
0.5200000000000002,-0.8513333333333333,0.9226772639083143,0.9426772639083143,1.8026415288310853,0.2559093720197233,underdamped
0.5525,-0.8513333333333333,0.9226772639083145,0.9426772639083145,1.8695914065078314,0.27174670317385474,underdamped
0.5850000000000002,-0.8513333333333333,0.9226772639083144,0.9426772639083144,1.940153603353067,0.28783611469716724,underdamped
0.6174999999999999,-0.8513333333333333,0.9226772639083144,0.9426772639083144,2.0145846389097604,0.3041855181574021,underdamped
0.6500000000000001,-0.8513333333333333,0.9226772639083145,0.9426772639083145,2.09317473750953,0.3208054846065076,underdamped
0.6825000000000003,-0.8513333333333333,0.9226772639083145,0.9426772639083145,2.1762512170926995,0.3377090270094752,underdamped
0.7150000000000001,-0.8513333333333333,0.9226772639083144,0.9426772639083144,2.264182802511314,0.35491148740890593,underdamped
0.7475000000000003,-0.8513333333333333,0.9226772639083147,0.9426772639083147,2.357384957725174,0.3724305080077876,underdamped
0.78,-0.8513333333333333,0.9226772639083144,0.9426772639083144,2.456326384469359,0.3902860732005172,underdamped
0.8125000000000002,-0.8513333333333333,0.9226772639083144,0.9426772639083144,2.5615368931612172,0.40850061528983483,underdamped
0.845,-0.8513333333333333,0.9226772639083145,0.9426772639083145,2.6736169201957356,0.42709918102492517,underdamped
0.8775000000000002,-0.8513333333333333,0.9226772639083146,0.9426772639083146,2.7932490501169207,0.44610965975021855,underdamped
0.9100000000000004,-0.8513333333333333,0.9226772639083145,0.9426772639083145,2.9212120085681685,0.4655630772782484,underdamped
0.9425000000000001,-0.8513333333333333,0.9226772639083145,0.9426772639083145,3.058397731793931,0.4854939629243431,underdamped
0.9750000000000003,-0.8513333333333333,0.9226772639083144,0.9426772639083144,3.205832303644173,0.5059408007671006,underdamped
1.0075,-0.8513333333333333,0.9226772639083145,0.9426772639083145,3.3647017996087336,0.5269465804402039,underdamped
1.0400000000000003,-0.8513333333333333,0.9226772639083144,0.9426772639083144,3.536384415321046,0.5485594679865144,underdamped
1.0725,-0.8513333333333333,0.9226772639083144,0.9426772639083144,3.7224907220319388,0.5708336239862409,underdamped
1.1050000000000002,-0.8513333333333333,0.9226772639083143,0.9426772639083143,3.9249145397426215,0.5938302049482103,underdamped
1.1375,-0.8513333333333333,0.9226772639083143,0.9426772639083143,4.145897834172695,0.6176185957313755,underdamped
1.1700000000000002,-0.8513333333333333,0.9226772639083143,0.9426772639083143,4.388114355182848,0.642277936855672,underdamped
1.2025000000000003,-0.8513333333333333,0.9226772639083143,0.9426772639083143,4.654778641798645,0.6678990329153893,underdamped
1.235,-0.8513333333333333,0.9226772639083145,0.9426772639083145,4.949789839834939,0.6945867598754691,underdamped
1.2675000000000003,-0.8513333333333333,0.9226772639083144,0.9426772639083144,5.277924025646543,0.722463134372104,underdamped
1.3,-0.8513333333333333,0.9226772639083146,0.9426772639083146,5.645095253322579,0.7516712744529022,underdamped
1.3325000000000002,-0.8513333333333333,0.9226772639083146,0.9426772639083146,6.058715784023112,0.7823805801041328,underdamped
1.365,-0.8513333333333333,0.9226772639083145,0.9426772639083145,6.52820242819071,0.8147936126703101,underdamped
1.3975000000000002,-0.8513333333333333,0.9226772639083145,0.9426772639083145,7.065703151269501,0.849155387631277,underdamped
1.43,-0.8513333333333333,0.9226772639083144,0.9426772639083144,7.687164462580475,0.8857661726559883,underdamped
1.4625000000000001,-0.8513333333333333,0.9226772639083144,0.9426772639083144,8.41394186257698,0.9249995068669487,underdamped
1.4950000000000003,-0.8513333333333333,0.9226772639083143,0.9426772639083143,9.275305551836757,0.967328225272624,underdamped
1.5275,-0.8513333333333333,0.9226772639083144,0.9426772639083144,10.312481318016017,1.0133631747953242,underdamped
1.5600000000000003,-0.8513333333333333,0.9226772639083144,0.9426772639083144,11.58544870933272,1.0639128588608577,underdamped
1.5925,-0.8513333333333333,0.9226772639083145,0.9426772639083145,13.18497314239557,1.1200792494786165,underdamped
1.6250000000000002,-0.8513333333333333,0.9226772639083143,0.9426772639083143,15.255265214217827,1.1834197622943945,underdamped
1.6575,-0.8513333333333333,0.9226772639083144,0.9426772639083144,18.040108218955577,1.2562391384583773,underdamped
1.6900000000000002,-0.8513333333333333,0.9226772639083145,0.9426772639083145,21.98672692010929,1.3421605824151197,underdamped
1.7225000000000004,-0.8513333333333333,0.9226772639083145,0.9426772639083145,28.013953856110106,1.4473744089559408,underdamped
1.7550000000000001,-0.8513333333333333,0.9226772639083144,0.9426772639083144,38.356437636044156,1.5838382651604956,underdamped
1.7875000000000003,-0.8513333333333333,0.9226772639083144,0.9426772639083144,60.23355719208338,1.7798385119050084,underdamped
1.82,-0.8513333333333333,0.9226772639083144,0.9426772639083144,137.27125156123364,2.1375795933502832,underdamped
-1.8199999999999998,-0.83525,0.9139201278011116,0.9354400958508338,421.51238539321923,2.6248103401206797,underdamped
-1.7874999999999999,-0.83525,0.9139201278011115,0.9354400958508337,85.3545928758471,1.9312268951867781,underdamped
-1.755,-0.83525,0.9139201278011115,0.9354400958508337,47.14622095314266,1.6734468872118005,underdamped
-1.7225,-0.83525,0.9139201278011115,0.9354400958508337,32.40360691391986,1.510593355133332,underdamped
-1.69,-0.83525,0.9139201278011115,0.9354400958508337,24.587874361183317,1.3907209853019107,underdamped
-1.6575,-0.83525,0.9139201278011115,0.9354400958508337,19.74568188911106,1.2954721360753356,underdamped
-1.625,-0.83525,0.9139201278011116,0.9354400958508338,16.451209710396736,1.2161978385311867,underdamped
-1.5924999999999998,-0.83525,0.9139201278011114,0.9354400958508335,14.064595895258718,1.1481272585075852,underdamped
-1.56,-0.83525,0.9139201278011114,0.9354400958508335,12.255971660122343,1.088347748056584,underdamped
-1.5274999999999999,-0.83525,0.9139201278011115,0.9354400958508337,10.838014676943216,1.0349497348025147,underdamped
-1.4949999999999999,-0.83525,0.9139201278011114,0.9354400958508335,9.69645811336514,0.986613125737909,underdamped
-1.4625,-0.83525,0.9139201278011115,0.9354400958508337,8.757640213093698,0.9423870992624008,underdamped
-1.43,-0.83525,0.9139201278011115,0.9354400958508337,7.971939569817667,0.901563997931837,underdamped
-1.3975,-0.83525,0.9139201278011116,0.9354400958508338,7.304707750253323,0.863602845185953,underdamped
-1.365,-0.83525,0.9139201278011118,0.9354400958508338,6.731018030235389,0.8280807538937314,underdamped
-1.3325,-0.83525,0.9139201278011116,0.9354400958508338,6.2324793289319365,0.7946608467673582,underdamped
-1.2999999999999998,-0.83525,0.9139201278011116,0.9354400958508338,5.795226072084299,0.7630703824814369,underdamped
-1.2675,-0.83525,0.9139201278011115,0.9354400958508337,5.408606975266508,0.7330854239130338,underdamped
-1.2349999999999999,-0.83525,0.9139201278011118,0.9354400958508338,5.064304763995849,0.7045198331347025,underdamped
-1.2025,-0.83525,0.9139201278011115,0.9354400958508337,4.755730179867271,0.6772172066029034,underdamped
-1.17,-0.83525,0.9139201278011116,0.9354400958508338,4.47759548902574,0.6510448563669118,underdamped
-1.1375,-0.83525,0.9139201278011116,0.9354400958508338,4.225608381894694,0.625889245327967,underdamped
-1.105,-0.83525,0.9139201278011115,0.9354400958508337,3.996248400557851,0.6016524754595283,underdamped
-1.0724999999999998,-0.83525,0.9139201278011118,0.9354400958508338,3.786601055187883,0.5782495515805001,underdamped
-1.04,-0.83525,0.9139201278011113,0.9354400958508335,3.5942329832550364,0.5556062252667068,underdamped
-1.0074999999999998,-0.83525,0.9139201278011114,0.9354400958508335,3.4170967783859663,0.5336572789813204,underdamped
-0.9749999999999999,-0.83525,0.9139201278011113,0.9354400958508335,3.2534575815085045,0.5123451487871389,underdamped
-0.9424999999999999,-0.83525,0.9139201278011115,0.9354400958508337,3.101835848445161,0.4916188108854542,underdamped
-0.9099999999999999,-0.83525,0.9139201278011116,0.9354400958508338,2.960962290401733,0.4714328764285672,underdamped
-0.8775,-0.83525,0.9139201278011115,0.9354400958508337,2.8297420795757726,0.4517468530078028,underdamped
-0.845,-0.83525,0.9139201278011115,0.9354400958508337,2.7072261822601935,0.4325245415495843,underdamped
-0.8125,-0.83525,0.9139201278011116,0.9354400958508338,2.5925882306313666,0.41373354516688843,underdamped
-0.78,-0.83525,0.9139201278011116,0.9354400958508338,2.485105740659725,0.3953448725896809,underdamped
-0.7474999999999998,-0.83525,0.9139201278011116,0.9354400958508338,2.38414477335125,0.37733262370182574,underdamped
-0.7149999999999999,-0.83525,0.9139201278011115,0.9354400958508337,2.2891473511978933,0.35967374887920817,underdamped
-0.6824999999999999,-0.83525,0.9139201278011116,0.9354400958508338,2.1996211030016166,0.34234787761885666,underdamped
-0.6499999999999999,-0.83525,0.9139201278011115,0.9354400958508337,2.115130733457435,0.3253372157131782,underdamped
-0.6174999999999999,-0.83525,0.9139201278011114,0.9354400958508335,2.035291010109228,0.3086265143223477,underdamped
-0.585,-0.83525,0.9139201278011115,0.9354400958508337,1.9597610378328572,0.292203119174085,underdamped
-0.5525,-0.83525,0.9139201278011115,0.9354400958508337,1.888239656457634,0.2760571143644777,underdamped
-0.5199999999999998,-0.83525,0.9139201278011115,0.9354400958508337,1.820461856258685,0.26018158368747485,underdamped
-0.4874999999999998,-0.83525,0.9139201278011115,0.9354400958508337,1.7561961645090947,0.24457302432958994,underdamped
-0.45499999999999985,-0.83525,0.9139201278011116,0.9354400958508338,1.6952430204951783,0.22923196501384868,underdamped
-0.4224999999999999,-0.83525,0.9139201278011115,0.9354400958508337,1.637434234567908,0.2141638661369083,underdamped
-0.3899999999999999,-0.83525,0.9139201278011118,0.9354400958508338,1.582633730213989,0.19938041748254595,underdamped
-0.35749999999999993,-0.83525,0.9139201278011116,0.9354400958508338,1.5307399127392651,0.1849014062060171,underdamped
-0.32499999999999996,-0.83525,0.9139201278011113,0.9354400958508335,1.481690215882597,0.1707574130927057,underdamped
-0.2925,-0.83525,0.9139201278011113,0.9354400958508335,1.4354686750640104,0.15699371971982418,underdamped
-0.26,-0.83525,0.9139201278011119,0.9354400958508339,1.3921177825895292,0.14367598108253118,underdamped
-0.2274999999999998,-0.83525,0.9139201278011116,0.9354400958508338,1.3517563643119122,0.1308984229889516,underdamped
-0.19499999999999984,-0.83525,0.9139201278011115,0.9354400958508337,1.314605559398956,0.11879546455714683,underdamped
-0.16249999999999987,-0.83525,0.9139201278011118,0.9354400958508338,1.2810244122460404,0.10755740609341728,underdamped
-0.1299999999999999,-0.83525,0.9139201278011118,0.9354400958508338,1.2515529708991542,0.09744923547229999,underdamped
-0.09749999999999992,-0.83525,0.9139201278011116,0.9354400958508338,1.2269495884515809,0.08882671928196467,underdamped
-0.06499999999999995,-0.83525,0.9139201278011115,0.9354400958508337,1.2081848948040892,0.08213340170942143,underdamped
-0.03249999999999997,-0.83525,0.9139201278011115,0.9354400958508337,1.1963252008083984,0.07784925132376858,underdamped
2.220446049250313e-16,-0.83525,0.9139201278011115,0.9354400958508337,1.1922548602145937,0.07636910150647225,underdamped
0.032500000000000195,-0.83525,0.9139201278011116,0.9354400958508338,1.196325200808399,0.07784925132376883,underdamped
0.06500000000000017,-0.83525,0.9139201278011115,0.9354400958508337,1.2081848948040892,0.08213340170942143,underdamped
0.09749999999999992,-0.83525,0.9139201278011116,0.9354400958508338,1.2269495884515809,0.08882671928196467,underdamped
0.13000000000000012,-0.83525,0.9139201278011115,0.9354400958508337,1.2515529708991544,0.09744923547230007,underdamped
0.1625000000000003,-0.83525,0.9139201278011116,0.9354400958508338,1.2810244122460401,0.1075574060934172,underdamped
0.19500000000000006,-0.83525,0.9139201278011114,0.9354400958508335,1.3146055593989558,0.11879546455714675,underdamped
0.22750000000000026,-0.83525,0.9139201278011114,0.9354400958508335,1.3517563643119126,0.13089842298895174,underdamped
0.26,-0.83525,0.9139201278011119,0.9354400958508339,1.3921177825895292,0.14367598108253118,underdamped
0.2925000000000002,-0.83525,0.9139201278011114,0.9354400958508335,1.4354686750640113,0.15699371971982445,underdamped
0.32499999999999996,-0.83525,0.9139201278011113,0.9354400958508335,1.481690215882597,0.1707574130927057,underdamped
0.35750000000000015,-0.83525,0.9139201278011115,0.9354400958508337,1.530739912739266,0.1849014062060174,underdamped
0.3899999999999999,-0.83525,0.9139201278011118,0.9354400958508338,1.582633730213989,0.19938041748254595,underdamped
0.4225000000000001,-0.83525,0.9139201278011115,0.9354400958508337,1.637434234567908,0.2141638661369083,underdamped
0.4550000000000003,-0.83525,0.9139201278011116,0.9354400958508338,1.6952430204951805,0.22923196501384924,underdamped
0.48750000000000004,-0.83525,0.9139201278011114,0.9354400958508335,1.7561961645090947,0.24457302432958994,underdamped
0.5200000000000002,-0.83525,0.9139201278011113,0.9354400958508335,1.8204618562586856,0.260181583687475,underdamped
0.5525,-0.83525,0.9139201278011115,0.9354400958508337,1.888239656457634,0.2760571143644777,underdamped
0.5850000000000002,-0.83525,0.9139201278011114,0.9354400958508335,1.9597610378328592,0.2922031191740854,underdamped
0.6174999999999999,-0.83525,0.9139201278011114,0.9354400958508335,2.035291010109228,0.3086265143223477,underdamped
0.6500000000000001,-0.83525,0.9139201278011116,0.9354400958508338,2.1151307334574336,0.3253372157131779,underdamped
0.6825000000000003,-0.83525,0.9139201278011115,0.9354400958508337,2.199621103001617,0.34234787761885677,underdamped
0.7150000000000001,-0.83525,0.9139201278011115,0.9354400958508337,2.289147351197894,0.3596737488792084,underdamped
0.7475000000000003,-0.83525,0.9139201278011116,0.9354400958508338,2.384144773351251,0.3773326237018259,underdamped
0.78,-0.83525,0.9139201278011116,0.9354400958508338,2.485105740659725,0.3953448725896809,underdamped
0.8125000000000002,-0.83525,0.9139201278011115,0.9354400958508337,2.5925882306313675,0.41373354516688854,underdamped
0.845,-0.83525,0.9139201278011115,0.9354400958508337,2.7072261822601935,0.4325245415495843,underdamped
0.8775000000000002,-0.83525,0.9139201278011114,0.9354400958508335,2.8297420795757766,0.45174685300780343,underdamped
0.9100000000000004,-0.83525,0.9139201278011115,0.9354400958508337,2.9609622904017345,0.47143287642856735,underdamped
0.9425000000000001,-0.83525,0.9139201278011115,0.9354400958508337,3.101835848445161,0.4916188108854542,underdamped
0.9750000000000003,-0.83525,0.9139201278011116,0.9354400958508338,3.253457581508506,0.5123451487871391,underdamped
1.0075,-0.83525,0.9139201278011114,0.9354400958508335,3.4170967783859667,0.5336572789813205,underdamped
1.0400000000000003,-0.83525,0.9139201278011113,0.9354400958508335,3.5942329832550364,0.5556062252667068,underdamped
1.0725,-0.83525,0.9139201278011115,0.9354400958508337,3.786601055187884,0.5782495515805002,underdamped
1.1050000000000002,-0.83525,0.9139201278011116,0.9354400958508338,3.996248400557851,0.6016524754595283,underdamped
1.1375,-0.83525,0.9139201278011116,0.9354400958508338,4.225608381894694,0.625889245327967,underdamped
1.1700000000000002,-0.83525,0.9139201278011116,0.9354400958508338,4.4775954890257434,0.6510448563669121,underdamped
1.2025000000000003,-0.83525,0.9139201278011115,0.9354400958508337,4.7557301798672755,0.6772172066029039,underdamped
1.235,-0.83525,0.9139201278011116,0.9354400958508338,5.0643047639958505,0.7045198331347027,underdamped
1.2675000000000003,-0.83525,0.9139201278011115,0.9354400958508337,5.408606975266514,0.7330854239130342,underdamped
1.3,-0.83525,0.9139201278011115,0.9354400958508337,5.795226072084312,0.7630703824814379,underdamped
1.3325000000000002,-0.83525,0.9139201278011115,0.9354400958508337,6.232479328931948,0.7946608467673589,underdamped
1.365,-0.83525,0.9139201278011118,0.9354400958508338,6.731018030235389,0.8280807538937314,underdamped
1.3975000000000002,-0.83525,0.9139201278011118,0.9354400958508338,7.30470775025332,0.8636028451859529,underdamped
1.43,-0.83525,0.9139201278011115,0.9354400958508337,7.971939569817667,0.901563997931837,underdamped
1.4625000000000001,-0.83525,0.9139201278011116,0.9354400958508338,8.757640213093694,0.9423870992624007,underdamped
1.4950000000000003,-0.83525,0.9139201278011113,0.9354400958508335,9.696458113365159,0.9866131257379099,underdamped
1.5275,-0.83525,0.9139201278011116,0.9354400958508338,10.838014676943232,1.0349497348025154,underdamped
1.5600000000000003,-0.83525,0.9139201278011118,0.9354400958508338,12.255971660122347,1.0883477480565842,underdamped
1.5925,-0.83525,0.9139201278011114,0.9354400958508335,14.064595895258737,1.1481272585075857,underdamped
1.6250000000000002,-0.83525,0.9139201278011115,0.9354400958508337,16.4512097103968,1.2161978385311885,underdamped
1.6575,-0.83525,0.9139201278011115,0.9354400958508337,19.74568188911106,1.2954721360753356,underdamped
1.6900000000000002,-0.83525,0.9139201278011115,0.9354400958508337,24.587874361183328,1.390720985301911,underdamped
1.7225000000000004,-0.83525,0.9139201278011114,0.9354400958508335,32.40360691391989,1.5105933551333321,underdamped
1.7550000000000001,-0.83525,0.9139201278011118,0.9354400958508338,47.1462209531427,1.673446887211801,underdamped
1.7875000000000003,-0.83525,0.9139201278011114,0.9354400958508335,85.35459287584716,1.9312268951867784,underdamped
1.82,-0.83525,0.9139201278011116,0.9354400958508338,421.5123853932319,2.624810340120693,underdamped
-1.7874999999999999,-0.8191666666666666,0.9050782654923643,0.9288086991192732,148.55552355225282,2.1718888042626494,underdamped
-1.755,-0.8191666666666666,0.905078265492364,0.928808699119273,61.48096427892609,1.7887406704368891,underdamped
-1.7225,-0.8191666666666666,0.9050782654923644,0.9288086991192732,38.530853805758134,1.5858086326574605,underdamped
-1.69,-0.8191666666666666,0.9050782654923643,0.9288086991192732,27.93319196514914,1.4461205659782392,underdamped
-1.6575,-0.8191666666666666,0.9050782654923643,0.9288086991192732,21.829823755457177,1.339050229417733,underdamped
-1.625,-0.8191666666666666,0.9050782654923643,0.9288086991192732,17.861865607444038,1.2519268174139182,underdamped
-1.5924999999999998,-0.8191666666666666,0.9050782654923641,0.9288086991192731,15.07541405703834,1.178269249184822,underdamped
-1.56,-0.8191666666666666,0.9050782654923643,0.9288086991192732,13.011086796709936,1.114313574048229,underdamped
-1.5274999999999999,-0.8191666666666666,0.9050782654923646,0.9288086991192734,11.420329679152875,1.0576786411926893,underdamped
-1.4949999999999999,-0.8191666666666666,0.9050782654923641,0.9288086991192731,10.156918932190205,1.0067619861289685,underdamped
-1.4625,-0.8191666666666666,0.9050782654923643,0.9288086991192732,9.129213667851008,0.9604333717927732,underdamped
-1.43,-0.8191666666666666,0.905078265492364,0.928808699119273,8.276861309008375,0.9178656780166571,underdamped
-1.3975,-0.8191666666666666,0.9050782654923643,0.9288086991192732,7.558494673167267,0.8784353113434633,underdamped
-1.365,-0.8191666666666666,0.9050782654923641,0.9288086991192731,6.944810999888336,0.8416604310927166,underdamped
-1.3325,-0.8191666666666666,0.9050782654923643,0.9288086991192732,6.4144728402000375,0.807160970609696,underdamped
-1.2999999999999998,-0.8191666666666666,0.9050782654923644,0.9288086991192732,5.951573916890991,0.7746318317839956,underdamped
-1.2675,-0.8191666666666666,0.9050782654923643,0.9288086991192732,5.544014599852451,0.7438243652954905,underdamped
-1.2349999999999999,-0.8191666666666666,0.9050782654923644,0.9288086991192732,5.182427582983282,0.7145332421637774,underdamped
-1.2025,-0.8191666666666666,0.9050782654923645,0.9288086991192733,4.859447979484785,0.6865869373528231,underdamped
-1.17,-0.8191666666666666,0.9050782654923645,0.9288086991192733,4.569205552460948,0.6598406958739417,underdamped
-1.1375,-0.8191666666666666,0.9050782654923643,0.9288086991192732,4.306964021141096,0.6341712438347729,underdamped
-1.105,-0.8191666666666666,0.9050782654923644,0.9288086991192732,4.068860034988722,0.6094727507828657,underdamped
-1.0724999999999998,-0.8191666666666666,0.9050782654923643,0.9288086991192732,3.8517111042647905,0.5856537056257105,underdamped
-1.04,-0.8191666666666666,0.9050782654923643,0.9288086991192732,3.652872135853497,0.5626344705515994,underdamped
-1.0074999999999998,-0.8191666666666666,0.9050782654923643,0.9288086991192732,3.4701268109286305,0.5403453457650088,underdamped
-0.9749999999999999,-0.8191666666666666,0.9050782654923645,0.9288086991192733,3.3016043233572345,0.5187250245660402,underdamped
-0.9424999999999999,-0.8191666666666666,0.9050782654923639,0.928808699119273,3.145714837599585,0.497719350814257,underdamped
-0.9099999999999999,-0.8191666666666666,0.9050782654923641,0.9288086991192731,3.001098942770265,0.4772803138489785,underdamped
-0.8775,-0.8191666666666666,0.9050782654923643,0.9288086991192732,2.8665876966067767,0.457365232547052,underdamped
-0.845,-0.8191666666666666,0.9050782654923645,0.9288086991192733,2.741170771633456,0.4379360924048129,underdamped
-0.8125,-0.8191666666666666,0.9050782654923643,0.9288086991192732,2.623970865685663,0.4189590086982135,underdamped
-0.78,-0.8191666666666666,0.9050782654923645,0.9288086991192733,2.514223005051944,0.40040379585121305,underdamped
-0.7474999999999998,-0.8191666666666666,0.9050782654923641,0.9288086991192731,2.4112577072082373,0.38224362880856466,underdamped
-0.7149999999999999,-0.8191666666666666,0.9050782654923644,0.9288086991192732,2.314487219558223,0.36445478698071554,underdamped
-0.6824999999999999,-0.8191666666666666,0.9050782654923641,0.9288086991192731,2.223394236920998,0.3470164756270746,underdamped
-0.6499999999999999,-0.8191666666666666,0.9050782654923645,0.9288086991192733,2.1375226420218896,0.32991072375253083,underdamped
-0.6174999999999999,-0.8191666666666666,0.9050782654923643,0.9288086991192732,2.056469923044439,0.31312236210614536,underdamped
-0.585,-0.8191666666666666,0.9050782654923643,0.9288086991192732,1.9798810100836954,0.29663909015198886,underdamped
-0.5525,-0.8191666666666666,0.9050782654923644,0.9288086991192732,1.907443345646941,0.2804516475242673,underdamped
-0.5199999999999998,-0.8191666666666666,0.9050782654923644,0.9288086991192732,1.8388830695254392,0.2645541142982193,underdamped
-0.4874999999999998,-0.8191666666666666,0.9050782654923643,0.9288086991192732,1.7739622613564048,0.24894437656729673,underdamped
-0.45499999999999985,-0.8191666666666666,0.9050782654923643,0.9288086991192732,1.7124772513037845,0.23362481099724708,underdamped
-0.4224999999999999,-0.8191666666666666,0.9050782654923641,0.9288086991192731,1.65425808792135,0.21860326665311275,underdamped
-0.3899999999999999,-0.8191666666666666,0.905078265492364,0.928808699119273,1.5991693516881493,0.2038944578732775,underdamped
-0.35749999999999993,-0.8191666666666666,0.9050782654923643,0.9288086991192732,1.5471126344266546,0.1895219327874678,underdamped
-0.32499999999999996,-0.8191666666666666,0.9050782654923644,0.9288086991192732,1.4980311814520013,0.17552085327773576,underdamped
-0.2925,-0.8191666666666666,0.9050782654923644,0.9288086991192732,1.4519174227300928,0.16194191672738395,underdamped
-0.26,-0.8191666666666666,0.9050782654923643,0.9288086991192732,1.4088243854314182,0.148856860255251,underdamped
-0.2274999999999998,-0.8191666666666666,0.9050782654923643,0.9288086991192732,1.3688821894699703,0.13636607292235353,underdamped
-0.19499999999999984,-0.8191666666666666,0.9050782654923641,0.9288086991192731,1.3323206763996052,0.1246087677991973,underdamped
-0.16249999999999987,-0.8191666666666666,0.9050782654923643,0.9288086991192732,1.2994979143331489,0.11377558680407149,underdamped
-0.1299999999999999,-0.8191666666666666,0.9050782654923643,0.9288086991192732,1.2709301281829717,0.1041216750396916,underdamped
-0.09749999999999992,-0.8191666666666666,0.9050782654923644,0.9288086991192732,1.2473087997713903,0.09597398630481116,underdamped
-0.06499999999999995,-0.8191666666666666,0.9050782654923644,0.9288086991192732,1.2294742450103633,0.08971943558223167,underdamped
-0.03249999999999997,-0.8191666666666666,0.9050782654923641,0.9288086991192731,1.218302585954545,0.08575516603896761,underdamped
2.220446049250313e-16,-0.8191666666666666,0.9050782654923643,0.9288086991192732,1.214488988964246,0.08439358167408817,underdamped
0.032500000000000195,-0.8191666666666666,0.9050782654923644,0.9288086991192732,1.2183025859545449,0.08575516603896753,underdamped
0.06500000000000017,-0.8191666666666666,0.9050782654923643,0.9288086991192732,1.2294742450103633,0.08971943558223167,underdamped
0.09749999999999992,-0.8191666666666666,0.9050782654923644,0.9288086991192732,1.2473087997713903,0.09597398630481116,underdamped
0.13000000000000012,-0.8191666666666666,0.9050782654923644,0.9288086991192732,1.2709301281829721,0.10412167503969175,underdamped
0.1625000000000003,-0.8191666666666666,0.9050782654923643,0.9288086991192732,1.2994979143331506,0.11377558680407207,underdamped
0.19500000000000006,-0.8191666666666666,0.9050782654923645,0.9288086991192733,1.3323206763996047,0.12460876779919715,underdamped
0.22750000000000026,-0.8191666666666666,0.9050782654923641,0.9288086991192731,1.368882189469971,0.13636607292235375,underdamped
0.26,-0.8191666666666666,0.9050782654923643,0.9288086991192732,1.4088243854314182,0.148856860255251,underdamped
0.2925000000000002,-0.8191666666666666,0.9050782654923644,0.9288086991192732,1.4519174227300933,0.1619419167273841,underdamped
0.32499999999999996,-0.8191666666666666,0.9050782654923644,0.9288086991192732,1.4980311814520013,0.17552085327773576,underdamped
0.35750000000000015,-0.8191666666666666,0.9050782654923644,0.9288086991192732,1.5471126344266557,0.1895219327874681,underdamped
0.3899999999999999,-0.8191666666666666,0.905078265492364,0.928808699119273,1.5991693516881493,0.2038944578732775,underdamped
0.4225000000000001,-0.8191666666666666,0.9050782654923644,0.9288086991192732,1.65425808792135,0.21860326665311275,underdamped
0.4550000000000003,-0.8191666666666666,0.9050782654923643,0.9288086991192732,1.712477251303785,0.23362481099724722,underdamped
0.48750000000000004,-0.8191666666666666,0.9050782654923643,0.9288086991192732,1.7739622613564043,0.24894437656729662,underdamped
0.5200000000000002,-0.8191666666666666,0.9050782654923641,0.9288086991192731,1.8388830695254406,0.2645541142982196,underdamped
0.5525,-0.8191666666666666,0.9050782654923644,0.9288086991192732,1.907443345646941,0.2804516475242673,underdamped
0.5850000000000002,-0.8191666666666666,0.9050782654923644,0.9288086991192732,1.9798810100836972,0.29663909015198925,underdamped
0.6174999999999999,-0.8191666666666666,0.9050782654923643,0.9288086991192732,2.056469923044439,0.31312236210614536,underdamped
0.6500000000000001,-0.8191666666666666,0.9050782654923644,0.9288086991192732,2.13752264202189,0.3299107237525309,underdamped
0.6825000000000003,-0.8191666666666666,0.905078265492364,0.928808699119273,2.223394236920999,0.3470164756270749,underdamped
0.7150000000000001,-0.8191666666666666,0.9050782654923644,0.9288086991192732,2.314487219558223,0.36445478698071554,underdamped
0.7475000000000003,-0.8191666666666666,0.9050782654923641,0.9288086991192731,2.411257707208238,0.3822436288085648,underdamped
0.78,-0.8191666666666666,0.9050782654923645,0.9288086991192733,2.514223005051944,0.40040379585121305,underdamped
0.8125000000000002,-0.8191666666666666,0.9050782654923643,0.9288086991192732,2.623970865685663,0.4189590086982135,underdamped
0.845,-0.8191666666666666,0.9050782654923645,0.9288086991192733,2.741170771633456,0.4379360924048129,underdamped
0.8775000000000002,-0.8191666666666666,0.9050782654923643,0.9288086991192732,2.8665876966067763,0.45736523254705197,underdamped
0.9100000000000004,-0.8191666666666666,0.9050782654923644,0.9288086991192732,3.0010989427702657,0.4772803138489787,underdamped
0.9425000000000001,-0.8191666666666666,0.905078265492364,0.928808699119273,3.1457148375995883,0.4977193508142574,underdamped
0.9750000000000003,-0.8191666666666666,0.9050782654923643,0.9288086991192732,3.3016043233572363,0.5187250245660404,underdamped
1.0075,-0.8191666666666666,0.9050782654923643,0.9288086991192732,3.470126810928631,0.5403453457650089,underdamped
1.0400000000000003,-0.8191666666666666,0.9050782654923644,0.9288086991192732,3.6528721358534986,0.5626344705515997,underdamped
1.0725,-0.8191666666666666,0.9050782654923644,0.9288086991192732,3.851711104264792,0.5856537056257107,underdamped
1.1050000000000002,-0.8191666666666666,0.9050782654923644,0.9288086991192732,4.068860034988724,0.6094727507828659,underdamped
1.1375,-0.8191666666666666,0.9050782654923643,0.9288086991192732,4.306964021141096,0.6341712438347729,underdamped
1.1700000000000002,-0.8191666666666666,0.9050782654923644,0.9288086991192732,4.569205552460956,0.6598406958739425,underdamped
1.2025000000000003,-0.8191666666666666,0.9050782654923644,0.9288086991192732,4.8594479794847905,0.6865869373528235,underdamped
1.235,-0.8191666666666666,0.9050782654923643,0.9288086991192732,5.182427582983284,0.7145332421637777,underdamped
1.2675000000000003,-0.8191666666666666,0.9050782654923643,0.9288086991192732,5.544014599852458,0.743824365295491,underdamped
1.3,-0.8191666666666666,0.9050782654923645,0.9288086991192733,5.951573916890991,0.7746318317839956,underdamped
1.3325000000000002,-0.8191666666666666,0.9050782654923643,0.9288086991192732,6.414472840200045,0.8071609706096965,underdamped
1.365,-0.8191666666666666,0.9050782654923641,0.9288086991192731,6.944810999888336,0.8416604310927166,underdamped
1.3975000000000002,-0.8191666666666666,0.9050782654923643,0.9288086991192732,7.558494673167275,0.8784353113434638,underdamped
1.43,-0.8191666666666666,0.905078265492364,0.928808699119273,8.276861309008375,0.9178656780166571,underdamped
1.4625000000000001,-0.8191666666666666,0.9050782654923643,0.9288086991192732,9.129213667851019,0.9604333717927738,underdamped
1.4950000000000003,-0.8191666666666666,0.9050782654923644,0.9288086991192732,10.156918932190223,1.0067619861289692,underdamped
1.5275,-0.8191666666666666,0.9050782654923644,0.9288086991192732,11.420329679152886,1.0576786411926897,underdamped
1.5600000000000003,-0.8191666666666666,0.9050782654923643,0.9288086991192732,13.011086796709959,1.11431357404823,underdamped
1.5925,-0.8191666666666666,0.9050782654923641,0.9288086991192731,15.075414057038365,1.1782692491848226,underdamped
1.6250000000000002,-0.8191666666666666,0.9050782654923644,0.9288086991192732,17.861865607444045,1.2519268174139182,underdamped
1.6575,-0.8191666666666666,0.9050782654923643,0.9288086991192732,21.829823755457177,1.339050229417733,underdamped
1.6900000000000002,-0.8191666666666666,0.9050782654923643,0.9288086991192732,27.933191965149103,1.4461205659782386,underdamped
1.7225000000000004,-0.8191666666666666,0.9050782654923644,0.9288086991192732,38.530853805758234,1.5858086326574616,underdamped
1.7550000000000001,-0.8191666666666666,0.905078265492364,0.928808699119273,61.48096427892592,1.7887406704368878,underdamped
1.7875000000000003,-0.8191666666666666,0.905078265492364,0.928808699119273,148.55552355225421,2.1718888042626534,underdamped
-1.7874999999999999,-0.8030833333333334,0.8961491691305269,0.9221118768478952,619.6108977658727,2.7921190475603166,underdamped
-1.755,-0.8030833333333334,0.8961491691305269,0.9221118768478952,89.38140292850456,1.9512471670543285,underdamped
-1.7225,-0.8030833333333334,0.8961491691305268,0.9221118768478951,47.812011875702346,1.679537018703788,underdamped
-1.69,-0.8030833333333334,0.8961491691305268,0.9221118768478951,32.46783976602597,1.5114533939877361,underdamped
-1.6575,-0.8030833333333334,0.8961491691305269,0.9221118768478952,24.482432255275118,1.3888545614544052,underdamped
-1.625,-0.8030833333333334,0.8961491691305268,0.9221118768478951,19.585828601038862,1.2919419496008462,underdamped
-1.5924999999999998,-0.8030833333333334,0.8961491691305268,0.9221118768478951,16.276216523084834,1.2115534586545502,underdamped
-1.56,-0.8030833333333334,0.8961491691305268,0.9221118768478951,13.889599637497332,1.1426897275423966,underdamped
-1.5274999999999999,-0.8030833333333334,0.8961491691305269,0.9221118768478952,12.087066637756498,1.0823209164432894,underdamped
-1.4949999999999999,-0.8030833333333334,0.8961491691305269,0.9221118768478952,10.677539231010993,1.0284711757701606,underdamped
-1.4625,-0.8030833333333334,0.8961491691305266,0.9221118768478949,9.545092195252694,0.9797801275642725,underdamped
-1.43,-0.8030833333333334,0.8961491691305269,0.9221118768478952,8.615313230091612,0.9352710718742855,underdamped
-1.3975,-0.8030833333333334,0.896149169130527,0.9221118768478953,7.83824774889964,0.8942189864040847,underdamped
-1.365,-0.8030833333333334,0.8961491691305267,0.922111876847895,7.179113623357844,0.8560708269376167,underdamped
-1.3325,-0.8030833333333334,0.8961491691305266,0.9221118768478949,6.612947549826204,0.8203950781385214,underdamped
-1.2999999999999998,-0.8030833333333334,0.8961491691305267,0.922111876847895,6.121368858342095,0.7868485497844447,underdamped
-1.2675,-0.8030833333333334,0.8961491691305266,0.9221118768478949,5.69054413089154,0.7551537957000132,underdamped
-1.2349999999999999,-0.8030833333333334,0.8961491691305269,0.9221118768478952,5.309863078463975,0.7250833223932914,underdamped
-1.2025,-0.8030833333333334,0.8961491691305266,0.9221118768478949,4.971051667336401,0.6964482770642623,underdamped
-1.17,-0.8030833333333334,0.8961491691305268,0.9221118768478951,4.667562833789149,0.6690901730451606,underdamped
-1.1375,-0.8030833333333334,0.8961491691305269,0.9221118768478952,4.394148452361238,0.6428747250815862,underdamped
-1.105,-0.8030833333333334,0.8961491691305268,0.9221118768478951,4.146552627156874,0.6176871817257651,underdamped
-1.0724999999999998,-0.8030833333333334,0.8961491691305268,0.9221118768478951,3.9212880017748404,0.5934287405374609,underdamped
-1.04,-0.8030833333333334,0.8961491691305267,0.922111876847895,3.7154700093561748,0.5700137601042584,underdamped
-1.0074999999999998,-0.8030833333333334,0.8961491691305267,0.922111876847895,3.526692285481547,0.5473675678196341,underdamped
-0.9749999999999999,-0.8030833333333334,0.8961491691305266,0.9221118768478949,3.3529317997931107,0.5254247197650126,underdamped
-0.9424999999999999,-0.8030833333333334,0.8961491691305267,0.922111876847895,3.1924757614642725,0.5041276086128915,underdamped
-0.9099999999999999,-0.8030833333333334,0.8961491691305268,0.9221118768478951,3.0438646940221306,0.4834253432543837,underdamped
-0.8775,-0.8030833333333334,0.8961491691305268,0.9221118768478951,2.9058476679991814,0.4632728437261455,underdamped
-0.845,-0.8030833333333334,0.8961491691305268,0.9221118768478951,2.77734678178087,0.4436301094985859,underdamped
-0.8125,-0.8030833333333334,0.8961491691305267,0.922111876847895,2.6574287547302036,0.424461629980923,underdamped
-0.78,-0.8030833333333334,0.8961491691305266,0.9221118768478949,2.545282047678454,0.4057359143597561,underdamped
-0.7474999999999998,-0.8030833333333334,0.8961491691305266,0.9221118768478949,2.4401983236475724,0.3874251244393831,underdamped
-0.7149999999999999,-0.8030833333333334,0.8961491691305267,0.922111876847895,2.34155735274954,0.3695047996058647,underdamped
-0.6824999999999999,-0.8030833333333334,0.8961491691305264,0.9221118768478949,2.2488146812820125,0.35195366787995724,underdamped
-0.6499999999999999,-0.8030833333333334,0.8961491691305268,0.9221118768478951,2.1614915480823225,0.334753541683973,underdamped
-0.6174999999999999,-0.8030833333333334,0.8961491691305269,0.9221118768478952,2.07916665677988,0.3178893018466407,underdamped
-0.585,-0.8030833333333334,0.8961491691305266,0.9221118768478949,2.0014695120530392,0.3013489789787328,underdamped
-0.5525,-0.8030833333333334,0.8961491691305267,0.922111876847895,1.9280751099904752,0.28512394824887743,underdamped
-0.5199999999999998,-0.8030833333333334,0.8961491691305268,0.9221118768478951,1.8586998441851441,0.2692092625320192,underdamped
-0.4874999999999998,-0.8030833333333334,0.8961491691305267,0.922111876847895,1.793098556447552,0.2536041609202422,underdamped
-0.45499999999999985,-0.8030833333333334,0.8961491691305268,0.9221118768478951,1.7310627300642258,0.23831280607707872,underdamped
-0.4224999999999999,-0.8030833333333334,0.8961491691305268,0.9221118768478951,1.6724199007557061,0.2233453267431025,underdamped
-0.3899999999999999,-0.8030833333333334,0.8961491691305268,0.9221118768478951,1.6170344528586758,0.20871927316985725,underdamped
-0.35749999999999993,-0.8030833333333334,0.8961491691305266,0.9221118768478949,1.5648100825824833,0.19446163575374398,underdamped
-0.32499999999999996,-0.8030833333333334,0.8961491691305269,0.9221118768478952,1.5156943501396036,0.18061163175050435,underdamped
-0.2925,-0.8030833333333334,0.8961491691305268,0.9221118768478951,1.4696858997931153,0.16722452756279385,underdamped
-0.26,-0.8030833333333334,0.8961491691305268,0.9221118768478951,1.4268450584348764,0.15437681549715973,underdamped
-0.2274999999999998,-0.8030833333333334,0.8961491691305268,0.9221118768478951,1.3873084991356561,0.14217304692369143,underdamped
-0.19499999999999984,-0.8030833333333334,0.8961491691305269,0.9221118768478952,1.3513081509706886,0.1307543963987668,underdamped
-0.16249999999999987,-0.8030833333333334,0.8961491691305269,0.9221118768478952,1.319192851060466,0.12030828912417944,underdamped
-0.1299999999999999,-0.8030833333333334,0.8961491691305268,0.9221118768478951,1.2914471532981027,0.11107663931258914,underdamped
-0.09749999999999992,-0.8030833333333334,0.8961491691305264,0.9221118768478949,1.268693969518679,0.10335687554009841,underdamped
-0.06499999999999995,-0.8030833333333334,0.8961491691305267,0.922111876847895,1.2516576405570905,0.09748555479332148,underdamped
-0.03249999999999997,-0.8030833333333334,0.8961491691305269,0.9221118768478952,1.2410614856973174,0.09379329820910971,underdamped
2.220446049250313e-16,-0.8030833333333334,0.8961491691305267,0.922111876847895,1.2374593947727903,0.09253095716889014,underdamped
0.032500000000000195,-0.8030833333333334,0.8961491691305267,0.922111876847895,1.2410614856973172,0.09379329820910963,underdamped
0.06500000000000017,-0.8030833333333334,0.8961491691305269,0.9221118768478952,1.2516576405570903,0.0974855547933214,underdamped
0.09749999999999992,-0.8030833333333334,0.8961491691305264,0.9221118768478949,1.268693969518679,0.10335687554009841,underdamped
0.13000000000000012,-0.8030833333333334,0.8961491691305267,0.922111876847895,1.2914471532981027,0.11107663931258914,underdamped
0.1625000000000003,-0.8030833333333334,0.8961491691305268,0.9221118768478951,1.3191928510604665,0.12030828912417958,underdamped
0.19500000000000006,-0.8030833333333334,0.8961491691305269,0.9221118768478952,1.3513081509706886,0.1307543963987668,underdamped
0.22750000000000026,-0.8030833333333334,0.8961491691305269,0.9221118768478952,1.3873084991356566,0.14217304692369157,underdamped
0.26,-0.8030833333333334,0.8961491691305268,0.9221118768478951,1.4268450584348764,0.15437681549715973,underdamped
0.2925000000000002,-0.8030833333333334,0.8961491691305267,0.922111876847895,1.4696858997931155,0.16722452756279393,underdamped
0.32499999999999996,-0.8030833333333334,0.8961491691305269,0.9221118768478952,1.5156943501396036,0.18061163175050435,underdamped
0.35750000000000015,-0.8030833333333334,0.8961491691305266,0.9221118768478949,1.564810082582484,0.19446163575374417,underdamped
0.3899999999999999,-0.8030833333333334,0.8961491691305268,0.9221118768478951,1.6170344528586758,0.20871927316985725,underdamped
0.4225000000000001,-0.8030833333333334,0.8961491691305266,0.9221118768478949,1.6724199007557068,0.2233453267431027,underdamped
0.4550000000000003,-0.8030833333333334,0.8961491691305267,0.922111876847895,1.7310627300642265,0.2383128060770789,underdamped
0.48750000000000004,-0.8030833333333334,0.8961491691305269,0.9221118768478952,1.7930985564475517,0.2536041609202421,underdamped
0.5200000000000002,-0.8030833333333334,0.8961491691305268,0.9221118768478951,1.8586998441851446,0.2692092625320193,underdamped
0.5525,-0.8030833333333334,0.8961491691305267,0.922111876847895,1.9280751099904752,0.28512394824887743,underdamped
0.5850000000000002,-0.8030833333333334,0.8961491691305267,0.922111876847895,2.001469512053039,0.3013489789787327,underdamped
0.6174999999999999,-0.8030833333333334,0.8961491691305269,0.9221118768478952,2.07916665677988,0.3178893018466407,underdamped
0.6500000000000001,-0.8030833333333334,0.8961491691305268,0.9221118768478951,2.1614915480823234,0.33475354168397314,underdamped
0.6825000000000003,-0.8030833333333334,0.8961491691305268,0.9221118768478951,2.248814681282013,0.35195366787995735,underdamped
0.7150000000000001,-0.8030833333333334,0.8961491691305264,0.9221118768478949,2.3415573527495392,0.3695047996058645,underdamped
0.7475000000000003,-0.8030833333333334,0.8961491691305267,0.922111876847895,2.4401983236475737,0.3874251244393834,underdamped
0.78,-0.8030833333333334,0.8961491691305266,0.9221118768478949,2.545282047678454,0.4057359143597561,underdamped
0.8125000000000002,-0.8030833333333334,0.8961491691305267,0.922111876847895,2.6574287547302053,0.4244616299809233,underdamped
0.845,-0.8030833333333334,0.8961491691305268,0.9221118768478951,2.77734678178087,0.4436301094985859,underdamped
0.8775000000000002,-0.8030833333333334,0.8961491691305267,0.922111876847895,2.9058476679991823,0.46327284372614563,underdamped
0.9100000000000004,-0.8030833333333334,0.8961491691305267,0.922111876847895,3.0438646940221337,0.48342534325438413,underdamped
0.9425000000000001,-0.8030833333333334,0.8961491691305264,0.9221118768478949,3.1924757614642747,0.5041276086128919,underdamped
0.9750000000000003,-0.8030833333333334,0.8961491691305269,0.9221118768478952,3.3529317997931116,0.5254247197650127,underdamped
1.0075,-0.8030833333333334,0.8961491691305269,0.9221118768478952,3.526692285481548,0.5473675678196342,underdamped
1.0400000000000003,-0.8030833333333334,0.8961491691305266,0.9221118768478949,3.7154700093561743,0.5700137601042584,underdamped
1.0725,-0.8030833333333334,0.8961491691305268,0.9221118768478951,3.921288001774843,0.5934287405374611,underdamped
1.1050000000000002,-0.8030833333333334,0.8961491691305266,0.9221118768478949,4.146552627156877,0.6176871817257655,underdamped
1.1375,-0.8030833333333334,0.8961491691305269,0.9221118768478952,4.394148452361238,0.6428747250815862,underdamped
1.1700000000000002,-0.8030833333333334,0.8961491691305264,0.9221118768478949,4.667562833789157,0.6690901730451613,underdamped
1.2025000000000003,-0.8030833333333334,0.8961491691305266,0.9221118768478949,4.971051667336407,0.6964482770642627,underdamped
1.235,-0.8030833333333334,0.8961491691305267,0.922111876847895,5.309863078463981,0.7250833223932919,underdamped
1.2675000000000003,-0.8030833333333334,0.8961491691305266,0.9221118768478949,5.690544130891541,0.7551537957000133,underdamped
1.3,-0.8030833333333334,0.8961491691305267,0.922111876847895,6.121368858342099,0.7868485497844451,underdamped
1.3325000000000002,-0.8030833333333334,0.8961491691305268,0.9221118768478951,6.612947549826201,0.8203950781385212,underdamped
1.365,-0.8030833333333334,0.8961491691305267,0.922111876847895,7.179113623357844,0.8560708269376167,underdamped
1.3975000000000002,-0.8030833333333334,0.8961491691305268,0.9221118768478951,7.83824774889965,0.8942189864040853,underdamped
1.43,-0.8030833333333334,0.8961491691305269,0.9221118768478952,8.615313230091612,0.9352710718742855,underdamped
1.4625000000000001,-0.8030833333333334,0.8961491691305264,0.9221118768478949,9.545092195252694,0.9797801275642725,underdamped
1.4950000000000003,-0.8030833333333334,0.8961491691305267,0.922111876847895,10.67753923101102,1.0284711757701617,underdamped
1.5275,-0.8030833333333334,0.8961491691305268,0.9221118768478951,12.087066637756546,1.0823209164432912,underdamped
1.5600000000000003,-0.8030833333333334,0.8961491691305267,0.922111876847895,13.889599637497337,1.1426897275423968,underdamped
1.5925,-0.8030833333333334,0.8961491691305268,0.9221118768478951,16.276216523084866,1.2115534586545509,underdamped
1.6250000000000002,-0.8030833333333334,0.8961491691305268,0.9221118768478951,19.585828601038916,1.2919419496008473,underdamped
1.6575,-0.8030833333333334,0.8961491691305269,0.9221118768478952,24.482432255275118,1.3888545614544052,underdamped
1.6900000000000002,-0.8030833333333334,0.8961491691305268,0.9221118768478951,32.46783976602597,1.5114533939877361,underdamped
1.7225000000000004,-0.8030833333333334,0.8961491691305267,0.922111876847895,47.81201187570244,1.6795370187037888,underdamped
1.7550000000000001,-0.8030833333333334,0.8961491691305269,0.9221118768478952,89.38140292850517,1.9512471670543317,underdamped
1.7875000000000003,-0.8030833333333334,0.8961491691305267,0.922111876847895,619.6108977659,2.7921190475603357,underdamped
-1.755,-0.787,0.8871302046486749,0.9153476534865062,167.3969980631859,2.2237476655074015,underdamped
-1.7225,-0.787,0.887130204648675,0.9153476534865063,63.5250934599273,1.8029453126692916,underdamped
-1.69,-0.787,0.887130204648675,0.9153476534865063,38.96255185182461,1.5906473932495115,underdamped
-1.6575,-0.787,0.887130204648675,0.9153476534865063,27.972365273145073,1.4467291907778228,underdamped
-1.625,-0.787,0.8871302046486751,0.9153476534865064,21.740164684169454,1.3372628295918194,underdamped
-1.5924999999999998,-0.787,0.887130204648675,0.9153476534865063,17.725831580837873,1.2486066186081413,underdamped
-1.56,-0.787,0.8871302046486753,0.9153476534865065,14.92420349392635,1.1738911620846049,underdamped
-1.5274999999999999,-0.787,0.8871302046486748,0.915347653486506,12.857804781356025,1.1091668276299007,underdamped
-1.4949999999999999,-0.787,0.8871302046486749,0.9153476534865062,11.270742265076427,1.0519525186203365,underdamped
-1.4625,-0.787,0.8871302046486749,0.9153476534865062,10.013530404083433,1.0005872208059219,underdamped
-1.43,-0.787,0.8871302046486748,0.915347653486506,8.99299071619936,0.9539041450752556,underdamped
-1.3975,-0.787,0.887130204648675,0.9153476534865063,8.148022046454848,0.9110521954190363,underdamped
-1.365,-0.787,0.8871302046486751,0.9153476534865064,7.4368910775995785,0.8713914207581747,underdamped
-1.3325,-0.787,0.8871302046486751,0.9153476534865064,6.8301219903948285,0.8344284605310479,underdamped
-1.2999999999999998,-0.787,0.8871302046486752,0.9153476534865064,6.306304311852253,0.7997749238761159,underdamped
-1.2675,-0.787,0.8871302046486751,0.9153476534865064,5.849511134977285,0.7671195720217817,underdamped
-1.2349999999999999,-0.787,0.8871302046486751,0.9153476534865064,5.447649431304157,0.7362091519611078,underdamped
-1.2025,-0.787,0.8871302046486748,0.915347653486506,5.091372146906761,0.706834842360688,underdamped
-1.17,-0.787,0.887130204648675,0.9153476534865063,4.77334087977491,0.6788224498531542,underdamped
-1.1375,-0.787,0.887130204648675,0.9153476534865063,4.487714056498069,0.652025177205047,underdamped
-1.105,-0.787,0.887130204648675,0.9153476534865063,4.229784056446722,0.626318195864993,underdamped
-1.0724999999999998,-0.787,0.8871302046486751,0.9153476534865064,3.9957150591817325,0.6015945104254964,underdamped
-1.04,-0.787,0.887130204648675,0.9153476534865063,3.7823504472662224,0.5777617651919688,underdamped
-1.0074999999999998,-0.787,0.887130204648675,0.9153476534865063,3.587069153999821,0.5547397493860368,underdamped
-0.9749999999999999,-0.787,0.8871302046486749,0.9153476534865062,3.4076770437103243,0.5324584285886047,underdamped
-0.9424999999999999,-0.787,0.8871302046486751,0.9153476534865064,3.2423237575430903,0.5108563785242775,underdamped
-0.9099999999999999,-0.787,0.8871302046486749,0.9153476534865062,3.0894383341193628,0.4898795310220457,underdamped
-0.8775,-0.787,0.8871302046486751,0.9153476534865064,2.9476788539020315,0.46948016589813685,underdamped
-0.845,-0.787,0.8871302046486752,0.9153476534865064,2.815892686108892,0.449616099788681,underdamped
-0.8125,-0.787,0.8871302046486751,0.9153476534865064,2.693084843459635,0.43025003572340076,underdamped
-0.78,-0.787,0.887130204648675,0.9153476534865063,2.5783926049243067,0.4113490469081051,underdamped
-0.7474999999999998,-0.787,0.8871302046486749,0.9153476534865062,2.471065036101245,0.39288417577367124,underdamped
-0.7149999999999999,-0.787,0.887130204648675,0.9153476534865063,2.3704463780842544,0.3748301355817794,underdamped
-0.6824999999999999,-0.787,0.8871302046486751,0.9153476534865064,2.2759625272965893,0.3571651073178112,underdamped
-0.6499999999999999,-0.787,0.8871302046486751,0.9153476534865064,2.187110017305276,0.33987062972572507,underdamped
-0.6174999999999999,-0.787,0.887130204648675,0.9153476534865063,2.1034470576801017,0.32293158559630397,underdamped
-0.585,-0.787,0.8871302046486751,0.9153476534865064,2.0245862978948286,0.3063362932806479,underdamped
-0.5525,-0.787,0.8871302046486751,0.9153476534865064,1.9501890760312455,0.2900767194118939,underdamped
-0.5199999999999998,-0.787,0.887130204648675,0.9153476534865063,1.879960990412032,0.27414883765486814,underdamped
-0.4874999999999998,-0.787,0.8871302046486751,0.9153476534865064,1.8136487037280913,0.258553169820463,underdamped
-0.45499999999999985,-0.787,0.8871302046486751,0.9153476534865064,1.7510379595026986,0.24329556094573437,underdamped
-0.4224999999999999,-0.787,0.8871302046486751,0.9153476534865064,1.6919528651764817,0.22838826019302164,underdamped
-0.3899999999999999,-0.787,0.887130204648675,0.9153476534865063,1.6362565793117765,0.21385140584028178,underdamped
-0.35749999999999993,-0.787,0.8871302046486748,0.915347653486506,1.583853634790007,0.19971504559941736,underdamped
-0.32499999999999996,-0.787,0.887130204648675,0.9153476534865063,1.5346942313450287,0.18602186068131507,underdamped
-0.2925,-0.787,0.887130204648675,0.9153476534865063,1.488780918624446,0.17283079390211958,underdamped
-0.26,-0.787,0.8871302046486749,0.9153476534865062,1.4461781054778249,0.1602217822136636,underdamped
-0.2274999999999998,-0.787,0.8871302046486749,0.9153476534865062,1.407024629184589,0.1483016995849544,underdamped
-0.19499999999999984,-0.787,0.8871302046486749,0.9153476534865062,1.3715488983081663,0.13721129563493398,underdamped
-0.16249999999999987,-0.787,0.8871302046486749,0.9153476534865062,1.3400843412013894,0.1271321325182964,underdamped
-0.1299999999999999,-0.787,0.887130204648675,0.9153476534865063,1.31307931786439,0.11829096087271462,underdamped
-0.09749999999999992,-0.787,0.8871302046486751,0.9153476534865064,1.2910900208928342,0.11095652438417251,underdamped
-0.06499999999999995,-0.787,0.8871302046486752,0.9153476534865064,1.2747394282923998,0.10542141895030697,underdamped
-0.03249999999999997,-0.787,0.8871302046486751,0.9153476534865064,1.2646277828072772,0.10196271866599611,underdamped
2.220446049250313e-16,-0.787,0.887130204648675,0.9153476534865063,1.2612016734860765,0.10078453834076267,underdamped
0.032500000000000195,-0.787,0.8871302046486751,0.9153476534865064,1.2646277828072767,0.10196271866599596,underdamped
0.06500000000000017,-0.787,0.887130204648675,0.9153476534865063,1.2747394282924007,0.10542141895030728,underdamped
0.09749999999999992,-0.787,0.8871302046486751,0.9153476534865064,1.2910900208928342,0.11095652438417251,underdamped
0.13000000000000012,-0.787,0.887130204648675,0.9153476534865063,1.3130793178643902,0.11829096087271469,underdamped
0.1625000000000003,-0.787,0.8871302046486751,0.9153476534865064,1.3400843412013892,0.1271321325182963,underdamped
0.19500000000000006,-0.787,0.8871302046486749,0.9153476534865062,1.3715488983081667,0.13721129563493412,underdamped
0.22750000000000026,-0.787,0.8871302046486751,0.9153476534865064,1.4070246291845896,0.1483016995849546,underdamped
0.26,-0.787,0.8871302046486749,0.9153476534865062,1.4461781054778249,0.1602217822136636,underdamped
0.2925000000000002,-0.787,0.8871302046486752,0.9153476534865064,1.488780918624446,0.17283079390211958,underdamped
0.32499999999999996,-0.787,0.887130204648675,0.9153476534865063,1.5346942313450287,0.18602186068131507,underdamped
0.35750000000000015,-0.787,0.8871302046486749,0.9153476534865062,1.5838536347900072,0.19971504559941744,underdamped
0.3899999999999999,-0.787,0.887130204648675,0.9153476534865063,1.6362565793117765,0.21385140584028178,underdamped
0.4225000000000001,-0.787,0.887130204648675,0.9153476534865063,1.6919528651764817,0.22838826019302164,underdamped
0.4550000000000003,-0.787,0.8871302046486749,0.9153476534865062,1.7510379595027001,0.24329556094573473,underdamped
0.48750000000000004,-0.787,0.8871302046486751,0.9153476534865064,1.8136487037280913,0.258553169820463,underdamped
0.5200000000000002,-0.787,0.8871302046486752,0.9153476534865064,1.8799609904120327,0.2741488376548683,underdamped
0.5525,-0.787,0.8871302046486751,0.9153476534865064,1.9501890760312455,0.2900767194118939,underdamped
0.5850000000000002,-0.787,0.8871302046486751,0.9153476534865064,2.0245862978948295,0.3063362932806481,underdamped
0.6174999999999999,-0.787,0.887130204648675,0.9153476534865063,2.1034470576801017,0.32293158559630397,underdamped
0.6500000000000001,-0.787,0.8871302046486752,0.9153476534865064,2.187110017305277,0.33987062972572524,underdamped
0.6825000000000003,-0.787,0.8871302046486751,0.9153476534865064,2.2759625272965907,0.3571651073178114,underdamped
0.7150000000000001,-0.787,0.887130204648675,0.9153476534865063,2.370446378084254,0.37483013558177936,underdamped
0.7475000000000003,-0.787,0.887130204648675,0.9153476534865063,2.4710650361012463,0.39288417577367146,underdamped
0.78,-0.787,0.887130204648675,0.9153476534865063,2.5783926049243067,0.4113490469081051,underdamped
0.8125000000000002,-0.787,0.8871302046486751,0.9153476534865064,2.693084843459635,0.43025003572340076,underdamped
0.845,-0.787,0.8871302046486752,0.9153476534865064,2.815892686108892,0.449616099788681,underdamped
0.8775000000000002,-0.787,0.8871302046486751,0.9153476534865064,2.9476788539020324,0.46948016589813696,underdamped
0.9100000000000004,-0.787,0.8871302046486749,0.9153476534865062,3.089438334119365,0.489879531022046,underdamped
0.9425000000000001,-0.787,0.8871302046486751,0.9153476534865064,3.242323757543093,0.5108563785242778,underdamped
0.9750000000000003,-0.787,0.887130204648675,0.9153476534865063,3.407677043710325,0.5324584285886049,underdamped
1.0075,-0.787,0.8871302046486749,0.9153476534865062,3.5870691539998214,0.5547397493860368,underdamped
1.0400000000000003,-0.787,0.8871302046486752,0.9153476534865064,3.7823504472662237,0.5777617651919689,underdamped
1.0725,-0.787,0.8871302046486751,0.9153476534865064,3.9957150591817325,0.6015945104254964,underdamped
1.1050000000000002,-0.787,0.8871302046486752,0.9153476534865064,4.229784056446723,0.626318195864993,underdamped
1.1375,-0.787,0.887130204648675,0.9153476534865063,4.487714056498069,0.652025177205047,underdamped
1.1700000000000002,-0.787,0.8871302046486752,0.9153476534865064,4.773340879774912,0.6788224498531543,underdamped
1.2025000000000003,-0.787,0.887130204648675,0.9153476534865063,5.091372146906764,0.7068348423606883,underdamped
1.235,-0.787,0.8871302046486749,0.9153476534865062,5.44764943130416,0.736209151961108,underdamped
1.2675000000000003,-0.787,0.8871302046486751,0.9153476534865064,5.849511134977288,0.7671195720217819,underdamped
1.3,-0.787,0.887130204648675,0.9153476534865063,6.306304311852263,0.7997749238761166,underdamped
1.3325000000000002,-0.787,0.8871302046486749,0.9153476534865062,6.830121990394837,0.8344284605310485,underdamped
1.365,-0.787,0.8871302046486751,0.9153476534865064,7.4368910775995785,0.8713914207581747,underdamped
1.3975000000000002,-0.787,0.8871302046486751,0.9153476534865064,8.148022046454852,0.9110521954190365,underdamped
1.43,-0.787,0.8871302046486748,0.915347653486506,8.99299071619936,0.9539041450752556,underdamped
1.4625000000000001,-0.787,0.887130204648675,0.9153476534865063,10.013530404083422,1.0005872208059214,underdamped
1.4950000000000003,-0.787,0.8871302046486749,0.9153476534865062,11.27074226507645,1.0519525186203373,underdamped
1.5275,-0.787,0.887130204648675,0.9153476534865063,12.857804781356032,1.109166827629901,underdamped
1.5600000000000003,-0.787,0.8871302046486753,0.9153476534865065,14.924203493926376,1.1738911620846058,underdamped
1.5925,-0.787,0.8871302046486751,0.9153476534865064,17.72583158083793,1.2486066186081428,underdamped
1.6250000000000002,-0.787,0.887130204648675,0.9153476534865063,21.740164684169464,1.3372628295918196,underdamped
1.6575,-0.787,0.887130204648675,0.9153476534865063,27.972365273145073,1.4467291907778228,underdamped
1.6900000000000002,-0.787,0.8871302046486752,0.9153476534865064,38.96255185182505,1.5906473932495164,underdamped
1.7225000000000004,-0.787,0.8871302046486751,0.9153476534865064,63.525093459927305,1.8029453126692916,underdamped
1.7550000000000001,-0.787,0.887130204648675,0.9153476534865063,167.39699806318959,2.223747665507411,underdamped
-1.755,-0.7709166666666667,0.8780186026882726,0.9085139520162044,1620.8218226751183,3.209735275377744,underdamped
-1.7225,-0.7709166666666667,0.8780186026882724,0.9085139520162042,95.90036450630743,1.9818202578774111,underdamped
-1.69,-0.7709166666666667,0.8780186026882729,0.9085139520162047,49.037908026937025,1.6905319347620633,underdamped
-1.6575,-0.7709166666666667,0.8780186026882725,0.9085139520162043,32.76993334739425,1.5154755580473644,underdamped
-1.625,-0.7709166666666667,0.8780186026882727,0.9085139520162046,24.508659644028445,1.3893195607372084,underdamped
-1.5924999999999998,-0.7709166666666667,0.8780186026882727,0.9085139520162046,19.510235449901796,1.290262510500418,underdamped
-1.56,-0.7709166666666667,0.8780186026882724,0.9085139520162042,16.160304097745016,1.2084495288847314,underdamped
-1.5274999999999999,-0.7709166666666667,0.8780186026882726,0.9085139520162044,13.758717602931561,1.1385779568700851,underdamped
-1.4949999999999999,-0.7709166666666667,0.8780186026882725,0.9085139520162043,11.952649561796779,1.0774641866666486,underdamped
-1.4625,-0.7709166666666667,0.8780186026882726,0.9085139520162044,10.54498873836139,1.0230461202661056,underdamped
-1.43,-0.7709166666666667,0.8780186026882723,0.9085139520162042,9.416972115148212,0.9739112844204281,underdamped
-1.3975,-0.7709166666666667,0.8780186026882727,0.9085139520162046,8.492776234857448,0.9290496815736533,underdamped
-1.365,-0.7709166666666667,0.8780186026882728,0.9085139520162047,7.721719817417665,0.8877140391998385,underdamped
-1.3325,-0.7709166666666667,0.8780186026882727,0.9085139520162046,7.068640689445924,0.8493359063243475,underdamped
-1.2999999999999998,-0.7709166666666667,0.8780186026882724,0.9085139520162042,6.508378299403747,0.8134727883595796,underdamped
-1.2675,-0.7709166666666667,0.8780186026882726,0.9085139520162044,6.022453944903448,0.7797734875328511,underdamped
-1.2349999999999999,-0.7709166666666667,0.8780186026882725,0.9085139520162043,5.596991009989248,0.7479546093338877,underdamped
-1.2025,-0.7709166666666667,0.8780186026882726,0.9085139520162044,5.221366519065125,0.7177841800179485,underdamped
-1.17,-0.7709166666666667,0.8780186026882726,0.9085139520162044,4.887310606722974,0.6890699409310175,underdamped
-1.1375,-0.7709166666666667,0.8780186026882727,0.9085139520162046,4.588289432807483,0.6616508057214906,underdamped
-1.105,-0.7709166666666667,0.8780186026882726,0.9085139520162044,4.319072652825974,0.6353905095478535,underdamped
-1.0724999999999998,-0.7709166666666667,0.8780186026882726,0.9085139520162044,4.075424113251106,0.6101728107349796,underdamped
-1.04,-0.7709166666666667,0.8780186026882727,0.9085139520162046,3.853876679760785,0.5858978135482149,underdamped
-1.0074999999999998,-0.7709166666666667,0.8780186026882727,0.9085139520162046,3.651565667012656,0.5624791150732672,underdamped
-0.9749999999999999,-0.7709166666666667,0.8780186026882726,0.9085139520162044,3.46610382748407,0.5398415679070475,underdamped
-0.9424999999999999,-0.7709166666666667,0.8780186026882726,0.9085139520162044,3.2954862977914297,0.5179195102392948,underdamped
-0.9099999999999999,-0.7709166666666667,0.8780186026882725,0.9085139520162043,3.1380174632801388,0.4966553561359073,underdamped
-0.8775,-0.7709166666666667,0.8780186026882726,0.9085139520162044,2.992254079748774,0.4759984677846265,underdamped
-0.845,-0.7709166666666667,0.8780186026882729,0.9085139520162047,2.8569606070654983,0.45590425219512437,underdamped
-0.8125,-0.7709166666666667,0.8780186026882727,0.9085139520162046,2.7310738255482185,0.4363334400133567,underdamped
-0.78,-0.7709166666666667,0.8780186026882725,0.9085139520162043,2.6136745887539634,0.4172515154917279,underdamped
-0.7474999999999998,-0.7709166666666667,0.8780186026882726,0.9085139520162044,2.5039651233299507,0.3986282754765568,underdamped
-0.7149999999999999,-0.7709166666666667,0.8780186026882725,0.9085139520162043,2.401250688581613,0.3804375024078665,underdamped
-0.6824999999999999,-0.7709166666666667,0.8780186026882726,0.9085139520162044,2.304924702760315,0.3626567424328979,underdamped
-0.6499999999999999,-0.7709166666666667,0.8780186026882725,0.9085139520162043,2.214456661997486,0.34526718534802076,underdamped
-0.6174999999999999,-0.7709166666666667,0.8780186026882727,0.9085139520162046,2.1293823436641426,0.3282536486788159,underdamped
-0.585,-0.7709166666666667,0.8780186026882725,0.9085139520162043,2.049295914558247,0.31160467425318034,underdamped
-0.5525,-0.7709166666666667,0.8780186026882725,0.9085139520162043,1.9738436672577178,0.29531275262139023,underdamped
-0.5199999999999998,-0.7709166666666667,0.8780186026882725,0.9085139520162043,1.902719193931665,0.27937469920426383,underdamped
-0.4874999999999998,-0.7709166666666667,0.8780186026882726,0.9085139520162044,1.835659882711596,0.2637922167645091,underdamped
-0.45499999999999985,-0.7709166666666667,0.8780186026882725,0.9085139520162043,1.7724446929085431,0.24857269240834684,underdamped
-0.4224999999999999,-0.7709166666666667,0.8780186026882724,0.9085139520162042,1.7128932362266083,0.233730294452589,underdamped
-0.3899999999999999,-0.7709166666666667,0.8780186026882727,0.9085139520162046,1.656866264133037,0.21928745525517332,underdamped
-0.35749999999999993,-0.7709166666666667,0.8780186026882727,0.9085139520162046,1.6042677353073291,0.2052768491497842,underdamped
-0.32499999999999996,-0.7709166666666667,0.8780186026882725,0.9085139520162043,1.5550487015777676,0.19174399496753566,underdamped
-0.2925,-0.7709166666666667,0.8780186026882724,0.9085139520162042,1.5092132771969606,0.17875061722072252,underdamped
-0.26,-0.7709166666666667,0.8780186026882726,0.9085139520162044,1.4668268777614601,0.16637885926275525,underdamped
-0.2274999999999998,-0.7709166666666667,0.8780186026882726,0.9085139520162044,1.428026593553472,0.15473629520345125,underdamped
-0.19499999999999984,-0.7709166666666667,0.8780186026882726,0.9085139520162044,1.3930327463727048,0.14396132561406522,underdamped
-0.16249999999999987,-0.7709166666666667,0.8780186026882729,0.9085139520162047,1.362158992877815,0.1342278019229891,underdamped
-0.1299999999999999,-0.7709166666666667,0.8780186026882728,0.9085139520162047,1.335815436627498,0.12574645784664154,underdamped
-0.09749999999999992,-0.7709166666666667,0.8780186026882725,0.9085139520162043,1.314495407729117,0.11875907321043963,underdamped
-0.06499999999999995,-0.7709166666666667,0.8780186026882726,0.9085139520162044,1.2987341788788638,0.11352027004168574,underdamped
-0.03249999999999997,-0.7709166666666667,0.8780186026882725,0.9085139520162043,1.289032362943254,0.11026382105490512,underdamped
2.220446049250313e-16,-0.7709166666666667,0.8780186026882726,0.9085139520162044,1.2857537540819675,0.1091578010271179,underdamped
0.032500000000000195,-0.7709166666666667,0.8780186026882725,0.9085139520162043,1.289032362943254,0.11026382105490512,underdamped
0.06500000000000017,-0.7709166666666667,0.8780186026882726,0.9085139520162044,1.2987341788788638,0.11352027004168574,underdamped
0.09749999999999992,-0.7709166666666667,0.8780186026882725,0.9085139520162043,1.314495407729117,0.11875907321043963,underdamped
0.13000000000000012,-0.7709166666666667,0.8780186026882728,0.9085139520162047,1.3358154366274986,0.12574645784664173,underdamped
0.1625000000000003,-0.7709166666666667,0.8780186026882726,0.9085139520162044,1.362158992877815,0.1342278019229891,underdamped
0.19500000000000006,-0.7709166666666667,0.8780186026882728,0.9085139520162047,1.3930327463727048,0.14396132561406522,underdamped
0.22750000000000026,-0.7709166666666667,0.8780186026882725,0.9085139520162043,1.428026593553473,0.15473629520345158,underdamped
0.26,-0.7709166666666667,0.8780186026882726,0.9085139520162044,1.4668268777614601,0.16637885926275525,underdamped
0.2925000000000002,-0.7709166666666667,0.8780186026882723,0.9085139520162042,1.5092132771969606,0.17875061722072252,underdamped
0.32499999999999996,-0.7709166666666667,0.8780186026882725,0.9085139520162043,1.5550487015777676,0.19174399496753566,underdamped
0.35750000000000015,-0.7709166666666667,0.8780186026882726,0.9085139520162044,1.6042677353073291,0.2052768491497842,underdamped
0.3899999999999999,-0.7709166666666667,0.8780186026882727,0.9085139520162046,1.656866264133037,0.21928745525517332,underdamped
0.4225000000000001,-0.7709166666666667,0.8780186026882727,0.9085139520162046,1.712893236226608,0.23373029445258894,underdamped
0.4550000000000003,-0.7709166666666667,0.8780186026882725,0.9085139520162043,1.7724446929085442,0.24857269240834712,underdamped
0.48750000000000004,-0.7709166666666667,0.8780186026882723,0.9085139520162042,1.835659882711597,0.26379221676450937,underdamped
0.5200000000000002,-0.7709166666666667,0.8780186026882726,0.9085139520162044,1.902719193931664,0.27937469920426367,underdamped
0.5525,-0.7709166666666667,0.8780186026882725,0.9085139520162043,1.9738436672577178,0.29531275262139023,underdamped
0.5850000000000002,-0.7709166666666667,0.8780186026882725,0.9085139520162043,2.0492959145582472,0.31160467425318045,underdamped
0.6174999999999999,-0.7709166666666667,0.8780186026882727,0.9085139520162046,2.1293823436641426,0.3282536486788159,underdamped
0.6500000000000001,-0.7709166666666667,0.8780186026882726,0.9085139520162044,2.2144566619974855,0.34526718534802064,underdamped
0.6825000000000003,-0.7709166666666667,0.8780186026882727,0.9085139520162046,2.3049247027603164,0.36265674243289814,underdamped
0.7150000000000001,-0.7709166666666667,0.8780186026882726,0.9085139520162044,2.401250688581613,0.3804375024078665,underdamped
0.7475000000000003,-0.7709166666666667,0.8780186026882729,0.9085139520162047,2.5039651233299525,0.39862827547655716,underdamped
0.78,-0.7709166666666667,0.8780186026882725,0.9085139520162043,2.6136745887539634,0.4172515154917279,underdamped
0.8125000000000002,-0.7709166666666667,0.8780186026882726,0.9085139520162044,2.7310738255482208,0.43633344001335705,underdamped
0.845,-0.7709166666666667,0.8780186026882729,0.9085139520162047,2.8569606070654983,0.45590425219512437,underdamped
0.8775000000000002,-0.7709166666666667,0.8780186026882725,0.9085139520162043,2.992254079748775,0.4759984677846266,underdamped
0.9100000000000004,-0.7709166666666667,0.8780186026882726,0.9085139520162044,3.138017463280141,0.4966553561359076,underdamped
0.9425000000000001,-0.7709166666666667,0.8780186026882727,0.9085139520162046,3.2954862977914314,0.5179195102392951,underdamped
0.9750000000000003,-0.7709166666666667,0.8780186026882725,0.9085139520162043,3.4661038274840728,0.5398415679070478,underdamped
1.0075,-0.7709166666666667,0.8780186026882726,0.9085139520162044,3.6515656670126617,0.5624791150732679,underdamped
1.0400000000000003,-0.7709166666666667,0.8780186026882726,0.9085139520162044,3.853876679760785,0.5858978135482149,underdamped
1.0725,-0.7709166666666667,0.8780186026882725,0.9085139520162043,4.075424113251109,0.6101728107349799,underdamped
1.1050000000000002,-0.7709166666666667,0.8780186026882726,0.9085139520162044,4.319072652825977,0.6353905095478538,underdamped
1.1375,-0.7709166666666667,0.8780186026882727,0.9085139520162046,4.588289432807483,0.6616508057214906,underdamped
1.1700000000000002,-0.7709166666666667,0.8780186026882723,0.9085139520162042,4.887310606722979,0.6890699409310179,underdamped
1.2025000000000003,-0.7709166666666667,0.8780186026882726,0.9085139520162044,5.2213665190651275,0.7177841800179487,underdamped
1.235,-0.7709166666666667,0.8780186026882727,0.9085139520162046,5.59699100998925,0.7479546093338879,underdamped
1.2675000000000003,-0.7709166666666667,0.8780186026882726,0.9085139520162044,6.022453944903444,0.7797734875328508,underdamped
1.3,-0.7709166666666667,0.8780186026882724,0.9085139520162042,6.508378299403755,0.8134727883595801,underdamped
1.3325000000000002,-0.7709166666666667,0.8780186026882725,0.9085139520162043,7.068640689445932,0.8493359063243481,underdamped
1.365,-0.7709166666666667,0.8780186026882728,0.9085139520162047,7.721719817417665,0.8877140391998385,underdamped
1.3975000000000002,-0.7709166666666667,0.8780186026882727,0.9085139520162046,8.492776234857457,0.9290496815736538,underdamped
1.43,-0.7709166666666667,0.8780186026882723,0.9085139520162042,9.416972115148212,0.9739112844204281,underdamped
1.4625000000000001,-0.7709166666666667,0.8780186026882726,0.9085139520162044,10.54498873836139,1.0230461202661056,underdamped
1.4950000000000003,-0.7709166666666667,0.8780186026882728,0.9085139520162047,11.95264956179681,1.0774641866666497,underdamped
1.5275,-0.7709166666666667,0.8780186026882727,0.9085139520162046,13.758717602931563,1.1385779568700851,underdamped
1.5600000000000003,-0.7709166666666667,0.8780186026882725,0.9085139520162043,16.160304097745016,1.2084495288847314,underdamped
1.5925,-0.7709166666666667,0.8780186026882726,0.9085139520162044,19.510235449901838,1.2902625105004188,underdamped
1.6250000000000002,-0.7709166666666667,0.8780186026882726,0.9085139520162044,24.508659644028512,1.3893195607372097,underdamped
1.6575,-0.7709166666666667,0.8780186026882725,0.9085139520162043,32.76993334739425,1.5154755580473644,underdamped
1.6900000000000002,-0.7709166666666667,0.8780186026882725,0.9085139520162043,49.03790802693713,1.6905319347620642,underdamped
1.7225000000000004,-0.7709166666666667,0.8780186026882724,0.9085139520162042,95.9003645063082,1.9818202578774147,underdamped
1.7550000000000001,-0.7709166666666667,0.8780186026882728,0.9085139520162047,1620.821822675307,3.2097352753777946,underdamped
-1.7225,-0.7548333333333334,0.8688114486661266,0.901608586499595,201.35395385512726,2.3039601619822125,underdamped
-1.69,-0.7548333333333334,0.8688114486661263,0.9016085864995946,66.78149345699993,1.8246561271005253,underdamped
-1.6575,-0.7548333333333334,0.8688114486661264,0.9016085864995947,39.779086557000475,1.5996548062442006,underdamped
-1.625,-0.7548333333333334,0.8688114486661266,0.901608586499595,28.197255357191583,1.4502068373535177,underdamped
-1.5924999999999998,-0.7548333333333334,0.8688114486661265,0.9016085864995949,21.760258506231406,1.3376640503626762,underdamped
-1.56,-0.7548333333333334,0.8688114486661265,0.9016085864995949,17.662866224867102,1.2470611796854913,underdamped
-1.5274999999999999,-0.7548333333333334,0.8688114486661266,0.901608586499595,14.825606026687769,1.1710124550661158,underdamped
-1.4949999999999999,-0.7548333333333334,0.8688114486661267,0.9016085864995951,12.744569044547877,1.1053251544589398,underdamped
-1.4625,-0.7548333333333334,0.8688114486661265,0.9016085864995949,11.152924045732195,1.0473887445539172,underdamped
-1.43,-0.7548333333333334,0.8688114486661263,0.9016085864995946,9.896166432814598,0.9954669906070361,underdamped
-1.3975,-0.7548333333333334,0.8688114486661265,0.9016085864995949,8.878639766451977,0.9483464356915076,underdamped
-1.365,-0.7548333333333334,0.8688114486661264,0.9016085864995947,8.037954188980319,0.9051455266719213,underdamped
-1.3325,-0.7548333333333334,0.8688114486661266,0.901608586499595,7.33168202062072,0.8652036210904512,underdamped
-1.2999999999999998,-0.7548333333333334,0.8688114486661266,0.901608586499595,6.729965544755817,0.8280128407825614,underdamped
-1.2675,-0.7548333333333334,0.8688114486661265,0.9016085864995949,6.211183222757239,0.793174340621942,underdamped
-1.2349999999999999,-0.7548333333333334,0.8688114486661265,0.9016085864995949,5.759293294488958,0.7603691957264211,underdamped
-1.2025,-0.7548333333333334,0.8688114486661265,0.9016085864995949,5.362143235625161,0.729338410842454,underdamped
-1.17,-0.7548333333333334,0.8688114486661266,0.901608586499595,5.0103587759046375,0.6998688254314779,underdamped
-1.1375,-0.7548333333333334,0.8688114486661267,0.9016085864995951,4.6965932114024715,0.6717829460265908,underdamped
-1.105,-0.7548333333333334,0.8688114486661263,0.9016085864995946,4.41500769068132,0.6449314644294538,underdamped
-1.0724999999999998,-0.7548333333333334,0.8688114486661265,0.9016085864995949,4.1609036166546725,0.6191876558939258,underdamped
-1.04,-0.7548333333333334,0.8688114486661264,0.9016085864995947,3.930457646477198,0.5944431207999168,underdamped
-1.0074999999999998,-0.7548333333333334,0.8688114486661265,0.9016085864995949,3.720527377290757,0.5706045046167681,underdamped
-0.9749999999999999,-0.7548333333333334,0.8688114486661265,0.9016085864995949,3.528506669416964,0.5475909426538844,underdamped
-0.9424999999999999,-0.7548333333333334,0.8688114486661265,0.9016085864995949,3.3522164321625136,0.5253320506084386,underdamped
-0.9099999999999999,-0.7548333333333334,0.8688114486661265,0.9016085864995949,3.189821145519856,0.5037663326837024,underdamped
-0.8775,-0.7548333333333334,0.8688114486661264,0.9016085864995947,3.0397643289930114,0.4828399143372516,underdamped
-0.845,-0.7548333333333334,0.8688114486661265,0.9016085864995949,2.9007181457880558,0.4625055317410458,underdamped
-0.8125,-0.7548333333333334,0.8688114486661265,0.9016085864995949,2.7715436839814136,0.4427217281612285,underdamped
-0.78,-0.7548333333333334,0.8688114486661266,0.901608586499595,2.6512593976050662,0.42345222091954143,underdamped
-0.7474999999999998,-0.7548333333333334,0.8688114486661264,0.9016085864995947,2.539015855216721,0.40466541289090674,underdamped
-0.7149999999999999,-0.7548333333333334,0.8688114486661264,0.9016085864995947,2.4340754196331167,0.38633403068247646,underdamped
-0.6824999999999999,-0.7548333333333334,0.8688114486661266,0.901608586499595,2.3357958285486005,0.3684348785046046,underdamped
-0.6499999999999999,-0.7548333333333334,0.8688114486661264,0.9016085864995947,2.243616901153245,0.3509487028876421,underdamped
-0.6174999999999999,-0.7548333333333334,0.8688114486661265,0.9016085864995949,2.1570497876517667,0.33386016932734286,underdamped
-0.585,-0.7548333333333334,0.8688114486661263,0.9016085864995946,2.0756683256822503,0.3171579581196236,underdamped
-0.5525,-0.7548333333333334,0.8688114486661266,0.901608586499595,1.9991021835586675,0.3008349935285586,underdamped
-0.5199999999999998,-0.7548333333333334,0.8688114486661263,0.9016085864995946,1.9270315648976555,0.2848888284845138,underdamped
-0.4874999999999998,-0.7548333333333334,0.8688114486661263,0.9016085864995946,1.8591833298963445,0.26932221668781453,underdamped
-0.45499999999999985,-0.7548333333333334,0.8688114486661266,0.901608586499595,1.7953284607130997,0.25414391565830696,underdamped
-0.4224999999999999,-0.7548333333333334,0.8688114486661266,0.901608586499595,1.735280865531219,0.23936977796168896,underdamped
-0.3899999999999999,-0.7548333333333334,0.8688114486661264,0.9016085864995947,1.6788975786608729,0.22502420276153334,underdamped
-0.35749999999999993,-0.7548333333333334,0.8688114486661267,0.9016085864995951,1.6260804681740562,0.2111420332748125,underdamped
-0.32499999999999996,-0.7548333333333334,0.8688114486661265,0.9016085864995949,1.5767795940747518,0.19777099087686736,underdamped
-0.2925,-0.7548333333333334,0.8688114486661264,0.9016085864995947,1.530998336228044,0.18497471874047378,underdamped
-0.26,-0.7548333333333334,0.8688114486661266,0.901608586499595,1.488800265831656,0.172836437667855,underdamped
-0.2274999999999998,-0.7548333333333334,0.8688114486661267,0.9016085864995951,1.4503173462963463,0.16146304131480638,underdamped
-0.19499999999999984,-0.7548333333333334,0.8688114486661265,0.9016085864995949,1.4157582287433699,0.150989094534804,underdamped
-0.16249999999999987,-0.7548333333333334,0.8688114486661265,0.9016085864995949,1.385413927849565,0.1415795493740161,underdamped
-0.1299999999999999,-0.7548333333333334,0.8688114486661261,0.9016085864995946,1.3596559519476543,0.133429028169133,underdamped
-0.09749999999999992,-0.7548333333333334,0.8688114486661265,0.9016085864995949,1.3389195977726578,0.12675449837715602,underdamped
-0.06499999999999995,-0.7548333333333334,0.8688114486661264,0.9016085864995947,1.3236646224859472,0.12177796164886016,underdamped
-0.03249999999999997,-0.7548333333333334,0.8688114486661265,0.9016085864995949,1.3143104685885418,0.11869796710207627,underdamped
2.220446049250313e-16,-0.7548333333333334,0.8688114486661265,0.9016085864995949,1.3111560979217227,0.11765439911221262,underdamped
0.032500000000000195,-0.7548333333333334,0.8688114486661265,0.9016085864995949,1.3143104685885418,0.11869796710207627,underdamped
0.06500000000000017,-0.7548333333333334,0.8688114486661264,0.9016085864995947,1.3236646224859474,0.12177796164886023,underdamped
0.09749999999999992,-0.7548333333333334,0.8688114486661265,0.9016085864995949,1.3389195977726578,0.12675449837715602,underdamped
0.13000000000000012,-0.7548333333333334,0.8688114486661264,0.9016085864995947,1.3596559519476543,0.133429028169133,underdamped
0.1625000000000003,-0.7548333333333334,0.8688114486661265,0.9016085864995949,1.385413927849565,0.1415795493740161,underdamped
0.19500000000000006,-0.7548333333333334,0.8688114486661265,0.9016085864995949,1.4157582287433697,0.15098909453480394,underdamped
0.22750000000000026,-0.7548333333333334,0.8688114486661266,0.901608586499595,1.4503173462963475,0.1614630413148067,underdamped
0.26,-0.7548333333333334,0.8688114486661266,0.901608586499595,1.488800265831656,0.172836437667855,underdamped
0.2925000000000002,-0.7548333333333334,0.8688114486661265,0.9016085864995949,1.5309983362280435,0.18497471874047364,underdamped
0.32499999999999996,-0.7548333333333334,0.8688114486661265,0.9016085864995949,1.5767795940747518,0.19777099087686736,underdamped
0.35750000000000015,-0.7548333333333334,0.8688114486661266,0.901608586499595,1.6260804681740564,0.21114203327481257,underdamped
0.3899999999999999,-0.7548333333333334,0.8688114486661264,0.9016085864995947,1.6788975786608729,0.22502420276153334,underdamped
0.4225000000000001,-0.7548333333333334,0.8688114486661265,0.9016085864995949,1.73528086553122,0.23936977796168918,underdamped
0.4550000000000003,-0.7548333333333334,0.8688114486661267,0.9016085864995951,1.7953284607131004,0.25414391565830713,underdamped
0.48750000000000004,-0.7548333333333334,0.8688114486661265,0.9016085864995949,1.8591833298963434,0.2693222166878143,underdamped
0.5200000000000002,-0.7548333333333334,0.8688114486661265,0.9016085864995949,1.927031564897656,0.2848888284845139,underdamped
0.5525,-0.7548333333333334,0.8688114486661266,0.901608586499595,1.9991021835586675,0.3008349935285586,underdamped
0.5850000000000002,-0.7548333333333334,0.8688114486661263,0.9016085864995946,2.075668325682251,0.31715795811962366,underdamped
0.6174999999999999,-0.7548333333333334,0.8688114486661265,0.9016085864995949,2.1570497876517667,0.33386016932734286,underdamped
0.6500000000000001,-0.7548333333333334,0.8688114486661264,0.9016085864995947,2.243616901153245,0.3509487028876421,underdamped
0.6825000000000003,-0.7548333333333334,0.8688114486661266,0.901608586499595,2.335795828548602,0.3684348785046048,underdamped
0.7150000000000001,-0.7548333333333334,0.8688114486661263,0.9016085864995946,2.4340754196331167,0.38633403068247646,underdamped
0.7475000000000003,-0.7548333333333334,0.8688114486661268,0.9016085864995951,2.5390158552167215,0.40466541289090685,underdamped
0.78,-0.7548333333333334,0.8688114486661266,0.901608586499595,2.6512593976050662,0.42345222091954143,underdamped
0.8125000000000002,-0.7548333333333334,0.8688114486661265,0.9016085864995949,2.771543683981415,0.44272172816122873,underdamped
0.845,-0.7548333333333334,0.8688114486661265,0.9016085864995949,2.9007181457880558,0.4625055317410458,underdamped
0.8775000000000002,-0.7548333333333334,0.8688114486661266,0.901608586499595,3.039764328993011,0.48283991433725154,underdamped
0.9100000000000004,-0.7548333333333334,0.8688114486661265,0.9016085864995949,3.189821145519858,0.5037663326837026,underdamped
0.9425000000000001,-0.7548333333333334,0.8688114486661265,0.9016085864995949,3.352216432162514,0.5253320506084387,underdamped
0.9750000000000003,-0.7548333333333334,0.8688114486661266,0.901608586499595,3.5285066694169664,0.5475909426538847,underdamped
1.0075,-0.7548333333333334,0.8688114486661265,0.9016085864995949,3.720527377290757,0.5706045046167681,underdamped
1.0400000000000003,-0.7548333333333334,0.8688114486661266,0.901608586499595,3.930457646477198,0.5944431207999168,underdamped
1.0725,-0.7548333333333334,0.8688114486661265,0.9016085864995949,4.160903616654674,0.619187655893926,underdamped
1.1050000000000002,-0.7548333333333334,0.8688114486661263,0.9016085864995946,4.415007690681322,0.644931464429454,underdamped
1.1375,-0.7548333333333334,0.8688114486661267,0.9016085864995951,4.6965932114024715,0.6717829460265908,underdamped
1.1700000000000002,-0.7548333333333334,0.8688114486661267,0.9016085864995951,5.010358775904639,0.6998688254314781,underdamped
1.2025000000000003,-0.7548333333333334,0.8688114486661266,0.901608586499595,5.362143235625165,0.7293384108424543,underdamped
1.235,-0.7548333333333334,0.8688114486661265,0.9016085864995949,5.759293294488963,0.7603691957264216,underdamped
1.2675000000000003,-0.7548333333333334,0.8688114486661267,0.9016085864995951,6.211183222757236,0.7931743406219417,underdamped
1.3,-0.7548333333333334,0.8688114486661265,0.9016085864995949,6.729965544755821,0.8280128407825617,underdamped
1.3325000000000002,-0.7548333333333334,0.8688114486661264,0.9016085864995947,7.331682020620729,0.8652036210904518,underdamped
1.365,-0.7548333333333334,0.8688114486661264,0.9016085864995947,8.037954188980319,0.9051455266719213,underdamped
1.3975000000000002,-0.7548333333333334,0.8688114486661264,0.9016085864995947,8.878639766451997,0.9483464356915086,underdamped
1.43,-0.7548333333333334,0.8688114486661263,0.9016085864995946,9.896166432814598,0.9954669906070361,underdamped
1.4625000000000001,-0.7548333333333334,0.8688114486661266,0.901608586499595,11.152924045732204,1.0473887445539174,underdamped
1.4950000000000003,-0.7548333333333334,0.8688114486661264,0.9016085864995947,12.744569044547935,1.1053251544589417,underdamped
1.5275,-0.7548333333333334,0.8688114486661266,0.901608586499595,14.825606026687836,1.1710124550661178,underdamped
1.5600000000000003,-0.7548333333333334,0.8688114486661263,0.9016085864995946,17.662866224867134,1.247061179685492,underdamped
1.5925,-0.7548333333333334,0.8688114486661265,0.9016085864995949,21.760258506231445,1.3376640503626769,underdamped
1.6250000000000002,-0.7548333333333334,0.8688114486661266,0.901608586499595,28.197255357191715,1.4502068373535197,underdamped
1.6575,-0.7548333333333334,0.8688114486661264,0.9016085864995947,39.779086557000475,1.5996548062442006,underdamped
1.6900000000000002,-0.7548333333333334,0.8688114486661264,0.9016085864995947,66.78149345699983,1.8246561271005248,underdamped
1.7225000000000004,-0.7548333333333334,0.8688114486661264,0.9016085864995947,201.35395385513354,2.303960161982226,underdamped
-1.7225,-0.73875,0.9160365175020273,0.9370273881265205,1022.4998090191726,3.0096632355625803,overdamped
-1.69,-0.73875,0.8595056718835544,0.8946292539126658,106.32662103104319,2.0266420125896394,underdamped
-1.6575,-0.73875,0.8595056718835542,0.8946292539126657,50.9869349261379,1.7074589051882043,underdamped
-1.625,-0.73875,0.8595056718835543,0.8946292539126657,33.3557754651912,1.5231710417158884,underdamped
-1.5924999999999998,-0.73875,0.8595056718835544,0.8946292539126658,24.68522846771769,1.3924371510738778,underdamped
-1.56,-0.73875,0.8595056718835541,0.8946292539126656,19.528219590026882,1.2906626499712361,underdamped
-1.5274999999999999,-0.73875,0.8595056718835542,0.8946292539126657,16.10877551673443,1.207062529461033,underdamped
-1.4949999999999999,-0.73875,0.8595056718835544,0.8946292539126658,13.675264688559258,1.135935740977551,underdamped
-1.4625,-0.73875,0.8595056718835542,0.8946292539126657,11.854946472767015,1.0738995974002974,underdamped
-1.43,-0.73875,0.8595056718835542,0.8946292539126657,10.441947031078179,1.0187814858322906,underdamped
-1.3975,-0.73875,0.8595056718835542,0.8946292539126657,9.313280864330192,0.969102700344536,underdamped
-1.365,-0.73875,0.8595056718835543,0.8946292539126657,8.39095071524255,0.9238111702437267,underdamped
-1.3325,-0.73875,0.8595056718835543,0.8946292539126657,7.623100596652661,0.8821316508841448,underdamped
-1.2999999999999998,-0.73875,0.8595056718835543,0.8946292539126657,6.97391108580281,0.8434764060179671,underdamped
-1.2675,-0.73875,0.8595056718835542,0.8946292539126657,6.417845391366657,0.8073892505461645,underdamped
-1.2349999999999999,-0.73875,0.8595056718835542,0.8946292539126657,5.9362070097365445,0.7735090374223679,underdamped
-1.2025,-0.73875,0.8595056718835541,0.8946292539126656,5.514993532600081,0.7415450074819675,underdamped
-1.17,-0.73875,0.8595056718835542,0.8946292539126657,5.143510853036513,0.7112596605522521,underdamped
-1.1375,-0.73875,0.8595056718835544,0.8946292539126658,4.813450991974718,0.6824565544157953,underdamped
-1.105,-0.73875,0.8595056718835542,0.8946292539126657,4.5182621549982365,0.6549714256029686,underdamped
-1.0724999999999998,-0.73875,0.859505671883554,0.8946292539126655,4.252708409351324,0.628665605956192,underdamped
-1.04,-0.73875,0.8595056718835541,0.8946292539126656,4.012555582529223,0.6034210613677051,underdamped
-1.0074999999999998,-0.73875,0.8595056718835543,0.8946292539126657,3.794343106992055,0.5791365998093619,underdamped
-0.9749999999999999,-0.73875,0.859505671883554,0.8946292539126655,3.5952155851159247,0.5557249377283623,underdamped
-0.9424999999999999,-0.73875,0.8595056718835543,0.8946292539126657,3.412796615458556,0.5331104074066891,underdamped
-0.9099999999999999,-0.73875,0.8595056718835544,0.8946292539126658,3.245093024391368,0.5112271508746905,underdamped
-0.8775,-0.73875,0.859505671883554,0.8946292539126655,3.0904213061941475,0.49001768928983525,underdamped
-0.845,-0.73875,0.8595056718835542,0.8946292539126657,2.9473505116540863,0.46943178709702726,underdamped
-0.8125,-0.73875,0.8595056718835543,0.8946292539126657,2.8146574776901234,0.4494255520825878,underdamped
-0.78,-0.73875,0.8595056718835543,0.8946292539126657,2.6912914298477606,0.429960728429603,underdamped
-0.7474999999999998,-0.73875,0.8595056718835542,0.8946292539126657,2.576345787356892,0.4110041519574553,underdamped
-0.7149999999999999,-0.73875,0.8595056718835543,0.8946292539126657,2.469035567529243,0.39252734617754825,underdamped
-0.6824999999999999,-0.73875,0.8595056718835542,0.8946292539126657,2.3686791952750923,0.3745062455450098,underdamped
-0.6499999999999999,-0.73875,0.8595056718835542,0.8946292539126657,2.274683822978717,0.35692103902460265,underdamped
-0.6174999999999999,-0.73875,0.8595056718835541,0.8946292539126656,2.1865334888514925,0.3397561333671461,underdamped
-0.585,-0.73875,0.8595056718835542,0.8946292539126657,2.1037796109504265,0.32300024177383707,underdamped
-0.5525,-0.73875,0.8595056718835542,0.8946292539126657,2.026033445303061,0.3066466103187709,underdamped
-0.5199999999999998,-0.73875,0.8595056718835541,0.8946292539126656,1.9529602414113914,0.2906934019609722,underdamped
-0.4874999999999998,-0.73875,0.8595056718835543,0.8946292539126657,1.8842749149383768,0.2751442664666969,underdamped
-0.45499999999999985,-0.73875,0.8595056718835543,0.8946292539126657,1.8197391311217548,0.26000913411992965,underdamped
-0.4224999999999999,-0.73875,0.859505671883554,0.8946292539126655,1.7591597563178565,0.24530528126348916,underdamped
-0.3899999999999999,-0.73875,0.8595056718835543,0.8946292539126657,1.702388688499737,0.23105872496030963,underdamped
-0.35749999999999993,-0.73875,0.8595056718835543,0.8946292539126657,1.6493241143433854,0.21730600873075973,underdamped
-0.32499999999999996,-0.73875,0.8595056718835542,0.8946292539126657,1.5999132447182733,0.20409643367990096,underdamped
-0.2925,-0.73875,0.8595056718835542,0.8946292539126657,1.5541565189495818,0.19149475442185046,underdamped
-0.26,-0.73875,0.8595056718835543,0.8946292539126657,1.5121130808953926,0.1795842703798116,underdamped
-0.2274999999999998,-0.73875,0.8595056718835542,0.8946292539126657,1.473906919251168,0.16847005765328177,underdamped
-0.19499999999999984,-0.73875,0.8595056718835543,0.8946292539126657,1.439732300315438,0.1582817481343373,underdamped
-0.16249999999999987,-0.73875,0.8595056718835542,0.8946292539126657,1.409855896769663,0.1491747251121115,underdamped
-0.1299999999999999,-0.73875,0.8595056718835542,0.8946292539126657,1.384611424427297,0.14132791065347966,underdamped
-0.09749999999999992,-0.73875,0.8595056718835544,0.8946292539126658,1.3643812912768054,0.13493575562618837,underdamped
-0.06499999999999995,-0.73875,0.8595056718835543,0.8946292539126657,1.3495603321068497,0.13019230446526575,underdamped
-0.03249999999999997,-0.73875,0.8595056718835544,0.8946292539126658,1.3405013764258773,0.1272672642523981,underdamped
2.220446049250313e-16,-0.73875,0.8595056718835542,0.8946292539126657,1.337451919526137,0.1262781783868647,underdamped
0.032500000000000195,-0.73875,0.8595056718835543,0.8946292539126657,1.3405013764258775,0.12726726425239815,underdamped
0.06500000000000017,-0.73875,0.8595056718835543,0.8946292539126657,1.3495603321068494,0.1301923044652657,underdamped
0.09749999999999992,-0.73875,0.8595056718835544,0.8946292539126658,1.3643812912768054,0.13493575562618837,underdamped
0.13000000000000012,-0.73875,0.8595056718835542,0.8946292539126657,1.384611424427297,0.14132791065347966,underdamped
0.1625000000000003,-0.73875,0.8595056718835543,0.8946292539126657,1.4098558967696637,0.14917472511211172,underdamped
0.19500000000000006,-0.73875,0.8595056718835542,0.8946292539126657,1.4397323003154383,0.15828174813433735,underdamped
0.22750000000000026,-0.73875,0.8595056718835542,0.8946292539126657,1.4739069192511698,0.1684700576532823,underdamped
0.26,-0.73875,0.8595056718835543,0.8946292539126657,1.5121130808953926,0.1795842703798116,underdamped
0.2925000000000002,-0.73875,0.8595056718835542,0.8946292539126657,1.5541565189495823,0.1914947544218506,underdamped
0.32499999999999996,-0.73875,0.8595056718835542,0.8946292539126657,1.5999132447182733,0.20409643367990096,underdamped
0.35750000000000015,-0.73875,0.8595056718835543,0.8946292539126657,1.6493241143433859,0.21730600873075984,underdamped
0.3899999999999999,-0.73875,0.8595056718835543,0.8946292539126657,1.702388688499737,0.23105872496030963,underdamped
0.4225000000000001,-0.73875,0.8595056718835544,0.8946292539126658,1.7591597563178551,0.24530528126348883,underdamped
0.4550000000000003,-0.73875,0.8595056718835544,0.8946292539126658,1.8197391311217552,0.26000913411992976,underdamped
0.48750000000000004,-0.73875,0.8595056718835542,0.8946292539126657,1.8842749149383775,0.27514426646669704,underdamped
0.5200000000000002,-0.73875,0.8595056718835542,0.8946292539126657,1.9529602414113927,0.2906934019609725,underdamped
0.5525,-0.73875,0.8595056718835542,0.8946292539126657,2.026033445303061,0.3066466103187709,underdamped
0.5850000000000002,-0.73875,0.8595056718835542,0.8946292539126657,2.103779610950427,0.3230002417738371,underdamped
0.6174999999999999,-0.73875,0.8595056718835541,0.8946292539126656,2.1865334888514925,0.3397561333671461,underdamped
0.6500000000000001,-0.73875,0.8595056718835542,0.8946292539126657,2.274683822978719,0.356921039024603,underdamped
0.6825000000000003,-0.73875,0.8595056718835542,0.8946292539126657,2.368679195275094,0.3745062455450101,underdamped
0.7150000000000001,-0.73875,0.8595056718835543,0.8946292539126657,2.469035567529244,0.3925273461775484,underdamped
0.7475000000000003,-0.73875,0.8595056718835541,0.8946292539126656,2.5763457873568933,0.41100415195745554,underdamped
0.78,-0.73875,0.8595056718835543,0.8946292539126657,2.6912914298477606,0.429960728429603,underdamped
0.8125000000000002,-0.73875,0.8595056718835541,0.8946292539126656,2.8146574776901248,0.449425552082588,underdamped
0.845,-0.73875,0.8595056718835542,0.8946292539126657,2.9473505116540863,0.46943178709702726,underdamped
0.8775000000000002,-0.73875,0.8595056718835544,0.8946292539126658,3.090421306194148,0.4900176892898353,underdamped
0.9100000000000004,-0.73875,0.8595056718835542,0.8946292539126657,3.24509302439137,0.5112271508746908,underdamped
0.9425000000000001,-0.73875,0.8595056718835543,0.8946292539126657,3.4127966154585563,0.5331104074066891,underdamped
0.9750000000000003,-0.73875,0.8595056718835543,0.8946292539126657,3.595215585115925,0.5557249377283624,underdamped
1.0075,-0.73875,0.8595056718835541,0.8946292539126656,3.7943431069920592,0.5791365998093625,underdamped
1.0400000000000003,-0.73875,0.8595056718835544,0.8946292539126658,4.01255558252922,0.6034210613677048,underdamped
1.0725,-0.73875,0.8595056718835541,0.8946292539126656,4.252708409351326,0.6286656059561923,underdamped
1.1050000000000002,-0.73875,0.8595056718835542,0.8946292539126657,4.51826215499824,0.654971425602969,underdamped
1.1375,-0.73875,0.8595056718835544,0.8946292539126658,4.813450991974718,0.6824565544157953,underdamped
1.1700000000000002,-0.73875,0.8595056718835543,0.8946292539126657,5.1435108530365135,0.7112596605522521,underdamped
1.2025000000000003,-0.73875,0.8595056718835543,0.8946292539126657,5.514993532600086,0.7415450074819679,underdamped
1.235,-0.73875,0.8595056718835542,0.8946292539126657,5.936207009736553,0.7735090374223685,underdamped
1.2675000000000003,-0.73875,0.8595056718835541,0.8946292539126656,6.417845391366661,0.8073892505461647,underdamped
1.3,-0.73875,0.8595056718835543,0.8946292539126657,6.973911085802818,0.8434764060179676,underdamped
1.3325000000000002,-0.73875,0.8595056718835542,0.8946292539126657,7.623100596652665,0.882131650884145,underdamped
1.365,-0.73875,0.8595056718835543,0.8946292539126657,8.39095071524255,0.9238111702437267,underdamped
1.3975000000000002,-0.73875,0.8595056718835541,0.8946292539126656,9.313280864330203,0.9691027003445366,underdamped
1.43,-0.73875,0.8595056718835542,0.8946292539126657,10.441947031078179,1.0187814858322906,underdamped
1.4625000000000001,-0.73875,0.8595056718835542,0.8946292539126657,11.854946472767011,1.0738995974002972,underdamped
1.4950000000000003,-0.73875,0.8595056718835541,0.8946292539126656,13.67526468855925,1.1359357409775508,underdamped
1.5275,-0.73875,0.8595056718835541,0.8946292539126656,16.108775516734436,1.2070625294610333,underdamped
1.5600000000000003,-0.73875,0.8595056718835542,0.8946292539126657,19.528219590026854,1.2906626499712355,underdamped
1.5925,-0.73875,0.8595056718835542,0.8946292539126657,24.685228467717707,1.392437151073878,underdamped
1.6250000000000002,-0.73875,0.8595056718835542,0.8946292539126657,33.35577546519135,1.5231710417158901,underdamped
1.6575,-0.73875,0.8595056718835542,0.8946292539126657,50.9869349261379,1.7074589051882043,underdamped
1.6900000000000002,-0.73875,0.8595056718835544,0.8946292539126658,106.32662103104587,2.0266420125896505,underdamped
1.7225000000000004,-0.73875,0.9160365175020305,0.9370273881265229,1022.4998090193169,3.0096632355626416,overdamped
-1.69,-0.7226666666666667,0.850098033562404,0.887573525171803,271.88696027234784,2.4343883792772254,underdamped
-1.6575,-0.7226666666666667,0.8500980335624042,0.8875735251718031,71.78002456931472,1.8560036026502718,underdamped
-1.625,-0.7226666666666667,0.8500980335624044,0.8875735251718033,41.081436885187834,1.6136456252951252,underdamped
-1.5924999999999998,-0.7226666666666667,0.8500980335624041,0.8875735251718031,28.642239374578658,1.4570069699906512,underdamped
-1.56,-0.7226666666666667,0.8500980335624043,0.8875735251718032,21.905590314449977,1.3405549610911782,underdamped
-1.5274999999999999,-0.7226666666666667,0.8500980335624043,0.8875735251718032,17.68121239691275,1.2475120411768506,underdamped
-1.4949999999999999,-0.7226666666666667,0.8500980335624042,0.8875735251718031,14.784532503016194,1.169807596392043,underdamped
-1.4625,-0.7226666666666667,0.8500980335624042,0.8875735251718031,12.67455730350437,1.1029327992477556,underdamped
-1.43,-0.7226666666666667,0.8500980335624043,0.8875735251718032,11.069068202608808,1.0441110633812,underdamped
-1.3975,-0.7226666666666667,0.8500980335624043,0.8875735251718032,9.8064226655393,0.9915106077920199,underdamped
-1.365,-0.7226666666666667,0.8500980335624044,0.8875735251718033,8.787374772180364,0.9438591489936193,underdamped
-1.3325,-0.7226666666666667,0.8500980335624043,0.8875735251718032,7.9476178414261796,0.9002369760333929,underdamped
-1.2999999999999998,-0.7226666666666667,0.8500980335624045,0.8875735251718034,7.243653290884252,0.8599576551346686,underdamped
-1.2675,-0.7226666666666667,0.8500980335624043,0.8875735251718032,6.64500468494204,0.8224952914704377,underdamped
-1.2349999999999999,-0.7226666666666667,0.8500980335624044,0.8875735251718033,6.129684434206753,0.7874381169310807,underdamped
-1.2025,-0.7226666666666667,0.8500980335624044,0.8875735251718033,5.681431053223236,0.754457740682723,underdamped
-1.17,-0.7226666666666667,0.8500980335624043,0.8875735251718032,5.2879595168987,0.7232881216563273,underdamped
-1.1375,-0.7226666666666667,0.8500980335624042,0.8875735251718031,4.939816267795907,0.6937107960154891,underdamped
-1.105,-0.7226666666666667,0.8500980335624044,0.8875735251718033,4.629608376583589,0.6655442551470792,underdamped
-1.0724999999999998,-0.7226666666666667,0.8500980335624043,0.8875735251718032,4.351471593745496,0.6386361528083973,underdamped
-1.04,-0.7226666666666667,0.8500980335624043,0.8875735251718032,4.100695173258957,0.612857487041233,underdamped
-1.0074999999999998,-0.7226666666666667,0.8500980335624043,0.8875735251718032,3.8734521027328777,0.5880981900568618,underdamped
-0.9749999999999999,-0.7226666666666667,0.8500980335624043,0.8875735251718032,3.6666017513062528,0.5642637415388218,underdamped
-0.9424999999999999,-0.7226666666666667,0.8500980335624047,0.8875735251718035,3.4775432443261898,0.5412725392839158,underdamped
-0.9099999999999999,-0.7226666666666667,0.8500980335624042,0.8875735251718031,3.304104998270102,0.5190538399330792,underdamped
-0.8775,-0.7226666666666667,0.8500980335624042,0.8875735251718031,3.1444604461012196,0.4975461361458137,underdamped
-0.845,-0.7226666666666667,0.8500980335624044,0.8875735251718033,2.9970630112071213,0.4766958737871126,underdamped
-0.8125,-0.7226666666666667,0.8500980335624043,0.8875735251718032,2.8605954207472064,0.45645643908396105,underdamped
-0.78,-0.7226666666666667,0.8500980335624044,0.8875735251718033,2.733929837737226,0.43678736484974245,underdamped
-0.7474999999999998,-0.7226666666666667,0.8500980335624043,0.8875735251718032,2.616096255157213,0.41765371913028143,underdamped
-0.7149999999999999,-0.7226666666666667,0.8500980335624042,0.8875735251718031,2.5062572749161443,0.39902565059322603,underdamped
-0.6824999999999999,-0.7226666666666667,0.8500980335624042,0.8875735251718031,2.4036878807120057,0.38087807377795835,underdamped
-0.6499999999999999,-0.7226666666666667,0.8500980335624042,0.8875735251718031,2.3077591669085984,0.36319048475232646,underdamped
-0.6174999999999999,-0.7226666666666667,0.8500980335624041,0.8875735251718031,2.217925245991279,0.3459469043917735,underdamped
-0.585,-0.7226666666666667,0.8500980335624043,0.8875735251718032,2.1337127526031616,0.3291359528784533,underdamped
-0.5525,-0.7226666666666667,0.8500980335624041,0.8875735251718031,2.054712511735013,0.31275106548152937,underdamped
-0.5199999999999998,-0.7226666666666667,0.8500980335624043,0.8875735251718032,1.9805730556937493,0.29679086648255043,underdamped
-0.4874999999999998,-0.7226666666666667,0.8500980335624043,0.8875735251718032,1.910995768214808,0.2812597253370681,underdamped
-0.45499999999999985,-0.7226666666666667,0.8500980335624042,0.8875735251718031,1.845731510420196,0.2661685265796976,underdamped
-0.4224999999999999,-0.7226666666666667,0.8500980335624043,0.8875735251718032,1.7845786449652443,0.25153569172672013,underdamped
-0.3899999999999999,-0.7226666666666667,0.8500980335624044,0.8875735251718033,1.7273824204213997,0.23738849546733556,underdamped
-0.35749999999999993,-0.7226666666666667,0.8500980335624042,0.8875735251718031,1.674035700633022,0.22376471555843272,underdamped
-0.32499999999999996,-0.7226666666666667,0.8500980335624043,0.8875735251718032,1.6244810071408773,0.2107146380927396,underdamped
-0.2925,-0.7226666666666667,0.850098033562404,0.887573525171803,1.5787137561095586,0.19830339320563298,underdamped
-0.26,-0.7226666666666667,0.8500980335624041,0.8875735251718031,1.536786363756623,0.18661349828028567,underdamped
-0.2274999999999998,-0.7226666666666667,0.8500980335624043,0.8875735251718032,1.4988124936191567,0.17574730457604668,underdamped
-0.19499999999999984,-0.7226666666666667,0.8500980335624044,0.8875735251718033,1.46497004714839,0.16582874517398125,underdamped
-0.16249999999999987,-0.7226666666666667,0.8500980335624041,0.8875735251718031,1.4355005345585918,0.15700335855722244,underdamped
-0.1299999999999999,-0.7226666666666667,0.8500980335624042,0.8875735251718031,1.4107013861093154,0.14943509306701602,underdamped
-0.09749999999999992,-0.7226666666666667,0.8500980335624043,0.8875735251718032,1.3909071857453403,0.1432981507947086,underdamped
-0.06499999999999995,-0.7226666666666667,0.8500980335624044,0.8875735251718033,1.3764569051868134,0.1387626188295706,underdamped
-0.03249999999999997,-0.7226666666666667,0.8500980335624042,0.8875735251718031,1.367648282886444,0.1359744245470551,underdamped
2.220446049250313e-16,-0.7226666666666667,0.8500980335624043,0.8875735251718032,1.3646874317384137,0.13503319187804982,underdamped
0.032500000000000195,-0.7226666666666667,0.8500980335624041,0.8875735251718031,1.367648282886444,0.1359744245470551,underdamped
0.06500000000000017,-0.7226666666666667,0.8500980335624042,0.8875735251718031,1.3764569051868139,0.13876261882957075,underdamped
0.09749999999999992,-0.7226666666666667,0.8500980335624043,0.8875735251718032,1.3909071857453403,0.1432981507947086,underdamped
0.13000000000000012,-0.7226666666666667,0.8500980335624043,0.8875735251718032,1.4107013861093163,0.1494350930670163,underdamped
0.1625000000000003,-0.7226666666666667,0.8500980335624042,0.8875735251718031,1.4355005345585925,0.15700335855722264,underdamped
0.19500000000000006,-0.7226666666666667,0.8500980335624043,0.8875735251718032,1.4649700471483909,0.16582874517398152,underdamped
0.22750000000000026,-0.7226666666666667,0.8500980335624042,0.8875735251718031,1.4988124936191578,0.175747304576047,underdamped
0.26,-0.7226666666666667,0.8500980335624041,0.8875735251718031,1.536786363756623,0.18661349828028567,underdamped
0.2925000000000002,-0.7226666666666667,0.8500980335624042,0.8875735251718031,1.5787137561095586,0.19830339320563298,underdamped
0.32499999999999996,-0.7226666666666667,0.8500980335624043,0.8875735251718032,1.6244810071408773,0.2107146380927396,underdamped
0.35750000000000015,-0.7226666666666667,0.8500980335624043,0.8875735251718032,1.674035700633022,0.22376471555843272,underdamped
0.3899999999999999,-0.7226666666666667,0.8500980335624044,0.8875735251718033,1.7273824204213997,0.23738849546733556,underdamped
0.4225000000000001,-0.7226666666666667,0.8500980335624043,0.8875735251718032,1.7845786449652452,0.25153569172672036,underdamped
0.4550000000000003,-0.7226666666666667,0.8500980335624043,0.8875735251718032,1.8457315104201963,0.2661685265796977,underdamped
0.48750000000000004,-0.7226666666666667,0.8500980335624045,0.8875735251718034,1.910995768214808,0.2812597253370681,underdamped
0.5200000000000002,-0.7226666666666667,0.8500980335624041,0.8875735251718031,1.9805730556937504,0.2967908664825507,underdamped
0.5525,-0.7226666666666667,0.8500980335624041,0.8875735251718031,2.054712511735013,0.31275106548152937,underdamped
0.5850000000000002,-0.7226666666666667,0.8500980335624043,0.8875735251718032,2.1337127526031625,0.32913595287845354,underdamped
0.6174999999999999,-0.7226666666666667,0.8500980335624041,0.8875735251718031,2.217925245991279,0.3459469043917735,underdamped
0.6500000000000001,-0.7226666666666667,0.8500980335624042,0.8875735251718031,2.307759166908599,0.36319048475232657,underdamped
0.6825000000000003,-0.7226666666666667,0.8500980335624044,0.8875735251718033,2.4036878807120066,0.3808780737779585,underdamped
0.7150000000000001,-0.7226666666666667,0.8500980335624044,0.8875735251718033,2.506257274916145,0.39902565059322614,underdamped
0.7475000000000003,-0.7226666666666667,0.8500980335624041,0.8875735251718031,2.616096255157215,0.4176537191302818,underdamped
0.78,-0.7226666666666667,0.8500980335624044,0.8875735251718033,2.733929837737226,0.43678736484974245,underdamped
0.8125000000000002,-0.7226666666666667,0.8500980335624042,0.8875735251718031,2.8605954207472073,0.4564564390839612,underdamped
0.845,-0.7226666666666667,0.8500980335624044,0.8875735251718033,2.9970630112071213,0.4766958737871126,underdamped
0.8775000000000002,-0.7226666666666667,0.8500980335624043,0.8875735251718032,3.1444604461012204,0.49754613614581383,underdamped
0.9100000000000004,-0.7226666666666667,0.8500980335624043,0.8875735251718032,3.3041049982701027,0.5190538399330793,underdamped
0.9425000000000001,-0.7226666666666667,0.8500980335624043,0.8875735251718032,3.477543244326193,0.5412725392839162,underdamped
0.9750000000000003,-0.7226666666666667,0.8500980335624044,0.8875735251718033,3.6666017513062545,0.564263741538822,underdamped
1.0075,-0.7226666666666667,0.8500980335624043,0.8875735251718032,3.873452102732881,0.5880981900568621,underdamped
1.0400000000000003,-0.7226666666666667,0.8500980335624041,0.8875735251718031,4.10069517325896,0.6128574870412333,underdamped
1.0725,-0.7226666666666667,0.8500980335624042,0.8875735251718031,4.351471593745499,0.6386361528083976,underdamped
1.1050000000000002,-0.7226666666666667,0.8500980335624044,0.8875735251718033,4.629608376583591,0.6655442551470794,underdamped
1.1375,-0.7226666666666667,0.8500980335624042,0.8875735251718031,4.939816267795907,0.6937107960154891,underdamped
1.1700000000000002,-0.7226666666666667,0.8500980335624043,0.8875735251718032,5.287959516898704,0.7232881216563276,underdamped
1.2025000000000003,-0.7226666666666667,0.8500980335624044,0.8875735251718033,5.681431053223244,0.7544577406827236,underdamped
1.235,-0.7226666666666667,0.8500980335624044,0.8875735251718033,6.129684434206761,0.7874381169310812,underdamped
1.2675000000000003,-0.7226666666666667,0.8500980335624043,0.8875735251718032,6.645004684942047,0.8224952914704381,underdamped
1.3,-0.7226666666666667,0.8500980335624042,0.8875735251718031,7.243653290884267,0.8599576551346695,underdamped
1.3325000000000002,-0.7226666666666667,0.8500980335624045,0.8875735251718034,7.947617841426186,0.9002369760333933,underdamped
1.365,-0.7226666666666667,0.8500980335624044,0.8875735251718033,8.787374772180364,0.9438591489936193,underdamped
1.3975000000000002,-0.7226666666666667,0.8500980335624043,0.8875735251718032,9.806422665539317,0.9915106077920207,underdamped
1.43,-0.7226666666666667,0.8500980335624043,0.8875735251718032,11.069068202608808,1.0441110633812,underdamped
1.4625000000000001,-0.7226666666666667,0.8500980335624042,0.8875735251718031,12.67455730350437,1.1029327992477556,underdamped
1.4950000000000003,-0.7226666666666667,0.8500980335624042,0.8875735251718031,14.784532503016234,1.169807596392044,underdamped
1.5275,-0.7226666666666667,0.8500980335624043,0.8875735251718032,17.6812123969128,1.2475120411768519,underdamped
1.5600000000000003,-0.7226666666666667,0.8500980335624042,0.8875735251718031,21.905590314449963,1.3405549610911778,underdamped
1.5925,-0.7226666666666667,0.8500980335624043,0.8875735251718032,28.642239374578658,1.4570069699906512,underdamped
1.6250000000000002,-0.7226666666666667,0.8500980335624043,0.8875735251718032,41.08143688518793,1.6136456252951261,underdamped
1.6575,-0.7226666666666667,0.8500980335624042,0.8875735251718031,71.78002456931472,1.8560036026502718,underdamped
1.6900000000000002,-0.7226666666666667,0.8500980335624042,0.8875735251718031,271.88696027235295,2.4343883792772334,underdamped
-1.69,-0.7065833333333333,0.931265095297383,0.951265095297383,683.1209756906862,2.834497620844773,overdamped
-1.6575,-0.7065833333333333,0.8405851136757854,0.8804388352568391,123.64635008664034,2.0921813009591266,underdamped
-1.625,-0.7065833333333333,0.8405851136757856,0.8804388352568392,53.92583157461206,1.7317968509554953,underdamped
-1.5924999999999998,-0.7065833333333333,0.8405851136757857,0.8804388352568393,34.29449164577658,1.5352243696067998,underdamped
-1.56,-0.7065833333333333,0.8405851136757856,0.8804388352568392,25.039192704558886,1.3986203225572722,underdamped
-1.5274999999999999,-0.7065833333333333,0.8405851136757856,0.8804388352568392,19.652994043169716,1.2934287225167926,underdamped
-1.4949999999999999,-0.7065833333333333,0.8405851136757855,0.8804388352568391,16.129053105499338,1.2076088718447895,underdamped
-1.4625,-0.7065833333333333,0.8405851136757856,0.8804388352568392,13.643839180480061,1.1349365917495997,underdamped
-1.43,-0.7065833333333333,0.8405851136757855,0.8804388352568391,11.797023788881086,1.071772455179184,underdamped
-1.3975,-0.7065833333333333,0.8405851136757854,0.8804388352568391,10.370582121107132,1.015803134874005,underdamped
-1.365,-0.7065833333333333,0.8405851136757856,0.8804388352568392,9.235627273170703,0.9654663975591734,underdamped
-1.3325,-0.7065833333333333,0.8405851136757855,0.8804388352568391,8.31108089953171,0.9196575097257429,underdamped
-1.2999999999999998,-0.7065833333333333,0.8405851136757855,0.8804388352568391,7.54338765240449,0.8775664265511858,underdamped
-1.2675,-0.7065833333333333,0.8405851136757855,0.8804388352568391,6.8957505256542175,0.8385815412024475,underdamped
-1.2349999999999999,-0.7065833333333333,0.8405851136757857,0.8804388352568393,6.342051993188544,0.8022297981234765,underdamped
-1.2025,-0.7065833333333333,0.8405851136757857,0.8804388352568393,5.863242265125007,0.7681378393038873,underdamped
-1.17,-0.7065833333333333,0.8405851136757855,0.8804388352568391,5.445100517501147,0.736005901317349,underdamped
-1.1375,-0.7065833333333333,0.8405851136757856,0.8804388352568392,5.076796475103556,0.7055897532192258,underdamped
-1.105,-0.7065833333333333,0.8405851136757857,0.8804388352568393,4.74993731923354,0.6766878786584232,underdamped
-1.0724999999999998,-0.7065833333333333,0.8405851136757858,0.8804388352568393,4.45791906297043,0.6491321792576298,underdamped
-1.04,-0.7065833333333333,0.8405851136757856,0.8804388352568392,4.195474670832913,0.6227811034868669,underdamped
-1.0074999999999998,-0.7065833333333333,0.8405851136757856,0.8804388352568392,3.9583526649818515,0.5975144845728905,underdamped
-0.9749999999999999,-0.7065833333333333,0.8405851136757856,0.8804388352568392,3.74308429420216,0.5732296075297678,underdamped
-0.9424999999999999,-0.7065833333333333,0.8405851136757856,0.8804388352568392,3.5468120639056364,0.549838176977413,underdamped
-0.9099999999999999,-0.7065833333333333,0.8405851136757858,0.8804388352568393,3.367161576828893,0.5272639569706629,underdamped
-0.8775,-0.7065833333333333,0.8405851136757854,0.8804388352568391,3.202144462720432,0.5054409209458917,underdamped
-0.845,-0.7065833333333333,0.8405851136757856,0.8804388352568392,3.0500839699572397,0.484311795801568,underdamped
-0.8125,-0.7065833333333333,0.8405851136757855,0.8804388352568391,2.9095573122550134,0.46382691631580236,underdamped
-0.78,-0.7065833333333333,0.8405851136757856,0.8804388352568392,2.779350568312751,0.4439433291744477,underdamped
-0.7474999999999998,-0.7065833333333333,0.8405851136757856,0.8804388352568392,2.6584231049237927,0.4246241028332872,underdamped
-0.7149999999999999,-0.7065833333333333,0.8405851136757856,0.8804388352568392,2.5458793136857842,0.40583781226241156,underdamped
-0.6824999999999999,-0.7065833333333333,0.8405851136757856,0.8804388352568392,2.4409460329903867,0.38755817768283,underdamped
-0.6499999999999999,-0.7065833333333333,0.8405851136757856,0.8804388352568392,2.34295444577083,0.36976384466069084,underdamped
-0.6174999999999999,-0.7065833333333333,0.8405851136757857,0.8804388352568393,2.2513255496397013,0.3524383000601699,underdamped
-0.585,-0.7065833333333333,0.8405851136757856,0.8804388352568392,2.165558523406318,0.33556992486982734,underdamped
-0.5525,-0.7065833333333333,0.8405851136757855,0.8804388352568391,2.0852214856571387,0.31915219115152016,underdamped
-0.5199999999999998,-0.7065833333333333,0.8405851136757855,0.8804388352568391,2.0099442729960932,0.3031840164922333,underdamped
-0.4874999999999998,-0.7065833333333333,0.8405851136757856,0.8804388352568392,1.9394129683953878,0.28767029530823107,underdamped
-0.45499999999999985,-0.7065833333333333,0.8405851136757856,0.8804388352568392,1.873365990576539,0.2726226317053935,underdamped
-0.4224999999999999,-0.7065833333333333,0.8405851136757857,0.8804388352568393,1.8115916163530292,0.2580603021963676,underdamped
-0.3899999999999999,-0.7065833333333333,0.8405851136757856,0.8804388352568392,1.753926848076009,0.24401147606569243,underdamped
-0.35749999999999993,-0.7065833333333333,0.8405851136757856,0.8804388352568392,1.700257550661091,0.23051471217762945,underdamped
-0.32499999999999996,-0.7065833333333333,0.8405851136757856,0.8804388352568392,1.6505197518764767,0.2176207259275441,underdamped
-0.2925,-0.7065833333333333,0.8405851136757856,0.8804388352568392,1.6047018990812858,0.2053943665799285,underdamped
-0.26,-0.7065833333333333,0.8405851136757856,0.8804388352568392,1.5628476555563473,0.19391664559702823,underdamped
-0.2274999999999998,-0.7065833333333333,0.8405851136757855,0.8804388352568391,1.5250584509933085,0.18328648922863047,underdamped
-0.19499999999999984,-0.7065833333333333,0.8405851136757857,0.8804388352568393,1.4914944371581715,0.1736216379085977,underdamped
-0.16249999999999987,-0.7065833333333333,0.8405851136757854,0.8804388352568391,1.46237177486856,0.1650577961843882,underdamped
-0.1299999999999999,-0.7065833333333333,0.8405851136757856,0.8804388352568392,1.4379535044217358,0.15774484355762064,underdamped
-0.09749999999999992,-0.7065833333333333,0.8405851136757857,0.8804388352568393,1.4185311484648437,0.15183887658437656,underdamped
-0.06499999999999995,-0.7065833333333333,0.8405851136757858,0.8804388352568393,1.4043954881453258,0.14748942555211755,underdamped
-0.03249999999999997,-0.7065833333333333,0.8405851136757855,0.8804388352568391,1.3957983329428252,0.14482267529512058,underdamped
2.220446049250313e-16,-0.7065833333333333,0.8405851136757856,0.8804388352568392,1.3929121185922178,0.14392371684432875,underdamped
0.032500000000000195,-0.7065833333333333,0.8405851136757856,0.8804388352568392,1.395798332942825,0.1448226752951205,underdamped
0.06500000000000017,-0.7065833333333333,0.8405851136757857,0.8804388352568393,1.4043954881453258,0.14748942555211755,underdamped
0.09749999999999992,-0.7065833333333333,0.8405851136757857,0.8804388352568393,1.4185311484648437,0.15183887658437656,underdamped
0.13000000000000012,-0.7065833333333333,0.8405851136757856,0.8804388352568392,1.4379535044217358,0.15774484355762064,underdamped
0.1625000000000003,-0.7065833333333333,0.8405851136757855,0.8804388352568391,1.4623717748685603,0.16505779618438826,underdamped
0.19500000000000006,-0.7065833333333333,0.8405851136757857,0.8804388352568393,1.4914944371581724,0.17362163790859794,underdamped
0.22750000000000026,-0.7065833333333333,0.8405851136757855,0.8804388352568391,1.525058450993308,0.18328648922863036,underdamped
0.26,-0.7065833333333333,0.8405851136757856,0.8804388352568392,1.5628476555563473,0.19391664559702823,underdamped
0.2925000000000002,-0.7065833333333333,0.8405851136757856,0.8804388352568392,1.6047018990812865,0.20539436657992866,underdamped
0.32499999999999996,-0.7065833333333333,0.8405851136757856,0.8804388352568392,1.6505197518764767,0.2176207259275441,underdamped
0.35750000000000015,-0.7065833333333333,0.8405851136757859,0.8804388352568394,1.7002575506610913,0.2305147121776295,underdamped
0.3899999999999999,-0.7065833333333333,0.8405851136757856,0.8804388352568392,1.753926848076009,0.24401147606569243,underdamped
0.4225000000000001,-0.7065833333333333,0.8405851136757857,0.8804388352568393,1.8115916163530303,0.2580603021963679,underdamped
0.4550000000000003,-0.7065833333333333,0.8405851136757855,0.8804388352568391,1.873365990576541,0.272622631705394,underdamped
0.48750000000000004,-0.7065833333333333,0.8405851136757858,0.8804388352568393,1.939412968395388,0.28767029530823107,underdamped
0.5200000000000002,-0.7065833333333333,0.8405851136757856,0.8804388352568392,2.0099442729960937,0.3031840164922334,underdamped
0.5525,-0.7065833333333333,0.8405851136757855,0.8804388352568391,2.0852214856571387,0.31915219115152016,underdamped
0.5850000000000002,-0.7065833333333333,0.8405851136757856,0.8804388352568392,2.1655585234063177,0.33556992486982723,underdamped
0.6174999999999999,-0.7065833333333333,0.8405851136757857,0.8804388352568393,2.2513255496397013,0.3524383000601699,underdamped
0.6500000000000001,-0.7065833333333333,0.8405851136757857,0.8804388352568393,2.3429544457708285,0.3697638446606906,underdamped
0.6825000000000003,-0.7065833333333333,0.8405851136757857,0.8804388352568393,2.440946032990388,0.3875581776828303,underdamped
0.7150000000000001,-0.7065833333333333,0.8405851136757855,0.8804388352568391,2.545879313685786,0.4058378122624119,underdamped
0.7475000000000003,-0.7065833333333333,0.8405851136757855,0.8804388352568391,2.658423104923795,0.4246241028332876,underdamped
0.78,-0.7065833333333333,0.8405851136757856,0.8804388352568392,2.779350568312751,0.4439433291744477,underdamped
0.8125000000000002,-0.7065833333333333,0.8405851136757855,0.8804388352568391,2.909557312255014,0.4638269163158024,underdamped
0.845,-0.7065833333333333,0.8405851136757856,0.8804388352568392,3.0500839699572397,0.484311795801568,underdamped
0.8775000000000002,-0.7065833333333333,0.8405851136757857,0.8804388352568393,3.202144462720431,0.5054409209458915,underdamped
0.9100000000000004,-0.7065833333333333,0.8405851136757854,0.8804388352568391,3.367161576828895,0.5272639569706631,underdamped
0.9425000000000001,-0.7065833333333333,0.8405851136757856,0.8804388352568392,3.5468120639056373,0.5498381769774131,underdamped
0.9750000000000003,-0.7065833333333333,0.8405851136757855,0.8804388352568391,3.743084294202162,0.573229607529768,underdamped
1.0075,-0.7065833333333333,0.8405851136757855,0.8804388352568391,3.958352664981854,0.5975144845728908,underdamped
1.0400000000000003,-0.7065833333333333,0.8405851136757855,0.8804388352568391,4.195474670832918,0.6227811034868674,underdamped
1.0725,-0.7065833333333333,0.8405851136757856,0.8804388352568392,4.457919062970433,0.64913217925763,underdamped
1.1050000000000002,-0.7065833333333333,0.8405851136757857,0.8804388352568393,4.749937319233541,0.6766878786584233,underdamped
1.1375,-0.7065833333333333,0.8405851136757856,0.8804388352568392,5.076796475103556,0.7055897532192258,underdamped
1.1700000000000002,-0.7065833333333333,0.8405851136757855,0.8804388352568391,5.445100517501153,0.7360059013173496,underdamped
1.2025000000000003,-0.7065833333333333,0.8405851136757857,0.8804388352568393,5.8632422651250105,0.7681378393038876,underdamped
1.235,-0.7065833333333333,0.8405851136757857,0.8804388352568393,6.34205199318855,0.8022297981234768,underdamped
1.2675000000000003,-0.7065833333333333,0.8405851136757857,0.8804388352568393,6.895750525654218,0.8385815412024477,underdamped
1.3,-0.7065833333333333,0.8405851136757854,0.8804388352568391,7.543387652404493,0.877566426551186,underdamped
1.3325000000000002,-0.7065833333333333,0.8405851136757856,0.8804388352568392,8.311080899531715,0.9196575097257432,underdamped
1.365,-0.7065833333333333,0.8405851136757856,0.8804388352568392,9.235627273170703,0.9654663975591734,underdamped
1.3975000000000002,-0.7065833333333333,0.8405851136757857,0.8804388352568393,10.37058212110713,1.015803134874005,underdamped
1.43,-0.7065833333333333,0.8405851136757855,0.8804388352568391,11.797023788881086,1.071772455179184,underdamped
1.4625000000000001,-0.7065833333333333,0.8405851136757857,0.8804388352568393,13.643839180480057,1.1349365917495995,underdamped
1.4950000000000003,-0.7065833333333333,0.8405851136757857,0.8804388352568393,16.12905310549939,1.2076088718447908,underdamped
1.5275,-0.7065833333333333,0.8405851136757856,0.8804388352568392,19.65299404316972,1.2934287225167926,underdamped
1.5600000000000003,-0.7065833333333333,0.8405851136757855,0.8804388352568391,25.039192704558896,1.3986203225572724,underdamped
1.5925,-0.7065833333333333,0.8405851136757858,0.8804388352568393,34.29449164577678,1.5352243696068022,underdamped
1.6250000000000002,-0.7065833333333333,0.8405851136757855,0.8804388352568391,53.92583157461232,1.7317968509554973,underdamped
1.6575,-0.7065833333333333,0.8405851136757854,0.8804388352568391,123.64635008664034,2.0921813009591266,underdamped
1.6900000000000002,-0.7065833333333333,0.9312650952973843,0.9512650952973843,683.120975690666,2.8344976208447603,overdamped
-1.6575,-0.6905,0.8309632964216891,0.8732224723162668,482.2578945305059,2.6832793457466595,underdamped
-1.625,-0.6905,0.8309632964216892,0.8732224723162669,79.49903585031595,1.9003618616448148,underdamped
-1.5924999999999998,-0.6905,0.830963296421689,0.8732224723162667,43.028774679497715,1.6337589789547473,underdamped
-1.56,-0.6905,0.8309632964216891,0.8732224723162668,29.35812178077439,1.4677282676494279,underdamped
-1.5274999999999999,-0.6905,0.8309632964216891,0.8732224723162668,22.198285196259857,1.3463194267674805,underdamped
-1.4949999999999999,-0.6905,0.830963296421689,0.8732224723162667,17.792412529937938,1.2502348394500007,underdamped
-1.4625,-0.6905,0.8309632964216891,0.8732224723162668,14.807768845725981,1.170489626314187,underdamped
-1.43,-0.6905,0.8309632964216893,0.8732224723162669,12.652118306806356,1.1021632442421796,underdamped
-1.3975,-0.6905,0.8309632964216891,0.8732224723162668,11.022152511980423,1.0422664160029411,underdamped
-1.365,-0.6905,0.8309632964216891,0.8732224723162668,9.746449977392166,0.9888464581623657,underdamped
-1.3325,-0.6905,0.8309632964216892,0.8732224723162669,8.720820294181799,0.9405573372813611,underdamped
-1.2999999999999998,-0.6905,0.8309632964216892,0.8732224723162669,7.8782880530925565,0.8964318558310257,underdamped
-1.2675,-0.6905,0.8309632964216892,0.8732224723162669,7.173839843848074,0.855751676813125,underdamped
-1.2349999999999999,-0.6905,0.8309632964216892,0.8732224723162669,6.57610491222303,0.8179687331262915,underdamped
-1.2025,-0.6905,0.8309632964216891,0.8732224723162668,6.062551267845067,0.7826554242285582,underdamped
-1.17,-0.6905,0.8309632964216893,0.8732224723162669,5.6165781956362375,0.7494718096361342,underdamped
-1.1375,-0.6905,0.8309632964216892,0.8732224723162669,5.2256856968002685,0.7181432851750491,underdamped
-1.105,-0.6905,0.8309632964216892,0.8732224723162669,4.880282555987036,0.6884449672800792,underdamped
-1.0724999999999998,-0.6905,0.8309632964216891,0.8732224723162668,4.57288740210467,0.6601905079088582,underdamped
-1.04,-0.6905,0.8309632964216893,0.8732224723162669,4.297579482713027,0.6332239176067835,underdamped
-1.0074999999999998,-0.6905,0.8309632964216892,0.8732224723162669,4.049612620056981,0.607413481234904,underdamped
-0.9749999999999999,-0.6905,0.8309632964216892,0.8732224723162669,3.8251384729997158,0.582647161573593,underdamped
-0.9424999999999999,-0.6905,0.8309632964216891,0.8732224723162668,3.621004646100031,0.5588290820592959,underdamped
-0.9099999999999999,-0.6905,0.8309632964216893,0.8732224723162669,3.4346050716945413,0.5358768068848638,underdamped
-0.8775,-0.6905,0.8309632964216892,0.8732224723162669,3.263767555848543,0.5137192209130051,underdamped
-0.845,-0.6905,0.8309632964216891,0.8732224723162668,3.106668178418838,0.49229486896869645,underdamped
-0.8125,-0.6905,0.8309632964216893,0.8732224723162669,2.9617653888145523,0.47155065365221843,underdamped
-0.78,-0.6905,0.8309632964216891,0.8732224723162668,2.827748748433938,0.4514408188390717,underdamped
-0.7474999999999998,-0.6905,0.8309632964216891,0.8732224723162668,2.703498707899159,0.4319261663464874,underdamped
-0.7149999999999999,-0.6905,0.8309632964216893,0.8732224723162669,2.588054802581796,0.4129734683671715,underdamped
-0.6824999999999999,-0.6905,0.8309632964216892,0.8732224723162669,2.4805903500835447,0.3945550498878767,underdamped
-0.6499999999999999,-0.6905,0.8309632964216892,0.8732224723162669,2.3803922332517335,0.37664852457821424,underdamped
-0.6174999999999999,-0.6905,0.8309632964216893,0.8732224723162669,2.286844714506631,0.35923667535334125,underdamped
-0.585,-0.6905,0.8309632964216891,0.8732224723162668,2.19941649354447,0.34230747752847424,underdamped
-0.5525,-0.6905,0.8309632964216893,0.8732224723162669,2.1176504191213166,0.32585426853011573,underdamped
-0.5199999999999998,-0.6905,0.8309632964216891,0.8732224723162668,2.0411554157874794,0.30987607362798625,underdamped
-0.4874999999999998,-0.6905,0.8309632964216891,0.8732224723162668,1.9696003009053573,0.29437810193651315,underdamped
-0.45499999999999985,-0.6905,0.8309632964216893,0.8732224723162669,1.902709253937171,0.27937243040072807,underdamped
-0.4224999999999999,-0.6905,0.830963296421689,0.8732224723162667,1.840258762437953,0.26487889431259753,underdamped
-0.3899999999999999,-0.6905,0.8309632964216893,0.8732224723162669,1.7820759065572769,0.2509261986328849,underdamped
-0.35749999999999993,-0.6905,0.830963296421689,0.8732224723162667,1.7280378498470945,0.2375532507584469,underdamped
-0.32499999999999996,-0.6905,0.830963296421689,0.8732224723162667,1.6780723655889451,0.22481068551431144,underdamped
-0.2925,-0.6905,0.8309632964216891,0.8732224723162668,1.6321591232248556,0.21276249692379462,underdamped
-0.26,-0.6905,0.8309632964216891,0.8732224723162668,1.5903312598729773,0.201487595610185,underdamped
-0.2274999999999998,-0.6905,0.8309632964216889,0.8732224723162667,1.5526764384986154,0.1910809627374831,underdamped
-0.19499999999999984,-0.6905,0.8309632964216891,0.8732224723162668,1.519336141018257,0.1816538686878422,underdamped
-0.16249999999999987,-0.6905,0.8309632964216892,0.8732224723162669,1.4905014261917886,0.17333239592512564,underdamped
-0.1299999999999999,-0.6905,0.8309632964216892,0.8732224723162669,1.466403008245571,0.16625334288645133,underdamped
-0.09749999999999992,-0.6905,0.8309632964216891,0.8732224723162668,1.447293698071826,0.1605566710700469,underdamped
-0.06499999999999995,-0.6905,0.8309632964216893,0.8732224723162669,1.4334225459963452,0.1563742311121711,underdamped
-0.03249999999999997,-0.6905,0.8309632964216892,0.8732224723162669,1.425002755208728,0.15381570404332925,underdamped
2.220446049250313e-16,-0.6905,0.8309632964216891,0.8732224723162668,1.422179039745169,0.15295427366433026,underdamped
0.032500000000000195,-0.6905,0.8309632964216891,0.8732224723162668,1.4250027552087283,0.1538157040433293,underdamped
0.06500000000000017,-0.6905,0.8309632964216893,0.8732224723162669,1.4334225459963452,0.1563742311121711,underdamped
0.09749999999999992,-0.6905,0.8309632964216891,0.8732224723162668,1.447293698071826,0.1605566710700469,underdamped
0.13000000000000012,-0.6905,0.8309632964216893,0.8732224723162669,1.4664030082455712,0.16625334288645138,underdamped
0.1625000000000003,-0.6905,0.8309632964216892,0.8732224723162669,1.4905014261917893,0.17333239592512584,underdamped
0.19500000000000006,-0.6905,0.8309632964216892,0.8732224723162669,1.519336141018257,0.1816538686878422,underdamped
0.22750000000000026,-0.6905,0.830963296421689,0.8732224723162667,1.5526764384986156,0.19108096273748318,underdamped
0.26,-0.6905,0.8309632964216891,0.8732224723162668,1.5903312598729773,0.201487595610185,underdamped
0.2925000000000002,-0.6905,0.830963296421689,0.8732224723162667,1.6321591232248558,0.21276249692379468,underdamped
0.32499999999999996,-0.6905,0.830963296421689,0.8732224723162667,1.6780723655889451,0.22481068551431144,underdamped
0.35750000000000015,-0.6905,0.8309632964216889,0.8732224723162667,1.7280378498470943,0.23755325075844685,underdamped
0.3899999999999999,-0.6905,0.8309632964216893,0.8732224723162669,1.7820759065572769,0.2509261986328849,underdamped
0.4225000000000001,-0.6905,0.8309632964216891,0.8732224723162668,1.8402587624379532,0.2648788943125976,underdamped
0.4550000000000003,-0.6905,0.830963296421689,0.8732224723162667,1.9027092539371724,0.27937243040072834,underdamped
0.48750000000000004,-0.6905,0.8309632964216893,0.8732224723162669,1.9696003009053569,0.29437810193651304,underdamped
0.5200000000000002,-0.6905,0.8309632964216891,0.8732224723162668,2.0411554157874794,0.30987607362798625,underdamped
0.5525,-0.6905,0.8309632964216893,0.8732224723162669,2.1176504191213166,0.32585426853011573,underdamped
0.5850000000000002,-0.6905,0.830963296421689,0.8732224723162667,2.1994164935444704,0.34230747752847435,underdamped
0.6174999999999999,-0.6905,0.8309632964216893,0.8732224723162669,2.286844714506631,0.35923667535334125,underdamped
0.6500000000000001,-0.6905,0.8309632964216891,0.8732224723162668,2.380392233251734,0.37664852457821435,underdamped
0.6825000000000003,-0.6905,0.830963296421689,0.8732224723162667,2.480590350083546,0.39455504988787693,underdamped
0.7150000000000001,-0.6905,0.8309632964216893,0.8732224723162669,2.5880548025817975,0.41297346836717175,underdamped
0.7475000000000003,-0.6905,0.8309632964216892,0.8732224723162669,2.70349870789916,0.43192616634648756,underdamped
0.78,-0.6905,0.8309632964216891,0.8732224723162668,2.827748748433938,0.4514408188390717,underdamped
0.8125000000000002,-0.6905,0.8309632964216891,0.8732224723162668,2.9617653888145528,0.4715506536522185,underdamped
0.845,-0.6905,0.8309632964216891,0.8732224723162668,3.106668178418838,0.49229486896869645,underdamped
0.8775000000000002,-0.6905,0.830963296421689,0.8732224723162667,3.263767555848545,0.5137192209130054,underdamped
0.9100000000000004,-0.6905,0.8309632964216891,0.8732224723162668,3.434605071694542,0.5358768068848639,underdamped
0.9425000000000001,-0.6905,0.8309632964216891,0.8732224723162668,3.6210046461000323,0.558829082059296,underdamped
0.9750000000000003,-0.6905,0.8309632964216889,0.8732224723162667,3.8251384729997207,0.5826471615735935,underdamped
1.0075,-0.6905,0.8309632964216891,0.8732224723162668,4.049612620056982,0.6074134812349042,underdamped
1.0400000000000003,-0.6905,0.8309632964216891,0.8732224723162668,4.297579482713028,0.6332239176067836,underdamped
1.0725,-0.6905,0.8309632964216892,0.8732224723162669,4.572887402104675,0.6601905079088587,underdamped
1.1050000000000002,-0.6905,0.8309632964216893,0.8732224723162669,4.8802825559870415,0.6884449672800796,underdamped
1.1375,-0.6905,0.8309632964216892,0.8732224723162669,5.2256856968002685,0.7181432851750491,underdamped
1.1700000000000002,-0.6905,0.8309632964216891,0.8732224723162668,5.61657819563624,0.7494718096361345,underdamped
1.2025000000000003,-0.6905,0.830963296421689,0.8732224723162667,6.0625512678450795,0.782655424228559,underdamped
1.235,-0.6905,0.8309632964216894,0.873222472316267,6.576104912223033,0.8179687331262916,underdamped
1.2675000000000003,-0.6905,0.8309632964216892,0.8732224723162669,7.1738398438480795,0.8557516768131254,underdamped
1.3,-0.6905,0.8309632964216891,0.8732224723162668,7.878288053092561,0.8964318558310259,underdamped
1.3325000000000002,-0.6905,0.8309632964216892,0.8732224723162669,8.720820294181788,0.9405573372813606,underdamped
1.365,-0.6905,0.8309632964216891,0.8732224723162668,9.746449977392166,0.9888464581623657,underdamped
1.3975000000000002,-0.6905,0.8309632964216891,0.8732224723162668,11.022152511980423,1.0422664160029411,underdamped
1.43,-0.6905,0.8309632964216893,0.8732224723162669,12.652118306806356,1.1021632442421796,underdamped
1.4625000000000001,-0.6905,0.8309632964216892,0.8732224723162669,14.807768845725962,1.1704896263141864,underdamped
1.4950000000000003,-0.6905,0.830963296421689,0.8732224723162667,17.79241252993798,1.2502348394500018,underdamped
1.5275,-0.6905,0.830963296421689,0.8732224723162667,22.198285196259924,1.3463194267674818,underdamped
1.5600000000000003,-0.6905,0.8309632964216891,0.8732224723162668,29.358121780774386,1.4677282676494277,underdamped
1.5925,-0.6905,0.830963296421689,0.8732224723162667,43.02877467949787,1.6337589789547489,underdamped
1.6250000000000002,-0.6905,0.8309632964216892,0.8732224723162669,79.49903585031723,1.9003618616448217,underdamped
1.6575,-0.6905,0.8309632964216891,0.8732224723162668,482.2578945305059,2.6832793457466595,underdamped
-1.6575,-0.6744166666666667,0.9401497119984307,0.9601497119984307,511.42175842114517,2.708779201127195,overdamped
-1.625,-0.6744166666666667,0.8212287541645549,0.8659215656234162,155.32307945651107,2.1912359923408675,underdamped
-1.5924999999999998,-0.6744166666666667,0.821228754164555,0.8659215656234163,58.31248797611935,1.765761571540212,underdamped
-1.56,-0.6744166666666667,0.8212287541645547,0.865921565623416,35.69216327109906,1.5525728709657352,underdamped
-1.5274999999999999,-0.6744166666666667,0.8212287541645548,0.865921565623416,25.609930538711343,1.4084084005420228,underdamped
-1.4949999999999999,-0.6744166666666667,0.8212287541645545,0.8659215656234159,19.903221176935883,1.2989233691815063,underdamped
-1.4625,-0.6744166666666667,0.8212287541645549,0.8659215656234162,16.23142166433702,1.2103565601180877,underdamped
-1.43,-0.6744166666666667,0.8212287541645549,0.8659215656234162,13.670728289981962,1.135791651648672,underdamped
-1.3975,-0.6744166666666667,0.8212287541645548,0.865921565623416,11.783031678095472,1.0712570452620107,underdamped
-1.365,-0.6744166666666667,0.8212287541645548,0.865921565623416,10.333803212739394,1.0142601869914187,underdamped
-1.3325,-0.6744166666666667,0.8212287541645544,0.8659215656234158,9.18615326116507,0.9631336868823652,underdamped
-1.2999999999999998,-0.6744166666666667,0.8212287541645548,0.865921565623416,8.254810497897068,0.9167071078032626,underdamped
-1.2675,-0.6744166666666667,0.8212287541645545,0.8659215656234159,7.483888373492934,0.8741273011238574,underdamped
-1.2349999999999999,-0.6744166666666667,0.8212287541645547,0.865921565623416,6.835232172308349,0.834753270833597,underdamped
-1.2025,-0.6744166666666667,0.8212287541645547,0.865921565623416,6.281904024797753,0.7980912969432342,underdamped
-1.17,-0.6744166666666667,0.8212287541645548,0.865921565623416,5.8043438460798615,0.7637531318897325,underdamped
-1.1375,-0.6744166666666667,0.8212287541645549,0.8659215656234162,5.388006094057348,0.7314280782562157,underdamped
-1.105,-0.6744166666666667,0.8212287541645549,0.8659215656234162,5.0218503226662365,0.7008637643289467,underdamped
-1.0724999999999998,-0.6744166666666667,0.8212287541645547,0.865921565623416,4.6973461145089805,0.6718525614784093,underdamped
-1.04,-0.6744166666666667,0.8212287541645548,0.865921565623416,4.407798899600192,0.6442217721444928,underdamped
-1.0074999999999998,-0.6744166666666667,0.8212287541645549,0.8659215656234162,4.1478821122112315,0.6178264047218989,underdamped
-0.9749999999999999,-0.6744166666666667,0.8212287541645548,0.865921565623416,3.9133056062762273,0.592543765083613,underdamped
-0.9424999999999999,-0.6744166666666667,0.8212287541645545,0.8659215656234159,3.7005761970458857,0.5682693510169405,underdamped
-0.9099999999999999,-0.6744166666666667,0.8212287541645545,0.8659215656234159,3.506821815019397,0.5449136995228492,underdamped
-0.8775,-0.6744166666666667,0.8212287541645548,0.865921565623416,3.329660422874754,0.5223999440193375,underdamped
-0.845,-0.6744166666666667,0.8212287541645547,0.865921565623416,3.167100976647777,0.50066191019914,underdamped
-0.8125,-0.6744166666666667,0.8212287541645548,0.865921565623416,3.017467689002653,0.47964262837568933,underdamped
-0.78,-0.6744166666666667,0.8212287541645547,0.865921565623416,2.879341484749883,0.45929317448135754,underdamped
-0.7474999999999998,-0.6744166666666667,0.8212287541645547,0.865921565623416,2.7515143138972564,0.43957177643499046,underdamped
-0.7149999999999999,-0.6744166666666667,0.8212287541645547,0.865921565623416,2.632953205304059,0.42044314058771537,underdamped
-0.6824999999999999,-0.6744166666666667,0.8212287541645549,0.8659215656234162,2.5227717929208295,0.40187796650737756,underdamped
-0.6499999999999999,-0.6744166666666667,0.8212287541645548,0.865921565623416,2.4202076473947476,0.3838526288932422,underdamped
-0.6174999999999999,-0.6744166666666667,0.8212287541645549,0.8659215656234162,2.3246041772269,0.3663490138793859,underdamped
-0.585,-0.6744166666666667,0.8212287541645549,0.8659215656234162,2.2353961777835116,0.34935450401269075,underdamped
-0.5525,-0.6744166666666667,0.8212287541645547,0.865921565623416,2.152098338165569,0.33286211213696637,underdamped
-0.5199999999999998,-0.6744166666666667,0.8212287541645545,0.8659215656234159,2.0742961886632685,0.31687076937118275,underdamped
-0.4874999999999998,-0.6744166666666667,0.8212287541645548,0.865921565623416,2.0016391007774326,0.3013857761053484,underdamped
-0.45499999999999985,-0.6744166666666667,0.8212287541645545,0.8659215656234159,1.9338350472239725,0.28641942676062376,underdamped
-0.4224999999999999,-0.6744166666666667,0.8212287541645547,0.865921565623416,1.8706468957296127,0.2719918175862824,underdamped
-0.3899999999999999,-0.6744166666666667,0.8212287541645548,0.865921565623416,1.8118900479077757,0.2581318395682956,underdamped
-0.35749999999999993,-0.6744166666666667,0.8212287541645549,0.8659215656234162,1.7574312381834107,0.24487834167950595,underdamped
-0.32499999999999996,-0.6744166666666667,0.8212287541645547,0.865921565623416,1.7071882671157104,0.2322814173425704,underdamped
-0.2925,-0.6744166666666667,0.8212287541645549,0.8659215656234162,1.6611303425031072,0.22040371120451366,underdamped
-0.26,-0.6744166666666667,0.8212287541645548,0.865921565623416,1.6192785214343373,0.20932155531213456,underdamped
-0.2274999999999998,-0.6744166666666667,0.8212287541645547,0.865921565623416,1.5817054742240755,0.19912561770304604,underdamped
-0.19499999999999984,-0.6744166666666667,0.8212287541645548,0.865921565623416,1.5485334412449903,0.1899205885700075,underdamped
-0.16249999999999987,-0.6744166666666667,0.8212287541645545,0.8659215656234159,1.5199289044249136,0.18182327403814896,underdamped
-0.1299999999999999,-0.6744166666666667,0.8212287541645547,0.865921565623416,1.496092335163255,0.17495839794983603,underdamped
-0.09749999999999992,-0.6744166666666667,0.8212287541645545,0.8659215656234159,1.4772417258878057,0.16945156615122545,underdamped
-0.06499999999999995,-0.6744166666666667,0.8212287541645549,0.8659215656234162,1.463589815326242,0.16541937870265225,underdamped
-0.03249999999999997,-0.6744166666666667,0.8212287541645547,0.865921565623416,1.4553170827179431,0.1629576271857564,underdamped
2.220446049250313e-16,-0.6744166666666667,0.8212287541645548,0.865921565623416,1.452545170983645,0.16212964688261286,underdamped
0.032500000000000195,-0.6744166666666667,0.8212287541645547,0.865921565623416,1.4553170827179436,0.16295762718575654,underdamped
0.06500000000000017,-0.6744166666666667,0.8212287541645549,0.8659215656234162,1.4635898153262417,0.1654193787026521,underdamped
0.09749999999999992,-0.6744166666666667,0.8212287541645545,0.8659215656234159,1.4772417258878057,0.16945156615122545,underdamped
0.13000000000000012,-0.6744166666666667,0.8212287541645549,0.8659215656234162,1.4960923351632558,0.1749583979498363,underdamped
0.1625000000000003,-0.6744166666666667,0.8212287541645548,0.865921565623416,1.5199289044249138,0.18182327403814902,underdamped
0.19500000000000006,-0.6744166666666667,0.8212287541645548,0.865921565623416,1.5485334412449905,0.18992058857000754,underdamped
0.22750000000000026,-0.6744166666666667,0.8212287541645548,0.865921565623416,1.5817054742240761,0.1991256177030462,underdamped
0.26,-0.6744166666666667,0.8212287541645548,0.865921565623416,1.6192785214343373,0.20932155531213456,underdamped
0.2925000000000002,-0.6744166666666667,0.8212287541645549,0.8659215656234162,1.6611303425031072,0.22040371120451366,underdamped
0.32499999999999996,-0.6744166666666667,0.8212287541645547,0.865921565623416,1.7071882671157104,0.2322814173425704,underdamped
0.35750000000000015,-0.6744166666666667,0.8212287541645549,0.8659215656234162,1.75743123818341,0.24487834167950578,underdamped
0.3899999999999999,-0.6744166666666667,0.8212287541645548,0.865921565623416,1.8118900479077757,0.2581318395682956,underdamped
0.4225000000000001,-0.6744166666666667,0.8212287541645548,0.865921565623416,1.8706468957296134,0.27199181758628255,underdamped
0.4550000000000003,-0.6744166666666667,0.8212287541645548,0.865921565623416,1.9338350472239727,0.2864194267606238,underdamped
0.48750000000000004,-0.6744166666666667,0.8212287541645549,0.8659215656234162,2.0016391007774326,0.3013857761053484,underdamped
0.5200000000000002,-0.6744166666666667,0.8212287541645548,0.865921565623416,2.0742961886632694,0.31687076937118297,underdamped
0.5525,-0.6744166666666667,0.8212287541645547,0.865921565623416,2.152098338165569,0.33286211213696637,underdamped
0.5850000000000002,-0.6744166666666667,0.8212287541645549,0.8659215656234162,2.2353961777835116,0.34935450401269075,underdamped
0.6174999999999999,-0.6744166666666667,0.8212287541645549,0.8659215656234162,2.3246041772269,0.3663490138793859,underdamped
0.6500000000000001,-0.6744166666666667,0.8212287541645548,0.865921565623416,2.4202076473947476,0.3838526288932422,underdamped
0.6825000000000003,-0.6744166666666667,0.8212287541645547,0.865921565623416,2.5227717929208313,0.40187796650737784,underdamped
0.7150000000000001,-0.6744166666666667,0.8212287541645548,0.865921565623416,2.63295320530406,0.42044314058771554,underdamped
0.7475000000000003,-0.6744166666666667,0.8212287541645544,0.8659215656234158,2.7515143138972573,0.4395717764349906,underdamped
0.78,-0.6744166666666667,0.8212287541645547,0.865921565623416,2.879341484749883,0.45929317448135754,underdamped
0.8125000000000002,-0.6744166666666667,0.8212287541645549,0.8659215656234162,3.017467689002657,0.47964262837568994,underdamped
0.845,-0.6744166666666667,0.8212287541645547,0.865921565623416,3.167100976647777,0.50066191019914,underdamped
0.8775000000000002,-0.6744166666666667,0.8212287541645548,0.865921565623416,3.3296604228747553,0.5223999440193378,underdamped
0.9100000000000004,-0.6744166666666667,0.8212287541645548,0.865921565623416,3.506821815019398,0.5449136995228493,underdamped
0.9425000000000001,-0.6744166666666667,0.8212287541645547,0.865921565623416,3.700576197045885,0.5682693510169404,underdamped
0.9750000000000003,-0.6744166666666667,0.8212287541645548,0.865921565623416,3.91330560627623,0.5925437650836132,underdamped
1.0075,-0.6744166666666667,0.8212287541645548,0.865921565623416,4.147882112211232,0.6178264047218989,underdamped
1.0400000000000003,-0.6744166666666667,0.8212287541645548,0.865921565623416,4.407798899600191,0.6442217721444927,underdamped
1.0725,-0.6744166666666667,0.8212287541645544,0.8659215656234158,4.697346114508986,0.6718525614784099,underdamped
1.1050000000000002,-0.6744166666666667,0.8212287541645549,0.8659215656234162,5.021850322666242,0.7008637643289471,underdamped
1.1375,-0.6744166666666667,0.8212287541645549,0.8659215656234162,5.388006094057348,0.7314280782562157,underdamped
1.1700000000000002,-0.6744166666666667,0.8212287541645548,0.865921565623416,5.8043438460798695,0.763753131889733,underdamped
1.2025000000000003,-0.6744166666666667,0.8212287541645547,0.865921565623416,6.281904024797759,0.7980912969432347,underdamped
1.235,-0.6744166666666667,0.8212287541645549,0.8659215656234162,6.835232172308356,0.8347532708335974,underdamped
1.2675000000000003,-0.6744166666666667,0.8212287541645548,0.865921565623416,7.483888373492941,0.8741273011238578,underdamped
1.3,-0.6744166666666667,0.8212287541645548,0.865921565623416,8.254810497897065,0.9167071078032624,underdamped
1.3325000000000002,-0.6744166666666667,0.8212287541645545,0.8659215656234159,9.18615326116508,0.9631336868823658,underdamped
1.365,-0.6744166666666667,0.8212287541645548,0.865921565623416,10.333803212739394,1.0142601869914187,underdamped
1.3975000000000002,-0.6744166666666667,0.8212287541645547,0.865921565623416,11.783031678095481,1.071257045262011,underdamped
1.43,-0.6744166666666667,0.8212287541645549,0.8659215656234162,13.670728289981962,1.135791651648672,underdamped
1.4625000000000001,-0.6744166666666667,0.8212287541645548,0.865921565623416,16.231421664337056,1.2103565601180886,underdamped
1.4950000000000003,-0.6744166666666667,0.8212287541645547,0.865921565623416,19.903221176935908,1.298923369181507,underdamped
1.5275,-0.6744166666666667,0.8212287541645547,0.865921565623416,25.609930538711435,1.4084084005420243,underdamped
1.5600000000000003,-0.6744166666666667,0.8212287541645544,0.8659215656234158,35.69216327109897,1.552572870965734,underdamped
1.5925,-0.6744166666666667,0.821228754164555,0.8659215656234163,58.31248797612014,1.7657615715402177,underdamped
1.6250000000000002,-0.6744166666666667,0.8212287541645547,0.865921565623416,155.32307945651215,2.19123599234087,underdamped
1.6575,-0.6744166666666667,0.9401497119984307,0.9601497119984307,511.42175842114517,2.708779201127195,overdamped
-1.625,-0.6583333333333333,0.8551956281914984,0.8913967211436238,575.5492362614938,2.7600824819571703,overdamped
-1.5924999999999998,-0.6583333333333333,0.8113774296425388,0.8585330722319041,91.93762527157382,1.9634932818292252,underdamped
-1.56,-0.6583333333333333,0.8113774296425389,0.8585330722319042,45.88196897749561,1.6616420469300335,underdamped
-1.5274999999999999,-0.6583333333333333,0.811377429642539,0.8585330722319042,30.421313262703322,1.4831779582519748,underdamped
-1.4949999999999999,-0.6583333333333333,0.811377429642539,0.8585330722319042,22.670154463680568,1.355454479213222,underdamped
-1.4625,-0.6583333333333333,0.8113774296425389,0.8585330722319042,18.01261472554272,1.2555767599295524,underdamped
-1.43,-0.6583333333333333,0.811377429642539,0.8585330722319042,14.90463635901334,1.1733213846490638,underdamped
-1.3975,-0.6583333333333333,0.8113774296425392,0.8585330722319044,12.68314636274291,1.1032270042139298,underdamped
-1.365,-0.6583333333333333,0.8113774296425389,0.8585330722319042,11.016170650361321,1.0420306549119227,underdamped
-1.3325,-0.6583333333333333,0.8113774296425388,0.8585330722319041,9.719107030373031,0.9876263647620164,underdamped
-1.2999999999999998,-0.6583333333333333,0.811377429642539,0.8585330722319042,8.681117548996829,0.938575636941605,underdamped
-1.2675,-0.6583333333333333,0.8113774296425391,0.8585330722319043,7.8316317859921245,0.8938522603743736,underdamped
-1.2349999999999999,-0.6583333333333333,0.8113774296425389,0.8585330722319042,7.123583726093516,0.8526985330901061,underdamped
-1.2025,-0.6583333333333333,0.8113774296425391,0.8585330722319043,6.524379172629931,0.8145391926802702,underdamped
-1.17,-0.6583333333333333,0.8113774296425389,0.8585330722319042,6.010731364039629,0.7789273185987488,underdamped
-1.1375,-0.6583333333333333,0.811377429642539,0.8585330722319042,5.565560912549207,0.7455089402698534,underdamped
-1.105,-0.6583333333333333,0.811377429642539,0.8585330722319042,5.176057527572578,0.7139990945092702,underdamped
-1.0724999999999998,-0.6583333333333333,0.811377429642539,0.8585330722319042,4.832425445810096,0.6841651624992368,underdamped
-1.04,-0.6583333333333333,0.811377429642539,0.8585330722319042,4.5270468449899655,0.6558149885123465,underdamped
-1.0074999999999998,-0.6583333333333333,0.811377429642539,0.8585330722319042,4.253909340340902,0.6287882299462977,underdamped
-0.9749999999999999,-0.6583333333333333,0.8113774296425393,0.8585330722319044,4.00820519201707,0.6029499462623094,underdamped
-0.9424999999999999,-0.6583333333333333,0.8113774296425389,0.8585330722319042,3.786045024830123,0.5781857744241328,underdamped
-0.9099999999999999,-0.6583333333333333,0.8113774296425389,0.8585330722319042,3.584249653074318,0.5543982518763869,underdamped
-0.8775,-0.6583333333333333,0.8113774296425389,0.8585330722319042,3.400196263074313,0.5315039857217172,underdamped
-0.845,-0.6583333333333333,0.8113774296425391,0.8585330722319043,3.2317031211057694,0.509431457675706,underdamped
-0.8125,-0.6583333333333333,0.8113774296425392,0.8585330722319044,3.0769420417788074,0.4881193158208393,underdamped
-0.78,-0.6583333333333333,0.8113774296425391,0.8585330722319043,2.9343711667463284,0.46751504661517035,underdamped
-0.7474999999999998,-0.6583333333333333,0.8113774296425391,0.8585330722319043,2.802682814739691,0.44757395055984944,underdamped
-0.7149999999999999,-0.6583333333333333,0.811377429642539,0.8585330722319042,2.6807626656175962,0.42825836654716143,underdamped
-0.6824999999999999,-0.6583333333333333,0.8113774296425389,0.8585330722319042,2.5676575780665565,0.40953710589532655,underdamped
-0.6499999999999999,-0.6583333333333333,0.811377429642539,0.8585330722319042,2.462550067830108,0.3913850692046898,underdamped
-0.6174999999999999,-0.6583333333333333,0.811377429642539,0.8585330722319042,2.3647379908529524,0.3737830286127886,underdamped
-0.585,-0.6583333333333333,0.8113774296425391,0.8585330722319043,2.2736183490178155,0.3567175655293083,underdamped
-0.5525,-0.6583333333333333,0.8113774296425389,0.8585330722319042,2.1886744086770253,0.3401811599087019,underdamped
-0.5199999999999998,-0.6583333333333333,0.811377429642539,0.8585330722319042,2.10946552290606,0.324172431669068,underdamped
-0.4874999999999998,-0.6583333333333333,0.8113774296425389,0.8585330722319042,2.0356191964534545,0.30869653773795264,underdamped
-0.45499999999999985,-0.6583333333333333,0.811377429642539,0.8585330722319042,1.966825039770708,0.2937657286831145,underdamped
-0.4224999999999999,-0.6583333333333333,0.8113774296425388,0.8585330722319041,1.902830331770761,0.27940006560663905,underdamped
-0.3899999999999999,-0.6583333333333333,0.8113774296425391,0.8585330722319043,1.8434369517285354,0.26562828868223326,underdamped
-0.35749999999999993,-0.6583333333333333,0.8113774296425389,0.8585330722319042,1.7884994460045185,0.2524888099604047,underdamped
-0.32499999999999996,-0.6583333333333333,0.8113774296425392,0.8585330722319044,1.737923957605701,0.24003077009036938,underdamped
-0.2925,-0.6583333333333333,0.811377429642539,0.8585330722319042,1.6916676552415386,0.22831504565819088,underdamped
-0.26,-0.6583333333333333,0.811377429642539,0.8585330722319042,1.6497381431685678,0.2174150157279209,underdamped
-0.2274999999999998,-0.6583333333333333,0.8113774296425388,0.8585330722319041,1.612192113021402,0.20741679221709597,underdamped
-0.19499999999999984,-0.6583333333333333,0.8113774296425388,0.8585330722319041,1.579132240554803,0.19841850045696058,underdamped
-0.16249999999999987,-0.6583333333333333,0.811377429642539,0.8585330722319042,1.5507011141632145,0.19052809892369965,underdamped
-0.1299999999999999,-0.6583333333333333,0.8113774296425388,0.8585330722319041,1.527070967729139,0.1838592205383962,underdamped
-0.09749999999999992,-0.6583333333333333,0.8113774296425389,0.8585330722319042,1.5084284093432696,0.17852470319846606,underdamped
-0.06499999999999995,-0.6583333333333333,0.8113774296425389,0.8585330722319042,1.4949544020024519,0.17462794633220394,underdamped
-0.03249999999999997,-0.6583333333333333,0.8113774296425389,0.8585330722319042,1.4868014487586854,0.17225297560609085,underdamped
2.220446049250313e-16,-0.6583333333333333,0.811377429642539,0.8585330722319042,1.4840717860770323,0.17145490872138136,underdamped
0.032500000000000195,-0.6583333333333333,0.8113774296425389,0.8585330722319042,1.4868014487586854,0.17225297560609085,underdamped
0.06500000000000017,-0.6583333333333333,0.8113774296425389,0.8585330722319042,1.4949544020024526,0.17462794633220413,underdamped
0.09749999999999992,-0.6583333333333333,0.8113774296425389,0.8585330722319042,1.5084284093432696,0.17852470319846606,underdamped
0.13000000000000012,-0.6583333333333333,0.811377429642539,0.8585330722319042,1.527070967729139,0.1838592205383962,underdamped
0.1625000000000003,-0.6583333333333333,0.8113774296425389,0.8585330722319042,1.5507011141632157,0.19052809892369996,underdamped
0.19500000000000006,-0.6583333333333333,0.8113774296425392,0.8585330722319044,1.5791322405548023,0.19841850045696038,underdamped
0.22750000000000026,-0.6583333333333333,0.811377429642539,0.8585330722319042,1.6121921130214023,0.20741679221709605,underdamped
0.26,-0.6583333333333333,0.811377429642539,0.8585330722319042,1.6497381431685678,0.2174150157279209,underdamped
0.2925000000000002,-0.6583333333333333,0.8113774296425391,0.8585330722319043,1.6916676552415388,0.22831504565819094,underdamped
0.32499999999999996,-0.6583333333333333,0.8113774296425392,0.8585330722319044,1.737923957605701,0.24003077009036938,underdamped
0.35750000000000015,-0.6583333333333333,0.8113774296425389,0.8585330722319042,1.7884994460045192,0.25248880996040485,underdamped
0.3899999999999999,-0.6583333333333333,0.8113774296425391,0.8585330722319043,1.8434369517285354,0.26562828868223326,underdamped
0.4225000000000001,-0.6583333333333333,0.8113774296425391,0.8585330722319043,1.9028303317707609,0.279400065606639,underdamped
0.4550000000000003,-0.6583333333333333,0.8113774296425389,0.8585330722319042,1.9668250397707092,0.2937657286831148,underdamped
0.48750000000000004,-0.6583333333333333,0.811377429642539,0.8585330722319042,2.0356191964534553,0.30869653773795286,underdamped
0.5200000000000002,-0.6583333333333333,0.811377429642539,0.8585330722319042,2.10946552290606,0.324172431669068,underdamped
0.5525,-0.6583333333333333,0.8113774296425389,0.8585330722319042,2.1886744086770253,0.3401811599087019,underdamped
0.5850000000000002,-0.6583333333333333,0.8113774296425389,0.8585330722319042,2.273618349017817,0.3567175655293085,underdamped
0.6174999999999999,-0.6583333333333333,0.811377429642539,0.8585330722319042,2.3647379908529524,0.3737830286127886,underdamped
0.6500000000000001,-0.6583333333333333,0.811377429642539,0.8585330722319042,2.4625500678301084,0.3913850692046899,underdamped
0.6825000000000003,-0.6583333333333333,0.811377429642539,0.8585330722319042,2.5676575780665574,0.40953710589532666,underdamped
0.7150000000000001,-0.6583333333333333,0.8113774296425391,0.8585330722319043,2.6807626656175962,0.42825836654716143,underdamped
0.7475000000000003,-0.6583333333333333,0.8113774296425389,0.8585330722319042,2.8026828147396925,0.44757395055984966,underdamped
0.78,-0.6583333333333333,0.8113774296425391,0.8585330722319043,2.9343711667463284,0.46751504661517035,underdamped
0.8125000000000002,-0.6583333333333333,0.8113774296425393,0.8585330722319044,3.0769420417788087,0.4881193158208395,underdamped
0.845,-0.6583333333333333,0.8113774296425391,0.8585330722319043,3.2317031211057694,0.509431457675706,underdamped
0.8775000000000002,-0.6583333333333333,0.8113774296425389,0.8585330722319042,3.400196263074314,0.5315039857217173,underdamped
0.9100000000000004,-0.6583333333333333,0.8113774296425391,0.8585330722319043,3.5842496530743184,0.554398251876387,underdamped
0.9425000000000001,-0.6583333333333333,0.8113774296425392,0.8585330722319044,3.7860450248301207,0.5781857744241324,underdamped
0.9750000000000003,-0.6583333333333333,0.811377429642539,0.8585330722319042,4.008205192017074,0.6029499462623097,underdamped
1.0075,-0.6583333333333333,0.811377429642539,0.8585330722319042,4.253909340340903,0.6287882299462978,underdamped
1.0400000000000003,-0.6583333333333333,0.8113774296425389,0.8585330722319042,4.527046844989967,0.6558149885123468,underdamped
1.0725,-0.6583333333333333,0.8113774296425391,0.8585330722319043,4.832425445810097,0.6841651624992368,underdamped
1.1050000000000002,-0.6583333333333333,0.8113774296425388,0.8585330722319041,5.176057527572581,0.7139990945092706,underdamped
1.1375,-0.6583333333333333,0.811377429642539,0.8585330722319042,5.565560912549207,0.7455089402698534,underdamped
1.1700000000000002,-0.6583333333333333,0.8113774296425389,0.8585330722319042,6.0107313640396285,0.7789273185987486,underdamped
1.2025000000000003,-0.6583333333333333,0.8113774296425388,0.8585330722319041,6.5243791726299385,0.8145391926802706,underdamped
1.235,-0.6583333333333333,0.8113774296425391,0.8585330722319043,7.123583726093508,0.8526985330901056,underdamped
1.2675000000000003,-0.6583333333333333,0.811377429642539,0.8585330722319042,7.831631785992132,0.893852260374374,underdamped
1.3,-0.6583333333333333,0.811377429642539,0.8585330722319042,8.681117548996836,0.9385756369416053,underdamped
1.3325000000000002,-0.6583333333333333,0.8113774296425388,0.8585330722319041,9.719107030373053,0.9876263647620173,underdamped
1.365,-0.6583333333333333,0.8113774296425389,0.8585330722319042,11.016170650361321,1.0420306549119227,underdamped
1.3975000000000002,-0.6583333333333333,0.8113774296425391,0.8585330722319043,12.683146362742932,1.1032270042139305,underdamped
1.43,-0.6583333333333333,0.811377429642539,0.8585330722319042,14.90463635901334,1.1733213846490638,underdamped
1.4625000000000001,-0.6583333333333333,0.811377429642539,0.8585330722319042,18.01261472554271,1.2555767599295522,underdamped
1.4950000000000003,-0.6583333333333333,0.8113774296425391,0.8585330722319043,22.670154463680642,1.3554544792132233,underdamped
1.5275,-0.6583333333333333,0.8113774296425389,0.8585330722319042,30.421313262703524,1.4831779582519777,underdamped
1.5600000000000003,-0.6583333333333333,0.8113774296425389,0.8585330722319042,45.88196897749568,1.6616420469300341,underdamped
1.5925,-0.6583333333333333,0.811377429642539,0.8585330722319042,91.93762527157533,1.9634932818292323,underdamped
1.6250000000000002,-0.6583333333333333,0.8551956281915011,0.8913967211436258,575.5492362615345,2.760082481957201,overdamped
-1.625,-0.64225,0.9463142369107265,0.9663142369107265,408.79951111113394,2.6115103677483202,overdamped
-1.5924999999999998,-0.64225,0.8014050162059132,0.851053762154435,226.50915609594907,2.3550857620290993,underdamped
-1.56,-0.64225,0.8014050162059133,0.851053762154435,64.99256477549721,1.8128636756940664,underdamped
-1.5274999999999999,-0.64225,0.8014050162059131,0.8510537621544348,37.71716342522639,1.576539023537871,underdamped
-1.4949999999999999,-0.64225,0.801405016205913,0.8510537621544347,26.45575161382975,1.4225201044468654,underdamped
-1.4625,-0.64225,0.8014050162059132,0.851053762154435,20.305467632088856,1.3076129956826017,underdamped
-1.43,-0.64225,0.8014050162059132,0.851053762154435,16.430156979224176,1.2156417128498607,underdamped
-1.3975,-0.64225,0.8014050162059133,0.851053762154435,13.764506178710148,1.1387606350749153,underdamped
-1.365,-0.64225,0.8014050162059132,0.851053762154435,11.818554942188472,1.0725643784911554,underdamped
-1.3325,-0.64225,0.8014050162059132,0.851053762154435,10.335483002728239,1.014330777094716,underdamped
-1.2999999999999998,-0.64225,0.8014050162059132,0.851053762154435,9.167683402011367,0.9622596068993201,underdamped
-1.2675,-0.64225,0.801405016205913,0.8510537621544347,8.224288341294127,0.9150983281635717,underdamped
-1.2349999999999999,-0.64225,0.8014050162059132,0.851053762154435,7.446297651219579,0.8719403923038799,underdamped
-1.2025,-0.64225,0.8014050162059133,0.851053762154435,6.793735738741384,0.8321086497700316,underdamped
-1.17,-0.64225,0.8014050162059132,0.851053762154435,6.238556459726324,0.7950841098584824,underdamped
-1.1375,-0.64225,0.8014050162059133,0.851053762154435,5.76050302334906,0.7604604088965116,underdamped
-1.105,-0.64225,0.8014050162059132,0.851053762154435,5.344580291019996,0.7279136058121615,underdamped
-1.0724999999999998,-0.64225,0.8014050162059131,0.8510537621544348,4.979451524978394,0.6971815088654537,underdamped
-1.04,-0.64225,0.8014050162059133,0.851053762154435,4.65638782384855,0.6680491449113863,underdamped
-1.0074999999999998,-0.64225,0.8014050162059132,0.851053762154435,4.368560063899907,0.6403383112600872,underdamped
-0.9749999999999999,-0.64225,0.8014050162059132,0.851053762154435,4.110549810532335,0.6138999152362811,underdamped
-0.9424999999999999,-0.64225,0.8014050162059132,0.851053762154435,3.87800409641703,0.5886082634972952,underdamped
-0.9099999999999999,-0.64225,0.8014050162059131,0.8510537621544348,3.667387032481133,0.5643567450304688,underdamped
-0.8775,-0.64225,0.8014050162059133,0.851053762154435,3.475798013277938,0.5410545306455539,underdamped
-0.845,-0.64225,0.8014050162059131,0.8510537621544348,3.3008366161407894,0.5186240282792496,underdamped
-0.8125,-0.64225,0.8014050162059132,0.851053762154435,3.1405008198083997,0.49699891111000677,underdamped
-0.78,-0.64225,0.8014050162059134,0.8510537621544351,2.993109383291349,0.4761225884378549,underdamped
-0.7474999999999998,-0.64225,0.8014050162059131,0.8510537621544348,2.857242004997334,0.4559470261663714,underdamped
-0.7149999999999999,-0.64225,0.8014050162059133,0.851053762154435,2.731692749581391,0.43643184996361817,underdamped
-0.6824999999999999,-0.64225,0.8014050162059133,0.851053762154435,2.6154335067394245,0.41754368325344415,underdamped
-0.6499999999999999,-0.64225,0.8014050162059131,0.8510537621544348,2.507585133175216,0.3992556863547077,underdamped
-0.6174999999999999,-0.64225,0.801405016205913,0.8510537621544347,2.4073945544223716,0.3815472738088651,underdamped
-0.585,-0.64225,0.8014050162059132,0.851053762154435,2.314216550225862,0.3644039951377092,underdamped
-0.5525,-0.64225,0.8014050162059132,0.851053762154435,2.227499270419767,0.34781757046302186,underdamped
-0.5199999999999998,-0.64225,0.8014050162059132,0.851053762154435,2.146772763852044,0.33178607674738114,underdamped
-0.4874999999999998,-0.64225,0.8014050162059132,0.851053762154435,2.0716399747394,0.3163142826515319,underdamped
-0.45499999999999985,-0.64225,0.8014050162059131,0.8510537621544348,2.001769784104765,0.3014141294659915,underdamped
-0.4224999999999999,-0.64225,0.8014050162059131,0.8510537621544348,1.936891757461606,0.2871053509975558,underdamped
-0.3899999999999999,-0.64225,0.8014050162059131,0.8510537621544348,1.876792307311419,0.27341621466752786,underdamped
-0.35749999999999993,-0.64225,0.8014050162059131,0.8510537621544348,1.8213119895862409,0.26038434653622633,underdamped
-0.32499999999999996,-0.64225,0.8014050162059132,0.851053762154435,1.77034362266639,0.24805757084987,underdamped
-0.2925,-0.64225,0.8014050162059132,0.851053762154435,1.7238308401474602,0.2364946461783829,underdamped
-0.26,-0.64225,0.8014050162059133,0.851053762154435,1.6817665607935266,0.22576571298681983,underdamped
-0.2274999999999998,-0.64225,0.8014050162059133,0.851053762154435,1.644190688766744,0.21595218441853176,underdamped
-0.19499999999999984,-0.64225,0.8014050162059134,0.8510537621544351,1.6111861769570073,0.20714572723073998,underdamped
-0.16249999999999987,-0.64225,0.8014050162059133,0.851053762154435,1.5828724714533329,0.1994459261225175,underdamped
-0.1299999999999999,-0.64225,0.8014050162059132,0.851053762154435,1.5593954350309482,0.1929562585342836,underdamped
-0.09749999999999992,-0.64225,0.8014050162059133,0.851053762154435,1.5409132856172807,0.1877781996285187,underdamped
-0.06499999999999995,-0.64225,0.8014050162059133,0.851053762154435,1.5275790002561551,0.1840036794632859,underdamped
-0.03249999999999997,-0.64225,0.8014050162059132,0.851053762154435,1.519520953667825,0.18170669322778685,underdamped
2.220446049250313e-16,-0.64225,0.8014050162059132,0.851053762154435,1.5168248861871276,0.18093544541928314,underdamped
0.032500000000000195,-0.64225,0.8014050162059132,0.851053762154435,1.519520953667825,0.18170669322778685,underdamped
0.06500000000000017,-0.64225,0.8014050162059133,0.851053762154435,1.5275790002561545,0.18400367946328575,underdamped
0.09749999999999992,-0.64225,0.8014050162059133,0.851053762154435,1.5409132856172807,0.1877781996285187,underdamped
0.13000000000000012,-0.64225,0.8014050162059134,0.8510537621544351,1.5593954350309482,0.1929562585342836,underdamped
0.1625000000000003,-0.64225,0.8014050162059133,0.851053762154435,1.582872471453334,0.1994459261225178,underdamped
0.19500000000000006,-0.64225,0.8014050162059134,0.8510537621544351,1.6111861769570073,0.20714572723073998,underdamped
0.22750000000000026,-0.64225,0.8014050162059132,0.851053762154435,1.6441906887667443,0.21595218441853187,underdamped
0.26,-0.64225,0.8014050162059133,0.851053762154435,1.6817665607935266,0.22576571298681983,underdamped
0.2925000000000002,-0.64225,0.8014050162059132,0.851053762154435,1.7238308401474605,0.23649464617838295,underdamped
0.32499999999999996,-0.64225,0.8014050162059132,0.851053762154435,1.77034362266639,0.24805757084987,underdamped
0.35750000000000015,-0.64225,0.8014050162059133,0.851053762154435,1.8213119895862413,0.26038434653622644,underdamped
0.3899999999999999,-0.64225,0.8014050162059131,0.8510537621544348,1.876792307311419,0.27341621466752786,underdamped
0.4225000000000001,-0.64225,0.8014050162059131,0.8510537621544348,1.9368917574616076,0.28710535099755613,underdamped
0.4550000000000003,-0.64225,0.8014050162059132,0.851053762154435,2.0017697841047664,0.3014141294659918,underdamped
0.48750000000000004,-0.64225,0.8014050162059131,0.8510537621544348,2.0716399747394,0.3163142826515319,underdamped
0.5200000000000002,-0.64225,0.8014050162059133,0.851053762154435,2.1467727638520464,0.3317860767473816,underdamped
0.5525,-0.64225,0.8014050162059132,0.851053762154435,2.227499270419767,0.34781757046302186,underdamped
0.5850000000000002,-0.64225,0.8014050162059133,0.851053762154435,2.3142165502258614,0.36440399513770916,underdamped
0.6174999999999999,-0.64225,0.801405016205913,0.8510537621544347,2.4073945544223716,0.3815472738088651,underdamped
0.6500000000000001,-0.64225,0.8014050162059134,0.8510537621544351,2.5075851331752155,0.3992556863547076,underdamped
0.6825000000000003,-0.64225,0.801405016205913,0.8510537621544347,2.6154335067394268,0.4175436832534445,underdamped
0.7150000000000001,-0.64225,0.8014050162059133,0.851053762154435,2.7316927495813927,0.43643184996361845,underdamped
0.7475000000000003,-0.64225,0.8014050162059132,0.851053762154435,2.857242004997336,0.4559470261663717,underdamped
0.78,-0.64225,0.8014050162059134,0.8510537621544351,2.993109383291349,0.4761225884378549,underdamped
0.8125000000000002,-0.64225,0.8014050162059133,0.851053762154435,3.140500819808402,0.4969989111100071,underdamped
0.845,-0.64225,0.8014050162059131,0.8510537621544348,3.3008366161407894,0.5186240282792496,underdamped
0.8775000000000002,-0.64225,0.8014050162059133,0.851053762154435,3.475798013277939,0.541054530645554,underdamped
0.9100000000000004,-0.64225,0.8014050162059132,0.851053762154435,3.667387032481135,0.5643567450304691,underdamped
0.9425000000000001,-0.64225,0.8014050162059132,0.851053762154435,3.878004096417033,0.5886082634972954,underdamped
0.9750000000000003,-0.64225,0.8014050162059133,0.851053762154435,4.110549810532337,0.6138999152362813,underdamped
1.0075,-0.64225,0.8014050162059131,0.8510537621544348,4.368560063899909,0.6403383112600874,underdamped
1.0400000000000003,-0.64225,0.8014050162059131,0.8510537621544348,4.656387823848553,0.6680491449113867,underdamped
1.0725,-0.64225,0.8014050162059131,0.8510537621544348,4.979451524978402,0.6971815088654544,underdamped
1.1050000000000002,-0.64225,0.8014050162059131,0.8510537621544348,5.3445802910200015,0.7279136058121619,underdamped
1.1375,-0.64225,0.8014050162059133,0.851053762154435,5.76050302334906,0.7604604088965116,underdamped
1.1700000000000002,-0.64225,0.8014050162059132,0.851053762154435,6.238556459726326,0.7950841098584825,underdamped
1.2025000000000003,-0.64225,0.8014050162059132,0.851053762154435,6.793735738741392,0.8321086497700321,underdamped
1.235,-0.64225,0.8014050162059133,0.851053762154435,7.44629765121959,0.8719403923038805,underdamped
1.2675000000000003,-0.64225,0.8014050162059132,0.851053762154435,8.224288341294134,0.9150983281635721,underdamped
1.3,-0.64225,0.8014050162059132,0.851053762154435,9.16768340201137,0.9622596068993202,underdamped
1.3325000000000002,-0.64225,0.8014050162059133,0.851053762154435,10.335483002728248,1.0143307770947165,underdamped
1.365,-0.64225,0.8014050162059132,0.851053762154435,11.818554942188472,1.0725643784911554,underdamped
1.3975000000000002,-0.64225,0.8014050162059134,0.8510537621544351,13.764506178710155,1.1387606350749155,underdamped
1.43,-0.64225,0.8014050162059132,0.851053762154435,16.430156979224176,1.2156417128498607,underdamped
1.4625000000000001,-0.64225,0.8014050162059132,0.851053762154435,20.305467632088874,1.3076129956826021,underdamped
1.4950000000000003,-0.64225,0.8014050162059131,0.8510537621544348,26.45575161382981,1.4225201044468663,underdamped
1.5275,-0.64225,0.8014050162059132,0.851053762154435,37.71716342522648,1.5765390235378718,underdamped
1.5600000000000003,-0.64225,0.8014050162059133,0.851053762154435,64.99256477549679,1.8128636756940635,underdamped
1.5925,-0.64225,0.8014050162059132,0.851053762154435,226.50915609595458,2.3550857620291095,underdamped
1.6250000000000002,-0.64225,0.9463142369107274,0.9663142369107274,408.79951111112166,2.6115103677483074,overdamped
-1.5924999999999998,-0.6261666666666668,0.8848355283516051,0.9136266462637038,397.61029255754045,2.5994576180368667,overdamped
-1.56,-0.6261666666666668,0.7913069358135734,0.84348020186018,113.87517772013598,2.05642906776647,underdamped
-1.5274999999999999,-0.6261666666666668,0.7913069358135736,0.8434802018601801,50.09424097066941,1.6997878005494247,underdamped
-1.4949999999999999,-0.6261666666666668,0.7913069358135736,0.8434802018601801,31.950291749104185,1.5044748282048275,underdamped
-1.4625,-0.6261666666666668,0.7913069358135734,0.84348020186018,23.367729171682672,1.3686165105897081,underdamped
-1.43,-0.6261666666666668,0.7913069358135733,0.8434802018601799,18.364621049059156,1.263981971178426,underdamped
-1.3975,-0.6261666666666668,0.7913069358135734,0.84348020186018,15.087990037228433,1.1786313886237578,underdamped
-1.365,-0.6261666666666668,0.7913069358135731,0.8434802018601799,12.775632312157258,1.1063824041402073,underdamped
-1.3325,-0.6261666666666668,0.7913069358135736,0.8434802018601801,11.056465260783984,1.0436163057120769,underdamped
-1.2999999999999998,-0.6261666666666668,0.7913069358135734,0.84348020186018,9.72817615506456,0.9880314260816042,underdamped
-1.2675,-0.6261666666666668,0.7913069358135735,0.8434802018601801,8.671072296200752,0.938072807225595,underdamped
-1.2349999999999999,-0.6261666666666668,0.7913069358135734,0.84348020186018,7.809813903837297,0.8926406854138593,underdamped
-1.2025,-0.6261666666666668,0.7913069358135734,0.84348020186018,7.0946129572755074,0.8509287077421231,underdamped
-1.17,-0.6261666666666668,0.7913069358135734,0.84348020186018,6.491248481358545,0.8123282339990023,underdamped
-1.1375,-0.6261666666666668,0.7913069358135736,0.8434802018601801,5.9754245868397335,0.7763687697323534,underdamped
-1.105,-0.6261666666666668,0.7913069358135733,0.8434802018601799,5.529416586295883,0.7426793109215664,underdamped
-1.0724999999999998,-0.6261666666666668,0.7913069358135733,0.8434802018601799,5.139991173578688,0.7109623732230262,underdamped
-1.04,-0.6261666666666668,0.7913069358135734,0.84348020186018,4.797069659426182,0.6809760250084755,underdamped
-1.0074999999999998,-0.6261666666666668,0.7913069358135734,0.84348020186018,4.492841977765011,0.6525211438564229,underdamped
-0.9749999999999999,-0.6261666666666668,0.7913069358135731,0.8434802018601799,4.221163587903231,0.6254321832245356,underdamped
-0.9424999999999999,-0.6261666666666668,0.7913069358135735,0.8434802018601801,3.9771352445117127,0.5995703596423697,underdamped
-0.9099999999999999,-0.6261666666666668,0.7913069358135734,0.84348020186018,3.756804090697259,0.574818548124996,underdamped
-0.8775,-0.6261666666666668,0.7913069358135734,0.84348020186018,3.5569471220779123,0.551077408969735,underdamped
-0.845,-0.6261666666666668,0.7913069358135734,0.84348020186018,3.3749117428061663,0.5282624200963937,underdamped
-0.8125,-0.6261666666666668,0.7913069358135733,0.8434802018601799,3.2084966365287753,0.5063015883559739,underdamped
-0.78,-0.6261666666666668,0.7913069358135735,0.8434802018601801,3.0558615919081196,0.48513367999795803,underdamped
-0.7474999999999998,-0.6261666666666668,0.7913069358135734,0.84348020186018,2.9154584497777862,0.46470685636902864,underdamped
-0.7149999999999999,-0.6261666666666668,0.7913069358135737,0.8434802018601802,2.785977682403172,0.4449776331044655,underdamped
-0.6824999999999999,-0.6261666666666668,0.7913069358135734,0.84348020186018,2.6663067007215506,0.4259101041063014,underdamped
-0.6499999999999999,-0.6261666666666668,0.7913069358135735,0.8434802018601801,2.555497076090395,0.4074753883871143,underdamped
-0.6174999999999999,-0.6261666666666668,0.7913069358135735,0.8434802018601801,2.4527386249328824,0.3896512702620669,underdamped
-0.585,-0.6261666666666668,0.7913069358135735,0.8434802018601801,2.3573388442288263,0.37242201256336843,underdamped
-0.5525,-0.6261666666666668,0.7913069358135736,0.8434802018601801,2.2687065724013538,0.3557783291914425,underdamped
-0.5199999999999998,-0.6261666666666668,0.7913069358135733,0.8434802018601799,2.1863390293850964,0.33971750764782177,underdamped
-0.4874999999999998,-0.6261666666666668,0.7913069358135735,0.8434802018601801,2.109811591517723,0.32424367405711996,underdamped
-0.45499999999999985,-0.6261666666666668,0.7913069358135736,0.8434802018601801,2.0387698007426605,0.3093681919816325,underdamped
-0.4224999999999999,-0.6261666666666668,0.7913069358135735,0.8434802018601801,1.9729232052536525,0.2951101809523114,underdamped
-0.3899999999999999,-0.6261666666666668,0.7913069358135734,0.84348020186018,1.9120406863025416,0.2814971293881374,underdamped
-0.35749999999999993,-0.6261666666666668,0.7913069358135733,0.8434802018601799,1.8559469452831834,0.2685655571737466,underdamped
-0.32499999999999996,-0.6261666666666668,0.7913069358135735,0.8434802018601801,1.8045198053828273,0.25636165299085534,underdamped
-0.2925,-0.6261666666666668,0.7913069358135733,0.8434802018601799,1.7576879214812484,0.24494176834300285,underdamped
-0.26,-0.6261666666666668,0.7913069358135734,0.84348020186018,1.715428392687162,0.23437259396905152,underdamped
-0.2274999999999998,-0.6261666666666668,0.7913069358135735,0.8434802018601801,1.677763647011945,0.22473078007535258,underdamped
-0.19499999999999984,-0.6261666666666668,0.7913069358135735,0.8434802018601801,1.6447568517397482,0.21610170426002157,underdamped
-0.16249999999999987,-0.6261666666666668,0.7913069358135736,0.8434802018601801,1.6165050628548137,0.2085770691495328,underdamped
-0.1299999999999999,-0.6261666666666668,0.7913069358135735,0.8434802018601801,1.5931294633875257,0.20225106955519137,underdamped
-0.09749999999999992,-0.6261666666666668,0.7913069358135734,0.84348020186018,1.5747624653538579,0.19721505478217,underdamped
-0.06499999999999995,-0.6261666666666668,0.7913069358135734,0.84348020186018,1.5615322202709079,0.1935509497839534,underdamped
-0.03249999999999997,-0.6261666666666668,0.7913069358135734,0.84348020186018,1.553546103097253,0.19132414592291544,underdamped
2.220446049250313e-16,-0.6261666666666668,0.7913069358135734,0.84348020186018,1.5508756841572875,0.19057698682178612,underdamped
0.032500000000000195,-0.6261666666666668,0.7913069358135734,0.84348020186018,1.553546103097253,0.19132414592291544,underdamped
0.06500000000000017,-0.6261666666666668,0.7913069358135733,0.8434802018601799,1.5615322202709079,0.1935509497839534,underdamped
0.09749999999999992,-0.6261666666666668,0.7913069358135734,0.84348020186018,1.5747624653538579,0.19721505478217,underdamped
0.13000000000000012,-0.6261666666666668,0.7913069358135735,0.8434802018601801,1.5931294633875257,0.20225106955519137,underdamped
0.1625000000000003,-0.6261666666666668,0.7913069358135735,0.8434802018601801,1.6165050628548137,0.2085770691495328,underdamped
0.19500000000000006,-0.6261666666666668,0.7913069358135734,0.84348020186018,1.6447568517397484,0.21610170426002162,underdamped
0.22750000000000026,-0.6261666666666668,0.7913069358135734,0.84348020186018,1.677763647011945,0.22473078007535258,underdamped
0.26,-0.6261666666666668,0.7913069358135734,0.84348020186018,1.715428392687162,0.23437259396905152,underdamped
0.2925000000000002,-0.6261666666666668,0.7913069358135735,0.8434802018601801,1.757687921481248,0.24494176834300274,underdamped
0.32499999999999996,-0.6261666666666668,0.7913069358135735,0.8434802018601801,1.8045198053828273,0.25636165299085534,underdamped
0.35750000000000015,-0.6261666666666668,0.7913069358135735,0.8434802018601801,1.8559469452831836,0.26856555717374664,underdamped
0.3899999999999999,-0.6261666666666668,0.7913069358135734,0.84348020186018,1.9120406863025416,0.2814971293881374,underdamped
0.4225000000000001,-0.6261666666666668,0.7913069358135735,0.8434802018601801,1.972923205253653,0.2951101809523115,underdamped
0.4550000000000003,-0.6261666666666668,0.7913069358135735,0.8434802018601801,2.0387698007426605,0.3093681919816325,underdamped
0.48750000000000004,-0.6261666666666668,0.7913069358135734,0.84348020186018,2.109811591517724,0.3242436740571201,underdamped
0.5200000000000002,-0.6261666666666668,0.7913069358135731,0.8434802018601799,2.1863390293850973,0.33971750764782194,underdamped
0.5525,-0.6261666666666668,0.7913069358135736,0.8434802018601801,2.2687065724013538,0.3557783291914425,underdamped
0.5850000000000002,-0.6261666666666668,0.7913069358135735,0.8434802018601801,2.357338844228827,0.3724220125633685,underdamped
0.6174999999999999,-0.6261666666666668,0.7913069358135735,0.8434802018601801,2.4527386249328824,0.3896512702620669,underdamped
0.6500000000000001,-0.6261666666666668,0.7913069358135734,0.84348020186018,2.555497076090397,0.4074753883871146,underdamped
0.6825000000000003,-0.6261666666666668,0.7913069358135734,0.84348020186018,2.6663067007215506,0.4259101041063014,underdamped
0.7150000000000001,-0.6261666666666668,0.7913069358135734,0.84348020186018,2.785977682403173,0.44497763310446564,underdamped
0.7475000000000003,-0.6261666666666668,0.7913069358135736,0.8434802018601801,2.915458449777788,0.4647068563690289,underdamped
0.78,-0.6261666666666668,0.7913069358135735,0.8434802018601801,3.0558615919081196,0.48513367999795803,underdamped
0.8125000000000002,-0.6261666666666668,0.7913069358135733,0.8434802018601799,3.208496636528776,0.506301588355974,underdamped
0.845,-0.6261666666666668,0.7913069358135734,0.84348020186018,3.3749117428061663,0.5282624200963937,underdamped
0.8775000000000002,-0.6261666666666668,0.7913069358135734,0.84348020186018,3.5569471220779154,0.5510774089697353,underdamped
0.9100000000000004,-0.6261666666666668,0.7913069358135733,0.8434802018601799,3.7568040906972615,0.5748185481249962,underdamped
0.9425000000000001,-0.6261666666666668,0.7913069358135735,0.8434802018601801,3.9771352445117123,0.5995703596423696,underdamped
0.9750000000000003,-0.6261666666666668,0.7913069358135734,0.84348020186018,4.221163587903232,0.6254321832245358,underdamped
1.0075,-0.6261666666666668,0.7913069358135734,0.84348020186018,4.4928419777650115,0.652521143856423,underdamped
1.0400000000000003,-0.6261666666666668,0.7913069358135734,0.84348020186018,4.797069659426184,0.6809760250084758,underdamped
1.0725,-0.6261666666666668,0.7913069358135734,0.84348020186018,5.139991173578687,0.7109623732230262,underdamped
1.1050000000000002,-0.6261666666666668,0.7913069358135733,0.8434802018601799,5.529416586295884,0.7426793109215665,underdamped
1.1375,-0.6261666666666668,0.7913069358135736,0.8434802018601801,5.9754245868397335,0.7763687697323534,underdamped
1.1700000000000002,-0.6261666666666668,0.7913069358135733,0.8434802018601799,6.491248481358553,0.8123282339990029,underdamped
1.2025000000000003,-0.6261666666666668,0.7913069358135733,0.8434802018601799,7.094612957275511,0.8509287077421234,underdamped
1.235,-0.6261666666666668,0.7913069358135734,0.84348020186018,7.809813903837309,0.8926406854138601,underdamped
1.2675000000000003,-0.6261666666666668,0.7913069358135735,0.8434802018601801,8.671072296200753,0.9380728072255952,underdamped
1.3,-0.6261666666666668,0.7913069358135735,0.8434802018601801,9.728176155064556,0.9880314260816041,underdamped
1.3325000000000002,-0.6261666666666668,0.7913069358135736,0.8434802018601801,11.056465260783984,1.0436163057120769,underdamped
1.365,-0.6261666666666668,0.7913069358135731,0.8434802018601799,12.775632312157258,1.1063824041402073,underdamped
1.3975000000000002,-0.6261666666666668,0.7913069358135733,0.8434802018601799,15.087990037228451,1.1786313886237585,underdamped
1.43,-0.6261666666666668,0.7913069358135733,0.8434802018601799,18.364621049059156,1.263981971178426,underdamped
1.4625000000000001,-0.6261666666666668,0.7913069358135734,0.84348020186018,23.3677291716827,1.3686165105897086,underdamped
1.4950000000000003,-0.6261666666666668,0.7913069358135733,0.8434802018601799,31.950291749104444,1.504474828204831,underdamped
1.5275,-0.6261666666666668,0.7913069358135734,0.84348020186018,50.09424097067004,1.6997878005494302,underdamped
1.5600000000000003,-0.6261666666666668,0.7913069358135733,0.8434802018601799,113.8751777201362,2.0564290677664707,underdamped
1.5925,-0.6261666666666668,0.8848355283516065,0.9136266462637048,397.6102925575538,2.5994576180368814,overdamped
-1.5924999999999998,-0.6100833333333333,0.9509456016396927,0.9709456016396927,338.6371754279791,2.5297346330316333,overdamped
-1.56,-0.6100833333333333,0.7810783144687435,0.8358087358515577,507.6802746929381,2.705590289742145,underdamped
-1.5274999999999999,-0.6100833333333333,0.7810783144687434,0.8358087358515576,75.70516059105,1.8791254850459933,underdamped
-1.4949999999999999,-0.6100833333333333,0.7810783144687434,0.8358087358515576,40.65031435885177,1.6090639084488267,underdamped
-1.4625,-0.6100833333333333,0.7810783144687433,0.8358087358515575,27.66549031404127,1.4419383715968201,underdamped
-1.43,-0.6100833333333333,0.7810783144687434,0.8358087358515576,20.89821726069408,1.3201092398495413,underdamped
-1.3975,-0.6100833333333333,0.7810783144687435,0.8358087358515577,16.745285683767786,1.223892561241401,underdamped
-1.365,-0.6100833333333333,0.7810783144687434,0.8358087358515576,13.936935495731765,1.1441672900027353,underdamped
-1.3325,-0.6100833333333333,0.7810783144687437,0.8358087358515578,11.911128534591503,1.0759529111995412,underdamped
-1.2999999999999998,-0.6100833333333333,0.7810783144687434,0.8358087358515576,10.380777677376692,1.016229889961584,underdamped
-1.2675,-0.6100833333333333,0.7810783144687435,0.8358087358515577,9.183936637736844,0.963028878758583,underdamped
-1.2349999999999999,-0.6100833333333333,0.7810783144687435,0.8358087358515577,8.22231581129936,0.9149941536010572,underdamped
-1.2025,-0.6100833333333333,0.7810783144687433,0.8358087358515575,7.432804965757607,0.8711527372148258,underdamped
-1.17,-0.6100833333333333,0.7810783144687437,0.8358087358515578,6.773028080228416,0.8307828761471809,underdamped
-1.1375,-0.6100833333333333,0.7810783144687434,0.8358087358515576,6.213475850405574,0.7933346147255883,underdamped
-1.105,-0.6100833333333333,0.7810783144687434,0.8358087358515576,5.73296800904113,0.7583795183426725,underdamped
-1.0724999999999998,-0.6100833333333333,0.7810783144687437,0.8358087358515578,5.315909639526707,0.7255775901434445,underdamped
-1.04,-0.6100833333333333,0.7810783144687439,0.8358087358515579,4.950565187937626,0.694654783578113,underdamped
-1.0074999999999998,-0.6100833333333333,0.7810783144687435,0.8358087358515577,4.627935438775594,0.6653872917708362,underdamped
-0.9749999999999999,-0.6100833333333333,0.7810783144687434,0.8358087358515576,4.341005256564221,0.6375903117303039,underdamped
-0.9424999999999999,-0.6100833333333333,0.7810783144687434,0.8358087358515576,4.084226764216977,0.6111098469589733,underdamped
-0.9099999999999999,-0.6100833333333333,0.7810783144687434,0.8358087358515576,3.85315628886749,0.5858166249009219,underdamped
-0.8775,-0.6100833333333333,0.7810783144687434,0.8358087358515576,3.6441942607851687,0.561601519820816,underdamped
-0.845,-0.6100833333333333,0.7810783144687433,0.8358087358515575,3.454395584440605,0.5383720698563247,underdamped
-0.8125,-0.6100833333333333,0.7810783144687433,0.8358087358515575,3.2813292154467804,0.5160498052959066,underdamped
-0.78,-0.6100833333333333,0.7810783144687434,0.8358087358515576,3.1229727175469644,0.4945681902274573,underdamped
-0.7474999999999998,-0.6100833333333333,0.7810783144687438,0.8358087358515578,2.9776320980897393,0.4738710373920512,underdamped
-0.7149999999999999,-0.6100833333333333,0.7810783144687433,0.8358087358515575,2.8438801898050046,0.45391129599493074,underdamped
-0.6824999999999999,-0.6100833333333333,0.7810783144687435,0.8358087358515577,2.7205088333274103,0.43465014037209176,underdamped
-0.6499999999999999,-0.6100833333333333,0.7810783144687433,0.8358087358515575,2.6064914675242736,0.4160563075813996,underdamped
-0.6174999999999999,-0.6100833333333333,0.7810783144687435,0.8358087358515577,2.5009536703965387,0.3981056465975571,underdamped
-0.585,-0.6100833333333333,0.7810783144687433,0.8358087358515575,2.4031498499086257,0.38078085235170167,underdamped
-0.5525,-0.6100833333333333,0.7810783144687435,0.8358087358515577,2.3124447504062022,0.36407136524659267,underdamped
-0.5199999999999998,-0.6100833333333333,0.7810783144687434,0.8358087358515576,2.228298774275735,0.347973421384967,underdamped
-0.4874999999999998,-0.6100833333333333,0.7810783144687437,0.8358087358515578,2.1502563582099397,0.33249024052905024,underdamped
-0.45499999999999985,-0.6100833333333333,0.7810783144687434,0.8358087358515576,2.0779368136243748,0.31763233729647866,underdamped
-0.4224999999999999,-0.6100833333333333,0.7810783144687433,0.8358087358515575,2.011027157060659,0.30341793538140327,underdamped
-0.3899999999999999,-0.6100833333333333,0.7810783144687435,0.8358087358515577,1.9492765280128603,0.2898734533152882,underdamped
-0.35749999999999993,-0.6100833333333333,0.7810783144687434,0.8358087358515576,1.8924918232491956,0.27703401175180614,underdamped
-0.32499999999999996,-0.6100833333333333,0.7810783144687434,0.8358087358515576,1.8405341705249814,0.2649438847724629,underdamped
-0.2925,-0.6100833333333333,0.7810783144687434,0.8358087358515576,1.7933158227536752,0.25365678036015715,underdamped
-0.26,-0.6100833333333333,0.7810783144687437,0.8358087358515578,1.750796982401693,0.24323578941044888,underdamped
-0.2274999999999998,-0.6100833333333333,0.7810783144687435,0.8358087358515577,1.7129819812980025,0.2337527946852969,underdamped
-0.19499999999999984,-0.6100833333333333,0.7810783144687435,0.8358087358515577,1.6799141768533001,0.22528709513592182,underdamped
-0.16249999999999987,-0.6100833333333333,0.7810783144687434,0.8358087358515576,1.651668938704847,0.2179230015181599,underdamped
-0.1299999999999999,-0.6100833333333333,0.7810783144687434,0.8358087358515576,1.6283442667189958,0.21174622938003462,underdamped
-0.09749999999999992,-0.6100833333333333,0.7810783144687437,0.8358087358515578,1.6100489752720384,0.20683908681874205,underdamped
-0.06499999999999995,-0.6100833333333333,0.7810783144687433,0.8358087358515575,1.5968890189934621,0.20327473447689842,underdamped
-0.03249999999999997,-0.6100833333333333,0.7810783144687435,0.8358087358515577,1.5889533218472216,0.20111113927035185,underdamped
2.220446049250313e-16,-0.6100833333333333,0.7810783144687434,0.8358087358515576,1.5863011523615602,0.2003856397238355,underdamped
0.032500000000000195,-0.6100833333333333,0.7810783144687437,0.8358087358515578,1.5889533218472214,0.2011111392703518,underdamped
0.06500000000000017,-0.6100833333333333,0.7810783144687435,0.8358087358515577,1.596889018993462,0.20327473447689837,underdamped
0.09749999999999992,-0.6100833333333333,0.7810783144687437,0.8358087358515578,1.6100489752720384,0.20683908681874205,underdamped
0.13000000000000012,-0.6100833333333333,0.7810783144687434,0.8358087358515576,1.6283442667189953,0.2117462293800345,underdamped
0.1625000000000003,-0.6100833333333333,0.7810783144687434,0.8358087358515576,1.6516689387048475,0.21792300151816002,underdamped
0.19500000000000006,-0.6100833333333333,0.7810783144687435,0.8358087358515577,1.6799141768533,0.22528709513592177,underdamped
0.22750000000000026,-0.6100833333333333,0.7810783144687437,0.8358087358515578,1.7129819812980023,0.23375279468529683,underdamped
0.26,-0.6100833333333333,0.7810783144687437,0.8358087358515578,1.750796982401693,0.24323578941044888,underdamped
0.2925000000000002,-0.6100833333333333,0.7810783144687433,0.8358087358515575,1.7933158227536754,0.2536567803601572,underdamped
0.32499999999999996,-0.6100833333333333,0.7810783144687434,0.8358087358515576,1.8405341705249814,0.2649438847724629,underdamped
0.35750000000000015,-0.6100833333333333,0.7810783144687435,0.8358087358515577,1.8924918232491954,0.2770340117518061,underdamped
0.3899999999999999,-0.6100833333333333,0.7810783144687435,0.8358087358515577,1.9492765280128603,0.2898734533152882,underdamped
0.4225000000000001,-0.6100833333333333,0.7810783144687435,0.8358087358515577,2.011027157060659,0.30341793538140327,underdamped
0.4550000000000003,-0.6100833333333333,0.7810783144687433,0.8358087358515575,2.077936813624377,0.31763233729647916,underdamped
0.48750000000000004,-0.6100833333333333,0.7810783144687437,0.8358087358515578,2.15025635820994,0.33249024052905035,underdamped
0.5200000000000002,-0.6100833333333333,0.7810783144687433,0.8358087358515575,2.228298774275736,0.3479734213849672,underdamped
0.5525,-0.6100833333333333,0.7810783144687435,0.8358087358515577,2.3124447504062022,0.36407136524659267,underdamped
0.5850000000000002,-0.6100833333333333,0.7810783144687435,0.8358087358515577,2.4031498499086252,0.3807808523517016,underdamped
0.6174999999999999,-0.6100833333333333,0.7810783144687435,0.8358087358515577,2.5009536703965387,0.3981056465975571,underdamped
0.6500000000000001,-0.6100833333333333,0.7810783144687435,0.8358087358515577,2.606491467524274,0.41605630758139966,underdamped
0.6825000000000003,-0.6100833333333333,0.7810783144687435,0.8358087358515577,2.720508833327412,0.43465014037209204,underdamped
0.7150000000000001,-0.6100833333333333,0.7810783144687432,0.8358087358515573,2.8438801898050055,0.45391129599493085,underdamped
0.7475000000000003,-0.6100833333333333,0.7810783144687433,0.8358087358515575,2.977632098089745,0.47387103739205205,underdamped
0.78,-0.6100833333333333,0.7810783144687434,0.8358087358515576,3.1229727175469644,0.4945681902274573,underdamped
0.8125000000000002,-0.6100833333333333,0.7810783144687434,0.8358087358515576,3.281329215446779,0.5160498052959065,underdamped
0.845,-0.6100833333333333,0.7810783144687433,0.8358087358515575,3.454395584440605,0.5383720698563247,underdamped
0.8775000000000002,-0.6100833333333333,0.7810783144687434,0.8358087358515576,3.6441942607851705,0.5616015198208162,underdamped
0.9100000000000004,-0.6100833333333333,0.7810783144687435,0.8358087358515577,3.8531562888674924,0.5858166249009221,underdamped
0.9425000000000001,-0.6100833333333333,0.7810783144687434,0.8358087358515576,4.08422676421698,0.6111098469589735,underdamped
0.9750000000000003,-0.6100833333333333,0.7810783144687434,0.8358087358515576,4.341005256564225,0.6375903117303042,underdamped
1.0075,-0.6100833333333333,0.7810783144687434,0.8358087358515576,4.627935438775597,0.6653872917708364,underdamped
1.0400000000000003,-0.6100833333333333,0.7810783144687435,0.8358087358515577,4.9505651879376265,0.694654783578113,underdamped
1.0725,-0.6100833333333333,0.7810783144687434,0.8358087358515576,5.315909639526712,0.7255775901434449,underdamped
1.1050000000000002,-0.6100833333333333,0.7810783144687434,0.8358087358515576,5.732968009041131,0.7583795183426726,underdamped
1.1375,-0.6100833333333333,0.7810783144687434,0.8358087358515576,6.213475850405574,0.7933346147255883,underdamped
1.1700000000000002,-0.6100833333333333,0.7810783144687433,0.8358087358515575,6.773028080228427,0.8307828761471816,underdamped
1.2025000000000003,-0.6100833333333333,0.7810783144687432,0.8358087358515573,7.432804965757624,0.8711527372148268,underdamped
1.235,-0.6100833333333333,0.7810783144687435,0.8358087358515577,8.222315811299369,0.9149941536010576,underdamped
1.2675000000000003,-0.6100833333333333,0.7810783144687435,0.8358087358515577,9.183936637736856,0.9630288787585836,underdamped
1.3,-0.6100833333333333,0.7810783144687434,0.8358087358515576,10.380777677376695,1.0162298899615843,underdamped
1.3325000000000002,-0.6100833333333333,0.7810783144687437,0.8358087358515578,11.911128534591526,1.0759529111995418,underdamped
1.365,-0.6100833333333333,0.7810783144687434,0.8358087358515576,13.936935495731765,1.1441672900027353,underdamped
1.3975000000000002,-0.6100833333333333,0.7810783144687433,0.8358087358515575,16.745285683767825,1.223892561241402,underdamped
1.43,-0.6100833333333333,0.7810783144687434,0.8358087358515576,20.89821726069408,1.3201092398495413,underdamped
1.4625000000000001,-0.6100833333333333,0.7810783144687435,0.8358087358515577,27.665490314041246,1.44193837159682,underdamped
1.4950000000000003,-0.6100833333333333,0.7810783144687433,0.8358087358515575,40.65031435885203,1.6090639084488294,underdamped
1.5275,-0.6100833333333333,0.7810783144687433,0.8358087358515575,75.70516059105022,1.8791254850459946,underdamped
1.5600000000000003,-0.6100833333333333,0.7810783144687434,0.8358087358515576,507.6802746929409,2.705590289742147,underdamped
1.5925,-0.6100833333333333,0.9509456016396934,0.9709456016396935,338.63717542799816,2.5297346330316577,overdamped
-1.56,-0.5940000000000001,0.8999999999999999,0.9249999999999999,334.91784952906585,2.524938293987771,overdamped
-1.5274999999999999,-0.5940000000000001,0.7707139547199078,0.8280354660399308,160.20499029048645,2.2046760399746024,underdamped
-1.4949999999999999,-0.5940000000000001,0.7707139547199079,0.828035466039931,56.521349279472226,1.752212520792143,underdamped
-1.4625,-0.5940000000000001,0.7707139547199077,0.8280354660399307,34.137026805295925,1.5332256931617578,underdamped
-1.43,-0.5940000000000001,0.7707139547199079,0.828035466039931,24.360948483829596,1.3866941933727535,underdamped
-1.3975,-0.5940000000000001,0.770713954719908,0.828035466039931,18.88120883247527,1.2760297957071502,underdamped
-1.365,-0.5940000000000001,0.7707139547199078,0.8280354660399308,15.375769235190715,1.186836852333097,underdamped
-1.3325,-0.5940000000000001,0.770713954719908,0.828035466039931,12.940492736283504,1.1119508133168237,underdamped
-1.2999999999999998,-0.5940000000000001,0.7707139547199078,0.8280354660399308,11.150217130457678,1.0472833245717552,underdamped
-1.2675,-0.5940000000000001,0.7707139547199078,0.8280354660399308,9.77867426991903,0.9902799799117694,underdamped
-1.2349999999999999,-0.5940000000000001,0.7707139547199078,0.8280354660399308,8.694364404529928,0.9392378387027537,underdamped
-1.2025,-0.5940000000000001,0.7707139547199076,0.8280354660399307,7.815645309492706,0.8929648419561899,underdamped
-1.17,-0.5940000000000001,0.7707139547199078,0.8280354660399308,7.089150467688181,0.8505941943789995,underdamped
-1.1375,-0.5940000000000001,0.7707139547199078,0.8280354660399308,6.478524762111807,0.8114761230596459,underdamped
-1.105,-0.5940000000000001,0.7707139547199079,0.828035466039931,5.958147860489205,0.7751112766899932,underdamped
-1.0724999999999998,-0.5940000000000001,0.7707139547199078,0.8280354660399308,5.509445828925209,0.7411079172649336,underdamped
-1.04,-0.5940000000000001,0.7707139547199078,0.8280354660399308,5.118625911763582,0.7091533908525641,underdamped
-1.0074999999999998,-0.5940000000000001,0.7707139547199077,0.8280354660399307,4.775232566547911,0.6789945277331371,underdamped
-0.9749999999999999,-0.5940000000000001,0.7707139547199078,0.8280354660399308,4.4711972098506125,0.6504238255962945,underdamped
-0.9424999999999999,-0.5940000000000001,0.7707139547199079,0.828035466039931,4.200195385547973,0.6232694934673408,underdamped
-0.9099999999999999,-0.5940000000000001,0.7707139547199078,0.8280354660399308,3.95720129716399,0.5973881427664026,underdamped
-0.8775,-0.5940000000000001,0.770713954719908,0.828035466039931,3.7381724919525623,0.5726593373249936,underdamped
-0.845,-0.5940000000000001,0.7707139547199076,0.8280354660399307,3.539822437445153,0.5489814777399642,underdamped
-0.8125,-0.5940000000000001,0.7707139547199079,0.828035466039931,3.3594537258971338,0.5262686633671327,underdamped
-0.78,-0.5940000000000001,0.770713954719908,0.828035466039931,3.194833906958068,0.5044482849774881,underdamped
-0.7474999999999998,-0.5940000000000001,0.7707139547199079,0.828035466039931,3.0441018178837926,0.4834591744472781,underdamped
-0.7149999999999999,-0.5940000000000001,0.770713954719908,0.828035466039931,2.905696082799365,0.463250187916035,underdamped
-0.6824999999999999,-0.5940000000000001,0.7707139547199078,0.8280354660399308,2.7782999663111902,0.44377913365529914,underdamped
-0.6499999999999999,-0.5940000000000001,0.7707139547199078,0.8280354660399308,2.660798459682359,0.42501198046547506,underdamped
-0.6174999999999999,-0.5940000000000001,0.7707139547199078,0.8280354660399308,2.552244637087612,0.4069222999257682,underdamped
-0.585,-0.5940000000000001,0.7707139547199078,0.8280354660399308,2.451833125268679,0.389490908243923,underdamped
-0.5525,-0.5940000000000001,0.7707139547199077,0.8280354660399307,2.3588790971534914,0.37270568196881726,underdamped
-0.5199999999999998,-0.5940000000000001,0.7707139547199079,0.828035466039931,2.272801603071134,0.35656152703514615,underdamped
-0.4874999999999998,-0.5940000000000001,0.7707139547199077,0.8280354660399307,2.1931103406645667,0.3410604826288392,underdamped
-0.45499999999999985,-0.5940000000000001,0.7707139547199077,0.8280354660399307,2.1193951682218284,0.3262119398998788,underdamped
-0.4224999999999999,-0.5940000000000001,0.7707139547199077,0.8280354660399307,2.051317806422412,0.31203294992629715,underdamped
-0.3899999999999999,-0.5940000000000001,0.7707139547199078,0.8280354660399308,1.9886052633311597,0.2985485845470024,underdamped
-0.35749999999999993,-0.5940000000000001,0.770713954719908,0.828035466039931,1.9310445647858032,0.285792296574439,underdamped
-0.32499999999999996,-0.5940000000000001,0.770713954719908,0.828035466039931,1.8784783824006228,0.27380620155104446,underdamped
-0.2925,-0.5940000000000001,0.7707139547199078,0.8280354660399308,1.830801129632162,0.26264117172164997,underdamped
-0.26,-0.5940000000000001,0.7707139547199079,0.828035466039931,1.7879550518737306,0.2523565966922376,underdamped
-0.2274999999999998,-0.5940000000000001,0.7707139547199078,0.8280354660399308,1.749925787041482,0.24301963099384263,underdamped
-0.19499999999999984,-0.5940000000000001,0.7707139547199076,0.8280354660399307,1.716736849765984,0.2347037293757276,underdamped
-0.16249999999999987,-0.5940000000000001,0.7707139547199078,0.8280354660399308,1.6884425420726632,0.22748628612312274,underdamped
-0.1299999999999999,-0.5940000000000001,0.7707139547199078,0.8280354660399308,1.665118973098538,0.22144526938243042,underdamped
-0.09749999999999992,-0.5940000000000001,0.7707139547199076,0.8280354660399307,1.6468532256187791,0.2166548947712733,underdamped
-0.06499999999999995,-0.5940000000000001,0.7707139547199077,0.8280354660399307,1.6337312347475685,0.21318061225355173,underdamped
-0.03249999999999997,-0.5940000000000001,0.7707139547199077,0.8280354660399307,1.6258255504661716,0.2110739443734323,underdamped
2.220446049250313e-16,-0.5940000000000001,0.7707139547199078,0.8280354660399308,1.623184644444286,0.21036792555765949,underdamped
0.032500000000000195,-0.5940000000000001,0.7707139547199077,0.8280354660399307,1.625825550466172,0.2110739443734324,underdamped
0.06500000000000017,-0.5940000000000001,0.7707139547199077,0.8280354660399307,1.6337312347475679,0.21318061225355156,underdamped
0.09749999999999992,-0.5940000000000001,0.7707139547199076,0.8280354660399307,1.6468532256187791,0.2166548947712733,underdamped
0.13000000000000012,-0.5940000000000001,0.7707139547199079,0.828035466039931,1.665118973098538,0.22144526938243042,underdamped
0.1625000000000003,-0.5940000000000001,0.7707139547199078,0.8280354660399308,1.6884425420726634,0.2274862861231228,underdamped
0.19500000000000006,-0.5940000000000001,0.7707139547199076,0.8280354660399307,1.7167368497659843,0.23470372937572764,underdamped
0.22750000000000026,-0.5940000000000001,0.7707139547199079,0.828035466039931,1.749925787041483,0.2430196309938429,underdamped
0.26,-0.5940000000000001,0.7707139547199079,0.828035466039931,1.7879550518737306,0.2523565966922376,underdamped
0.2925000000000002,-0.5940000000000001,0.7707139547199078,0.8280354660399308,1.830801129632161,0.2626411717216497,underdamped
0.32499999999999996,-0.5940000000000001,0.770713954719908,0.828035466039931,1.8784783824006228,0.27380620155104446,underdamped
0.35750000000000015,-0.5940000000000001,0.7707139547199079,0.828035466039931,1.9310445647858028,0.2857922965744389,underdamped
0.3899999999999999,-0.5940000000000001,0.7707139547199078,0.8280354660399308,1.9886052633311597,0.2985485845470024,underdamped
0.4225000000000001,-0.5940000000000001,0.7707139547199078,0.8280354660399308,2.0513178064224116,0.3120329499262971,underdamped
0.4550000000000003,-0.5940000000000001,0.7707139547199079,0.828035466039931,2.1193951682218293,0.32621193989987896,underdamped
0.48750000000000004,-0.5940000000000001,0.7707139547199079,0.828035466039931,2.193110340664567,0.3410604826288393,underdamped
0.5200000000000002,-0.5940000000000001,0.7707139547199077,0.8280354660399307,2.272801603071135,0.3565615270351463,underdamped
0.5525,-0.5940000000000001,0.7707139547199077,0.8280354660399307,2.3588790971534914,0.37270568196881726,underdamped
0.5850000000000002,-0.5940000000000001,0.7707139547199079,0.828035466039931,2.451833125268679,0.389490908243923,underdamped
0.6174999999999999,-0.5940000000000001,0.7707139547199078,0.8280354660399308,2.552244637087612,0.4069222999257682,underdamped
0.6500000000000001,-0.5940000000000001,0.7707139547199079,0.828035466039931,2.66079845968236,0.42501198046547517,underdamped
0.6825000000000003,-0.5940000000000001,0.7707139547199078,0.8280354660399308,2.778299966311192,0.4437791336552994,underdamped
0.7150000000000001,-0.5940000000000001,0.7707139547199078,0.8280354660399308,2.9056960827993668,0.4632501879160353,underdamped
0.7475000000000003,-0.5940000000000001,0.7707139547199079,0.828035466039931,3.0441018178837966,0.48345917444727865,underdamped
0.78,-0.5940000000000001,0.770713954719908,0.828035466039931,3.194833906958068,0.5044482849774881,underdamped
0.8125000000000002,-0.5940000000000001,0.7707139547199078,0.8280354660399308,3.359453725897136,0.526268663367133,underdamped
0.845,-0.5940000000000001,0.7707139547199076,0.8280354660399307,3.539822437445153,0.5489814777399642,underdamped
0.8775000000000002,-0.5940000000000001,0.7707139547199078,0.8280354660399308,3.738172491952565,0.5726593373249939,underdamped
0.9100000000000004,-0.5940000000000001,0.7707139547199078,0.8280354660399308,3.9572012971639934,0.5973881427664031,underdamped
0.9425000000000001,-0.5940000000000001,0.7707139547199079,0.828035466039931,4.200195385547975,0.6232694934673411,underdamped
0.9750000000000003,-0.5940000000000001,0.7707139547199079,0.828035466039931,4.471197209850617,0.650423825596295,underdamped
1.0075,-0.5940000000000001,0.7707139547199077,0.8280354660399307,4.775232566547917,0.6789945277331376,underdamped
1.0400000000000003,-0.5940000000000001,0.770713954719908,0.828035466039931,5.118625911763584,0.7091533908525643,underdamped
1.0725,-0.5940000000000001,0.770713954719908,0.828035466039931,5.5094458289252115,0.7411079172649339,underdamped
1.1050000000000002,-0.5940000000000001,0.7707139547199078,0.8280354660399308,5.958147860489213,0.7751112766899939,underdamped
1.1375,-0.5940000000000001,0.7707139547199078,0.8280354660399308,6.478524762111807,0.8114761230596459,underdamped
1.1700000000000002,-0.5940000000000001,0.7707139547199078,0.8280354660399308,7.0891504676881825,0.8505941943789996,underdamped
1.2025000000000003,-0.5940000000000001,0.7707139547199078,0.8280354660399308,7.815645309492717,0.8929648419561904,underdamped
1.235,-0.5940000000000001,0.7707139547199078,0.8280354660399308,8.694364404529937,0.9392378387027541,underdamped
1.2675000000000003,-0.5940000000000001,0.7707139547199078,0.8280354660399308,9.778674269919044,0.9902799799117701,underdamped
1.3,-0.5940000000000001,0.7707139547199078,0.8280354660399308,11.150217130457678,1.0472833245717552,underdamped
1.3325000000000002,-0.5940000000000001,0.770713954719908,0.828035466039931,12.940492736283522,1.1119508133168243,underdamped
1.365,-0.5940000000000001,0.7707139547199078,0.8280354660399308,15.375769235190715,1.186836852333097,underdamped
1.3975000000000002,-0.5940000000000001,0.7707139547199078,0.8280354660399308,18.881208832475284,1.2760297957071507,underdamped
1.43,-0.5940000000000001,0.7707139547199079,0.828035466039931,24.360948483829596,1.3866941933727535,underdamped
1.4625000000000001,-0.5940000000000001,0.7707139547199078,0.8280354660399308,34.137026805295996,1.5332256931617587,underdamped
1.4950000000000003,-0.5940000000000001,0.7707139547199078,0.8280354660399308,56.52134927947267,1.7522125207921464,underdamped
1.5275,-0.5940000000000001,0.7707139547199078,0.8280354660399308,160.2049902904931,2.2046760399746206,underdamped
1.5600000000000003,-0.5940000000000001,0.9000000000000005,0.9250000000000004,334.9178495290596,2.5249382939877627,overdamped
-1.56,-0.5779166666666666,0.9545947689174376,0.9745947689174376,286.9978195176883,2.4578785971694166,overdamped
-1.5274999999999999,-0.5779166666666666,0.8372169710368761,0.8779127282776571,290.51309979660044,2.463165720344621,overdamped
-1.4949999999999999,-0.5779166666666666,0.7602083047866991,0.8201562285900243,94.66404438208127,1.976185055121402,underdamped
-1.4625,-0.5779166666666666,0.760208304786699,0.8201562285900242,44.993595672698795,1.6531507012876634,underdamped
-1.43,-0.5779166666666666,0.7602083047866991,0.8201562285900243,29.380056797755692,1.4680526310365398,underdamped
-1.3975,-0.5779166666666666,0.7602083047866988,0.8201562285900241,21.738713104038137,1.3372338309941842,underdamped
-1.365,-0.5779166666666666,0.760208304786699,0.8201562285900242,17.205422164772326,1.2356653332534748,underdamped
-1.3325,-0.5779166666666666,0.7602083047866992,0.8201562285900243,14.204364203987463,1.1524217992078827,underdamped
-1.2999999999999998,-0.5779166666666666,0.7602083047866989,0.8201562285900241,12.07101292987773,1.0817437151179445,underdamped
-1.2675,-0.5779166666666666,0.760208304786699,0.8201562285900242,10.476597148938287,1.0202202445353343,underdamped
-1.2349999999999999,-0.5779166666666666,0.760208304786699,0.8201562285900242,9.239831586022236,0.9656640554270564,underdamped
-1.2025,-0.5779166666666666,0.7602083047866989,0.8201562285900241,8.252556129458542,0.9165884868504216,underdamped
-1.17,-0.5779166666666666,0.7602083047866991,0.8201562285900243,7.446244376614311,0.8719372851288858,underdamped
-1.1375,-0.5779166666666666,0.760208304786699,0.8201562285900242,6.775374762113682,0.8309333220728896,underdamped
-1.105,-0.5779166666666666,0.7602083047866989,0.8201562285900241,6.208525990257154,0.7929885035125964,underdamped
-1.0724999999999998,-0.5779166666666666,0.7602083047866988,0.8201562285900241,5.723311558216006,0.7576473881119667,underdamped
-1.04,-0.5779166666666666,0.7602083047866991,0.8201562285900243,5.3033518187791095,0.7245504387131739,underdamped
-1.0074999999999998,-0.5779166666666666,0.7602083047866991,0.8201562285900243,4.936387512768551,0.6934092450388,underdamped
-0.9749999999999999,-0.5779166666666666,0.7602083047866991,0.8201562285900243,4.613062454819385,0.6639893344261327,underdamped
-0.9424999999999999,-0.5779166666666666,0.7602083047866989,0.8201562285900241,4.326113950279013,0.6360979546143121,underdamped
-0.9099999999999999,-0.5779166666666666,0.7602083047866989,0.8201562285900241,4.069820079193216,0.6095752101243018,underdamped
-0.8775,-0.5779166666666666,0.7602083047866989,0.8201562285900241,3.8396135830642946,0.5842875193708621,underdamped
-0.845,-0.5779166666666666,0.7602083047866989,0.8201562285900241,3.6318066156415063,0.5601227154008775,underdamped
-0.8125,-0.5779166666666666,0.7602083047866991,0.8201562285900243,3.443390967314562,0.5369863358930497,underdamped
-0.78,-0.5779166666666666,0.7602083047866989,0.8201562285900241,3.271890730145659,0.514798791305156,underdamped
-0.7474999999999998,-0.5779166666666666,0.7602083047866992,0.8201562285900243,3.115252078299739,0.4934931944254279,underdamped
-0.7149999999999999,-0.5779166666666666,0.7602083047866991,0.8201562285900243,2.9717597626941172,0.47301369810557925,underdamped
-0.6824999999999999,-0.5779166666666666,0.7602083047866989,0.8201562285900241,2.839973133080303,0.45331423152233274,underdamped
-0.6499999999999999,-0.5779166666666666,0.7602083047866987,0.820156228590024,2.7186766404867626,0.4343575556553533,underdamped
-0.6174999999999999,-0.5779166666666666,0.7602083047866989,0.8201562285900241,2.60684122263359,0.4161145799853489,underdamped
-0.585,-0.5779166666666666,0.7602083047866988,0.8201562285900241,2.503593972683094,0.398563897333398,underdamped
-0.5525,-0.5779166666666666,0.760208304786699,0.8201562285900242,2.408194187751775,0.3816915038767927,underdamped
-0.5199999999999998,-0.5779166666666666,0.7602083047866988,0.8201562285900241,2.3200143843154444,0.3654906775673899,underdamped
-0.4874999999999998,-0.5779166666666666,0.760208304786699,0.8201562285900242,2.2385252155221798,0.3499619907902537,underdamped
-0.45499999999999985,-0.5779166666666666,0.760208304786699,0.8201562285900242,2.163283471356938,0.33511343205107685,underdamped
-0.4224999999999999,-0.5779166666666666,0.760208304786699,0.8201562285900242,2.0939225133007553,0.3209606063454257,underdamped
-0.3899999999999999,-0.5779166666666666,0.7602083047866992,0.8201562285900243,2.0301446080217427,0.30752697398666423,underdamped
-0.35749999999999993,-0.5779166666666666,0.7602083047866989,0.8201562285900241,1.9717146912555188,0.29484407238119115,underdamped
-0.32499999999999996,-0.5779166666666666,0.7602083047866991,0.8201562285900243,1.9184551218309596,0.2829516442593089,underdamped
-0.2925,-0.5779166666666666,0.760208304786699,0.8201562285900242,1.8702409850006279,0.2718975700193647,underdamped
-0.26,-0.5779166666666666,0.7602083047866989,0.8201562285900241,1.8269954851524415,0.2617374741309702,underdamped
-0.2274999999999998,-0.5779166666666666,0.7602083047866989,0.8201562285900241,1.788684948696411,0.2525338525339207,underdamped
-0.19499999999999984,-0.5779166666666666,0.7602083047866991,0.8201562285900243,1.755312966422687,0.24435456095721034,underdamped
-0.16249999999999987,-0.5779166666666666,0.7602083047866991,0.8201562285900243,1.7269132788892376,0.2372705289713329,underdamped
-0.1299999999999999,-0.5779166666666666,0.7602083047866989,0.8201562285900241,1.703541189498788,0.23135263872912368,underdamped
-0.09749999999999992,-0.5779166666666666,0.760208304786699,0.8201562285900242,1.685263604432784,0.22666784170386542,underdamped
-0.06499999999999995,-0.5779166666666666,0.7602083047866993,0.8201562285900245,1.6721482311554845,0.22327477377250468,underdamped
-0.03249999999999997,-0.5779166666666666,0.760208304786699,0.8201562285900242,1.664252934806772,0.22121933147575149,underdamped
2.220446049250313e-16,-0.5779166666666666,0.760208304786699,0.8201562285900242,1.6616166032993231,0.22053082313058844,underdamped
0.032500000000000195,-0.5779166666666666,0.760208304786699,0.8201562285900242,1.664252934806772,0.22121933147575149,underdamped
0.06500000000000017,-0.5779166666666666,0.7602083047866991,0.8201562285900243,1.6721482311554847,0.22327477377250474,underdamped
0.09749999999999992,-0.5779166666666666,0.760208304786699,0.8201562285900242,1.685263604432784,0.22666784170386542,underdamped
0.13000000000000012,-0.5779166666666666,0.760208304786699,0.8201562285900242,1.7035411894987882,0.23135263872912373,underdamped
0.1625000000000003,-0.5779166666666666,0.760208304786699,0.8201562285900242,1.7269132788892383,0.23727052897133308,underdamped
0.19500000000000006,-0.5779166666666666,0.760208304786699,0.8201562285900242,1.755312966422687,0.24435456095721034,underdamped
0.22750000000000026,-0.5779166666666666,0.760208304786699,0.8201562285900242,1.7886849486964107,0.25253385253392063,underdamped
0.26,-0.5779166666666666,0.7602083047866989,0.8201562285900241,1.8269954851524415,0.2617374741309702,underdamped
0.2925000000000002,-0.5779166666666666,0.7602083047866991,0.8201562285900243,1.870240985000628,0.27189757001936476,underdamped
0.32499999999999996,-0.5779166666666666,0.7602083047866991,0.8201562285900243,1.9184551218309596,0.2829516442593089,underdamped
0.35750000000000015,-0.5779166666666666,0.7602083047866991,0.8201562285900243,1.9717146912555188,0.29484407238119115,underdamped
0.3899999999999999,-0.5779166666666666,0.7602083047866992,0.8201562285900243,2.0301446080217427,0.30752697398666423,underdamped
0.4225000000000001,-0.5779166666666666,0.7602083047866989,0.8201562285900241,2.0939225133007575,0.32096060634542617,underdamped
0.4550000000000003,-0.5779166666666666,0.7602083047866989,0.8201562285900241,2.163283471356939,0.335113432051077,underdamped
0.48750000000000004,-0.5779166666666666,0.7602083047866989,0.8201562285900241,2.238525215522181,0.349961990790254,underdamped
0.5200000000000002,-0.5779166666666666,0.760208304786699,0.8201562285900242,2.3200143843154453,0.36549067756739007,underdamped
0.5525,-0.5779166666666666,0.760208304786699,0.8201562285900242,2.408194187751775,0.3816915038767927,underdamped
0.5850000000000002,-0.5779166666666666,0.760208304786699,0.8201562285900242,2.503593972683095,0.39856389733339814,underdamped
0.6174999999999999,-0.5779166666666666,0.7602083047866989,0.8201562285900241,2.60684122263359,0.4161145799853489,underdamped
0.6500000000000001,-0.5779166666666666,0.7602083047866988,0.8201562285900241,2.718676640486762,0.4343575556553532,underdamped
0.6825000000000003,-0.5779166666666666,0.760208304786699,0.8201562285900242,2.839973133080304,0.45331423152233297,underdamped
0.7150000000000001,-0.5779166666666666,0.7602083047866991,0.8201562285900243,2.971759762694118,0.47301369810557936,underdamped
0.7475000000000003,-0.5779166666666666,0.760208304786699,0.8201562285900242,3.1152520782997417,0.4934931944254282,underdamped
0.78,-0.5779166666666666,0.7602083047866989,0.8201562285900241,3.271890730145659,0.514798791305156,underdamped
0.8125000000000002,-0.5779166666666666,0.760208304786699,0.8201562285900242,3.4433909673145644,0.5369863358930499,underdamped
0.845,-0.5779166666666666,0.7602083047866989,0.8201562285900241,3.6318066156415063,0.5601227154008775,underdamped
0.8775000000000002,-0.5779166666666666,0.7602083047866991,0.8201562285900243,3.8396135830642932,0.5842875193708619,underdamped
0.9100000000000004,-0.5779166666666666,0.7602083047866989,0.8201562285900241,4.069820079193222,0.6095752101243024,underdamped
0.9425000000000001,-0.5779166666666666,0.760208304786699,0.8201562285900242,4.326113950279012,0.6360979546143121,underdamped
0.9750000000000003,-0.5779166666666666,0.7602083047866989,0.8201562285900241,4.613062454819396,0.6639893344261337,underdamped
1.0075,-0.5779166666666666,0.760208304786699,0.8201562285900242,4.936387512768555,0.6934092450388003,underdamped
1.0400000000000003,-0.5779166666666666,0.7602083047866991,0.8201562285900243,5.303351818779111,0.724550438713174,underdamped
1.0725,-0.5779166666666666,0.760208304786699,0.8201562285900242,5.723311558216006,0.7576473881119667,underdamped
1.1050000000000002,-0.5779166666666666,0.7602083047866989,0.8201562285900241,6.20852599025716,0.7929885035125968,underdamped
1.1375,-0.5779166666666666,0.760208304786699,0.8201562285900242,6.775374762113682,0.8309333220728896,underdamped
1.1700000000000002,-0.5779166666666666,0.760208304786699,0.8201562285900242,7.446244376614314,0.871937285128886,underdamped
1.2025000000000003,-0.5779166666666666,0.7602083047866989,0.8201562285900241,8.252556129458553,0.9165884868504222,underdamped
1.235,-0.5779166666666666,0.760208304786699,0.8201562285900242,9.239831586022246,0.9656640554270568,underdamped
1.2675000000000003,-0.5779166666666666,0.7602083047866988,0.8201562285900241,10.476597148938309,1.0202202445353352,underdamped
1.3,-0.5779166666666666,0.7602083047866989,0.8201562285900241,12.071012929877732,1.0817437151179445,underdamped
1.3325000000000002,-0.5779166666666666,0.760208304786699,0.8201562285900242,14.20436420398747,1.152421799207883,underdamped
1.365,-0.5779166666666666,0.760208304786699,0.8201562285900242,17.205422164772326,1.2356653332534748,underdamped
1.3975000000000002,-0.5779166666666666,0.760208304786699,0.8201562285900242,21.738713104038222,1.3372338309941858,underdamped
1.43,-0.5779166666666666,0.7602083047866991,0.8201562285900243,29.380056797755692,1.4680526310365398,underdamped
1.4625000000000001,-0.5779166666666666,0.7602083047866989,0.8201562285900241,44.99359567269873,1.6531507012876627,underdamped
1.4950000000000003,-0.5779166666666666,0.7602083047866988,0.8201562285900241,94.66404438208156,1.9761850551214033,underdamped
1.5275,-0.5779166666666666,0.8372169710368778,0.8779127282776583,290.51309979660465,2.4631657203446276,overdamped
1.5600000000000003,-0.5779166666666666,0.954594768917438,0.974594768917438,286.9978195176838,2.45787859716941,overdamped
-1.5274999999999999,-0.5618333333333334,0.9103130552583645,0.9327347914437734,296.30630601054804,2.471740894262506,overdamped
-1.4949999999999999,-0.5618333333333334,0.7495554237902181,0.8121665678426636,312.4680946572099,2.4948056792106224,underdamped
-1.4625,-0.5618333333333334,0.7495554237902184,0.8121665678426638,66.98647887028984,1.8259871497959712,underdamped
-1.43,-0.5618333333333334,0.7495554237902183,0.8121665678426637,37.31197645757065,1.5718482547197885,underdamped
-1.3975,-0.5618333333333334,0.749555423790218,0.8121665678426635,25.758994878212278,1.4109289127497904,underdamped
-1.365,-0.5618333333333334,0.7495554237902182,0.8121665678426637,19.610741982144997,1.2924940257256696,underdamped
-1.3325,-0.5618333333333334,0.749555423790218,0.8121665678426635,15.793487314483048,1.1984780359117635,underdamped
-1.2999999999999998,-0.5618333333333334,0.749555423790218,0.8121665678426635,13.19285308853858,1.1203387262982334,underdamped
-1.2675,-0.5618333333333334,0.749555423790218,0.8121665678426635,11.30718119430424,1.0533543516683366,underdamped
-1.2349999999999999,-0.5618333333333334,0.7495554237902181,0.8121665678426636,9.877310389120918,0.9946387014515471,underdamped
-1.2025,-0.5618333333333334,0.7495554237902181,0.8121665678426636,8.75585066146642,0.9422983456946422,underdamped
-1.17,-0.5618333333333334,0.7495554237902181,0.8121665678426636,7.852793748965157,0.8950241910009511,underdamped
-1.1375,-0.5618333333333334,0.7495554237902182,0.8121665678426637,7.110067100503871,0.8518736993572001,underdamped
-1.105,-0.5618333333333334,0.749555423790218,0.8121665678426635,6.488525868945038,0.8121460404518763,underdamped
-1.0724999999999998,-0.5618333333333334,0.7495554237902181,0.8121665678426636,5.960824284200355,0.7753063196944426,underdamped
-1.04,-0.5618333333333334,0.749555423790218,0.8121665678426635,5.507283357490207,0.7409374221192938,underdamped
-1.0074999999999998,-0.5618333333333334,0.7495554237902179,0.8121665678426634,5.113381812562784,0.7087082223956526,underdamped
-0.9749999999999999,-0.5618333333333334,0.749555423790218,0.8121665678426635,4.768172092455887,0.6783519215340298,underdamped
-0.9424999999999999,-0.5618333333333334,0.749555423790218,0.8121665678426635,4.463246603879123,0.6496508831983939,underdamped
-0.9099999999999999,-0.5618333333333334,0.7495554237902181,0.8121665678426636,4.192043450964758,0.6224257755063072,underdamped
-0.8775,-0.5618333333333334,0.7495554237902182,0.8121665678426637,3.949368382396514,0.5965276450002399,underdamped
-0.845,-0.5618333333333334,0.749555423790218,0.8121665678426635,3.731058319909802,0.5718320375203415,underdamped
-0.8125,-0.5618333333333334,0.749555423790218,0.8121665678426635,3.533739902547571,0.5482345805285951,underdamped
-0.78,-0.5618333333333334,0.749555423790218,0.8121665678426635,3.3546532078412357,0.5256476310011627,underdamped
-0.7474999999999998,-0.5618333333333334,0.749555423790218,0.8121665678426635,3.191521070263081,0.5039977159658184,underdamped
-0.7149999999999999,-0.5618333333333334,0.7495554237902182,0.8121665678426637,3.0424508731192663,0.48322357434484087,underdamped
-0.6824999999999999,-0.5618333333333334,0.7495554237902179,0.8121665678426634,2.9058598471908756,0.4632746639676952,underdamped
-0.6499999999999999,-0.5618333333333334,0.7495554237902183,0.8121665678426637,2.7804176425245926,0.44411003556582956,underdamped
-0.6174999999999999,-0.5618333333333334,0.749555423790218,0.8121665678426635,2.6650017705713394,0.42569750189884137,underdamped
-0.585,-0.5618333333333334,0.749555423790218,0.8121665678426635,2.5586627609215693,0.40801304840284985,underdamped
-0.5525,-0.5618333333333334,0.7495554237902181,0.8121665678426636,2.4605967387430123,0.3910404440607681,underdamped
-0.5199999999999998,-0.5618333333333334,0.7495554237902181,0.8121665678426636,2.3701237316928188,0.37477101883236824,underdamped
-0.4874999999999998,-0.5618333333333334,0.749555423790218,0.8121665678426635,2.286670439712716,0.3592035775811391,underdamped
-0.45499999999999985,-0.5618333333333334,0.7495554237902181,0.8121665678426636,2.209756500595228,0.3443444201674194,underdamped
-0.4224999999999999,-0.5618333333333334,0.7495554237902181,0.8121665678426636,2.1389834932589173,0.3302074330922258,underdamped
-0.3899999999999999,-0.5618333333333334,0.749555423790218,0.8121665678426635,2.074026062323094,0.3168142094551385,underdamped
-0.35749999999999993,-0.5618333333333334,0.749555423790218,0.8121665678426635,2.0146246375537786,0.30419414078739687,underdamped
-0.32499999999999996,-0.5618333333333334,0.7495554237902181,0.8121665678426636,1.9605792718471786,0.2923844067636383,underdamped
-0.2925,-0.5618333333333334,0.7495554237902181,0.8121665678426636,1.9117441424843797,0.28142976820025944,underdamped
-0.26,-0.5618333333333334,0.7495554237902181,0.8121665678426636,1.8680222653742173,0.2713820483777641,underdamped
-0.2274999999999998,-0.5618333333333334,0.749555423790218,0.8121665678426635,1.8293599787925068,0.2622991737215315,underdamped
-0.19499999999999984,-0.5618333333333334,0.749555423790218,0.8121665678426635,1.7957407863810824,0.2542436468251642,underdamped
-0.16249999999999987,-0.5618333333333334,0.7495554237902181,0.8121665678426636,1.767178239152868,0.24728035503969267,underdamped
-0.1299999999999999,-0.5618333333333334,0.749555423790218,0.8121665678426635,1.7437077120577313,0.24147368834947308,underdamped
-0.09749999999999992,-0.5618333333333334,0.749555423790218,0.8121665678426635,1.7253772060368282,0.23688405627412562,underdamped
-0.06499999999999995,-0.5618333333333334,0.7495554237902179,0.8121665678426634,1.7122376603987433,0.23356404505857709,underdamped
-0.03249999999999997,-0.5618333333333334,0.749555423790218,0.8121665678426635,1.7043336218742688,0.23155461153223664,underdamped
2.220446049250313e-16,-0.5618333333333334,0.7495554237902181,0.8121665678426636,1.701695370120046,0.23088181725445966,underdamped
0.032500000000000195,-0.5618333333333334,0.7495554237902181,0.8121665678426636,1.7043336218742684,0.23155461153223653,underdamped
0.06500000000000017,-0.5618333333333334,0.7495554237902181,0.8121665678426636,1.712237660398743,0.23356404505857703,underdamped
0.09749999999999992,-0.5618333333333334,0.749555423790218,0.8121665678426635,1.7253772060368282,0.23688405627412562,underdamped
0.13000000000000012,-0.5618333333333334,0.7495554237902179,0.8121665678426634,1.7437077120577318,0.2414736883494732,underdamped
0.1625000000000003,-0.5618333333333334,0.7495554237902182,0.8121665678426637,1.767178239152868,0.24728035503969267,underdamped
0.19500000000000006,-0.5618333333333334,0.749555423790218,0.8121665678426635,1.7957407863810826,0.25424364682516426,underdamped
0.22750000000000026,-0.5618333333333334,0.749555423790218,0.8121665678426635,1.829359978792507,0.26229917372153155,underdamped
0.26,-0.5618333333333334,0.7495554237902181,0.8121665678426636,1.8680222653742173,0.2713820483777641,underdamped
0.2925000000000002,-0.5618333333333334,0.7495554237902181,0.8121665678426636,1.9117441424843797,0.28142976820025944,underdamped
0.32499999999999996,-0.5618333333333334,0.7495554237902181,0.8121665678426636,1.9605792718471786,0.2923844067636383,underdamped
0.35750000000000015,-0.5618333333333334,0.7495554237902182,0.8121665678426637,2.014624637553779,0.304194140787397,underdamped
0.3899999999999999,-0.5618333333333334,0.749555423790218,0.8121665678426635,2.074026062323094,0.3168142094551385,underdamped
0.4225000000000001,-0.5618333333333334,0.7495554237902181,0.8121665678426636,2.1389834932589173,0.3302074330922258,underdamped
0.4550000000000003,-0.5618333333333334,0.7495554237902181,0.8121665678426636,2.2097565005952298,0.3443444201674198,underdamped
0.48750000000000004,-0.5618333333333334,0.7495554237902181,0.8121665678426636,2.286670439712716,0.3592035775811391,underdamped
0.5200000000000002,-0.5618333333333334,0.7495554237902179,0.8121665678426634,2.3701237316928214,0.37477101883236874,underdamped
0.5525,-0.5618333333333334,0.7495554237902181,0.8121665678426636,2.4605967387430123,0.3910404440607681,underdamped
0.5850000000000002,-0.5618333333333334,0.7495554237902181,0.8121665678426636,2.5586627609215693,0.40801304840284985,underdamped
0.6174999999999999,-0.5618333333333334,0.749555423790218,0.8121665678426635,2.6650017705713394,0.42569750189884137,underdamped
0.6500000000000001,-0.5618333333333334,0.7495554237902181,0.8121665678426636,2.7804176425245952,0.44411003556583,underdamped
0.6825000000000003,-0.5618333333333334,0.749555423790218,0.8121665678426635,2.905859847190876,0.46327466396769523,underdamped
0.7150000000000001,-0.5618333333333334,0.7495554237902179,0.8121665678426634,3.042450873119268,0.48322357434484114,underdamped
0.7475000000000003,-0.5618333333333334,0.7495554237902181,0.8121665678426636,3.1915210702630814,0.5039977159658184,underdamped
0.78,-0.5618333333333334,0.749555423790218,0.8121665678426635,3.3546532078412357,0.5256476310011627,underdamped
0.8125000000000002,-0.5618333333333334,0.749555423790218,0.8121665678426635,3.5337399025475733,0.5482345805285953,underdamped
0.845,-0.5618333333333334,0.749555423790218,0.8121665678426635,3.731058319909802,0.5718320375203415,underdamped
0.8775000000000002,-0.5618333333333334,0.7495554237902179,0.8121665678426634,3.9493683823965204,0.5965276450002406,underdamped
0.9100000000000004,-0.5618333333333334,0.749555423790218,0.8121665678426635,4.192043450964761,0.6224257755063074,underdamped
0.9425000000000001,-0.5618333333333334,0.7495554237902179,0.8121665678426634,4.463246603879125,0.649650883198394,underdamped
0.9750000000000003,-0.5618333333333334,0.7495554237902181,0.8121665678426636,4.76817209245589,0.67835192153403,underdamped
1.0075,-0.5618333333333334,0.749555423790218,0.8121665678426635,5.113381812562787,0.7087082223956528,underdamped
1.0400000000000003,-0.5618333333333334,0.7495554237902182,0.8121665678426637,5.507283357490206,0.7409374221192937,underdamped
1.0725,-0.5618333333333334,0.7495554237902182,0.8121665678426637,5.960824284200358,0.7753063196944429,underdamped
1.1050000000000002,-0.5618333333333334,0.7495554237902181,0.8121665678426636,6.488525868945041,0.8121460404518765,underdamped
1.1375,-0.5618333333333334,0.7495554237902182,0.8121665678426637,7.110067100503871,0.8518736993572001,underdamped
1.1700000000000002,-0.5618333333333334,0.7495554237902181,0.8121665678426636,7.852793748965162,0.8950241910009514,underdamped
1.2025000000000003,-0.5618333333333334,0.7495554237902181,0.8121665678426636,8.75585066146643,0.9422983456946428,underdamped
1.235,-0.5618333333333334,0.7495554237902181,0.8121665678426636,9.877310389120927,0.9946387014515475,underdamped
1.2675000000000003,-0.5618333333333334,0.749555423790218,0.8121665678426635,11.307181194304249,1.0533543516683368,underdamped
1.3,-0.5618333333333334,0.7495554237902182,0.8121665678426637,13.192853088538598,1.120338726298234,underdamped
1.3325000000000002,-0.5618333333333334,0.749555423790218,0.8121665678426635,15.793487314483096,1.1984780359117648,underdamped
1.365,-0.5618333333333334,0.7495554237902182,0.8121665678426637,19.610741982144997,1.2924940257256696,underdamped
1.3975000000000002,-0.5618333333333334,0.7495554237902178,0.8121665678426633,25.7589948782123,1.4109289127497908,underdamped
1.43,-0.5618333333333334,0.7495554237902183,0.8121665678426637,37.31197645757065,1.5718482547197885,underdamped
1.4625000000000001,-0.5618333333333334,0.7495554237902182,0.8121665678426637,66.98647887029014,1.8259871497959732,underdamped
1.4950000000000003,-0.5618333333333334,0.749555423790218,0.8121665678426635,312.4680946572235,2.4948056792106414,underdamped
1.5275,-0.5618333333333334,0.9103130552583654,0.932734791443774,296.30630601055617,2.471740894262518,overdamped
-1.5274999999999999,-0.54575,0.957564505391108,0.9775645053911081,247.18373418056228,2.393019888795228,overdamped
-1.4949999999999999,-0.54575,0.8615449472795703,0.8961587104596778,228.12337124798825,2.358169781042035,overdamped
-1.4625,-0.54575,0.7387489424696321,0.804061706852224,135.34683692111307,2.1314481106882894,underdamped
-1.43,-0.54575,0.7387489424696322,0.8040617068522241,51.73619052133615,1.7137944472550612,underdamped
-1.3975,-0.54575,0.7387489424696322,0.8040617068522241,31.83553797975742,1.5029121932815597,underdamped
-1.365,-0.54575,0.7387489424696321,0.804061706852224,22.91524554349365,1.3601245151969097,underdamped
-1.3325,-0.54575,0.7387489424696322,0.8040617068522241,17.85253018148165,1.2516997759655353,underdamped
-1.2999999999999998,-0.54575,0.7387489424696323,0.8040617068522242,14.589962756597773,1.1640541832831213,underdamped
-1.2675,-0.54575,0.7387489424696323,0.8040617068522242,12.312393767361748,1.0903424963830184,underdamped
-1.2349999999999999,-0.54575,0.7387489424696322,0.8040617068522241,10.632313425086458,1.0266277704910363,underdamped
-1.2025,-0.54575,0.7387489424696323,0.8040617068522242,9.34193672619816,0.970436921445015,underdamped
-1.17,-0.54575,0.7387489424696322,0.8040617068522241,8.319837568352735,0.9201148474617924,underdamped
-1.1375,-0.54575,0.7387489424696324,0.8040617068522243,7.490308612829642,0.8744997117031804,underdamped
-1.105,-0.54575,0.7387489424696323,0.8040617068522242,6.803697278410462,0.8327449820068681,underdamped
-1.0724999999999998,-0.54575,0.7387489424696322,0.8040617068522241,6.226087279621202,0.7942152044917239,underdamped
-1.04,-0.54575,0.7387489424696322,0.8040617068522241,5.733524236392685,0.7584216526701517,underdamped
-1.0074999999999998,-0.54575,0.7387489424696321,0.804061706852224,5.3086103820793955,0.724980852084001,underdamped
-0.9749999999999999,-0.54575,0.7387489424696322,0.8040617068522241,4.938407005098803,0.6935868800034395,underdamped
-0.9424999999999999,-0.54575,0.7387489424696322,0.8040617068522241,4.613094001960629,0.6639923044059779,underdamped
-0.9099999999999999,-0.54575,0.7387489424696323,0.8040617068522242,4.325085853294787,0.6359947326660621,underdamped
-0.8775,-0.54575,0.7387489424696322,0.8040617068522241,4.068432493350319,0.6094271142338867,underdamped
-0.845,-0.54575,0.7387489424696323,0.8040617068522242,3.838403469641795,0.5841506231950363,underdamped
-0.8125,-0.54575,0.7387489424696323,0.8040617068522242,3.6311932022426934,0.5600493567167131,underdamped
-0.78,-0.54575,0.7387489424696323,0.8040617068522242,3.4437081620830257,0.5370263399455952,underdamped
-0.7474999999999998,-0.54575,0.7387489424696322,0.8040617068522241,3.2734106444866202,0.5150004903210846,underdamped
-0.7149999999999999,-0.54575,0.7387489424696322,0.8040617068522241,3.1182023923240307,0.4939043004028109,underdamped
-0.6824999999999999,-0.54575,0.7387489424696324,0.8040617068522243,2.9763367660842226,0.4736820691377867,underdamped
-0.6499999999999999,-0.54575,0.7387489424696321,0.804061706852224,2.8463516891432192,0.45428855956342684,underdamped
-0.6174999999999999,-0.54575,0.7387489424696323,0.8040617068522242,2.727017933250573,0.43568799393215346,underdamped
-0.585,-0.54575,0.738748942469632,0.804061706852224,2.617298883483665,0.41785331990236757,underdamped
-0.5525,-0.54575,0.7387489424696321,0.804061706852224,2.5163189991698314,0.40076569670858037,underdamped
-0.5199999999999998,-0.54575,0.7387489424696322,0.8040617068522241,2.4233389341227465,0.384414159876291,underdamped
-0.4874999999999998,-0.54575,0.7387489424696323,0.8040617068522242,2.3377358022828614,0.36879542808585025,underdamped
-0.45499999999999985,-0.54575,0.7387489424696321,0.804061706852224,2.258987442325066,0.3539138166910191,underdamped
-0.4224999999999999,-0.54575,0.7387489424696322,0.8040617068522241,2.1866597921592366,0.33978121930599675,underdamped
-0.3899999999999999,-0.54575,0.7387489424696323,0.8040617068522242,2.120396661612618,0.32641711179455124,underdamped
-0.35749999999999993,-0.54575,0.7387489424696323,0.8040617068522242,2.0599113096970263,0.3138485220495585,underdamped
-0.32499999999999996,-0.54575,0.7387489424696323,0.8040617068522242,2.004979307204712,0.3021098947551121,underdamped
-0.2925,-0.54575,0.7387489424696323,0.8040617068522242,1.9554322094263024,0.2912427645057895,underdamped
-0.26,-0.54575,0.7387489424696322,0.8040617068522241,1.9111515918752653,0.28129513650756915,underdamped
-0.2274999999999998,-0.54575,0.7387489424696323,0.8040617068522242,1.8720630315016695,0.27232046714381564,underdamped
-0.19499999999999984,-0.54575,0.7387489424696322,0.8040617068522241,1.838129668563548,0.2643761448930011,underdamped
-0.16249999999999987,-0.54575,0.7387489424696323,0.8040617068522242,1.8093450840546332,0.25752140478582297,underdamped
-0.1299999999999999,-0.54575,0.7387489424696321,0.804061706852224,1.785725394600429,0.25181467472104907,underdamped
-0.09749999999999992,-0.54575,0.7387489424696323,0.8040617068522242,1.7673007064978143,0.24731045106966631,underdamped
-0.06499999999999995,-0.54575,0.7387489424696324,0.8040617068522243,1.7541063603938818,0.24405592331263729,underdamped
-0.03249999999999997,-0.54575,0.7387489424696322,0.8040617068522241,1.7461746788377912,0.24208768625431357,underdamped
2.220446049250313e-16,-0.54575,0.7387489424696322,0.8040617068522241,1.7435281124195028,0.24142895427593786,underdamped
0.032500000000000195,-0.54575,0.7387489424696323,0.8040617068522242,1.746174678837791,0.2420876862543135,underdamped
0.06500000000000017,-0.54575,0.7387489424696324,0.8040617068522243,1.7541063603938818,0.24405592331263729,underdamped
0.09749999999999992,-0.54575,0.7387489424696323,0.8040617068522242,1.7673007064978143,0.24731045106966631,underdamped
0.13000000000000012,-0.54575,0.7387489424696321,0.804061706852224,1.7857253946004292,0.2518146747210491,underdamped
0.1625000000000003,-0.54575,0.7387489424696322,0.8040617068522241,1.809345084054634,0.25752140478582314,underdamped
0.19500000000000006,-0.54575,0.7387489424696322,0.8040617068522241,1.8381296685635475,0.264376144893001,underdamped
0.22750000000000026,-0.54575,0.7387489424696323,0.8040617068522242,1.8720630315016697,0.2723204671438157,underdamped
0.26,-0.54575,0.7387489424696322,0.8040617068522241,1.9111515918752653,0.28129513650756915,underdamped
0.2925000000000002,-0.54575,0.7387489424696322,0.8040617068522241,1.9554322094263028,0.2912427645057896,underdamped
0.32499999999999996,-0.54575,0.7387489424696323,0.8040617068522242,2.004979307204712,0.3021098947551121,underdamped
0.35750000000000015,-0.54575,0.7387489424696323,0.8040617068522242,2.0599113096970263,0.3138485220495585,underdamped
0.3899999999999999,-0.54575,0.7387489424696323,0.8040617068522242,2.120396661612618,0.32641711179455124,underdamped
0.4225000000000001,-0.54575,0.7387489424696325,0.8040617068522244,2.186659792159237,0.3397812193059968,underdamped
0.4550000000000003,-0.54575,0.7387489424696323,0.8040617068522242,2.258987442325067,0.3539138166910193,underdamped
0.48750000000000004,-0.54575,0.7387489424696322,0.8040617068522241,2.3377358022828645,0.3687954280858508,underdamped
0.5200000000000002,-0.54575,0.7387489424696321,0.804061706852224,2.4233389341227474,0.3844141598762912,underdamped
0.5525,-0.54575,0.7387489424696321,0.804061706852224,2.5163189991698314,0.40076569670858037,underdamped
0.5850000000000002,-0.54575,0.7387489424696322,0.8040617068522241,2.617298883483665,0.41785331990236757,underdamped
0.6174999999999999,-0.54575,0.7387489424696323,0.8040617068522242,2.727017933250573,0.43568799393215346,underdamped
0.6500000000000001,-0.54575,0.7387489424696321,0.804061706852224,2.8463516891432197,0.45428855956342695,underdamped
0.6825000000000003,-0.54575,0.7387489424696323,0.8040617068522242,2.976336766084227,0.4736820691377874,underdamped
0.7150000000000001,-0.54575,0.7387489424696323,0.8040617068522242,3.118202392324032,0.4939043004028111,underdamped
0.7475000000000003,-0.54575,0.7387489424696323,0.8040617068522242,3.2734106444866216,0.5150004903210849,underdamped
0.78,-0.54575,0.7387489424696323,0.8040617068522242,3.4437081620830257,0.5370263399455952,underdamped
0.8125000000000002,-0.54575,0.7387489424696321,0.804061706852224,3.6311932022426956,0.5600493567167133,underdamped
0.845,-0.54575,0.7387489424696323,0.8040617068522242,3.838403469641795,0.5841506231950363,underdamped
0.8775000000000002,-0.54575,0.7387489424696322,0.8040617068522241,4.068432493350321,0.6094271142338868,underdamped
0.9100000000000004,-0.54575,0.7387489424696323,0.8040617068522242,4.325085853294787,0.6359947326660621,underdamped
0.9425000000000001,-0.54575,0.7387489424696322,0.8040617068522241,4.6130940019606275,0.6639923044059777,underdamped
0.9750000000000003,-0.54575,0.7387489424696324,0.8040617068522243,4.938407005098803,0.6935868800034395,underdamped
1.0075,-0.54575,0.7387489424696321,0.804061706852224,5.308610382079399,0.7249808520840013,underdamped
1.0400000000000003,-0.54575,0.7387489424696323,0.8040617068522242,5.733524236392685,0.7584216526701517,underdamped
1.0725,-0.54575,0.7387489424696322,0.8040617068522241,6.226087279621206,0.7942152044917241,underdamped
1.1050000000000002,-0.54575,0.7387489424696323,0.8040617068522242,6.80369727841046,0.8327449820068679,underdamped
1.1375,-0.54575,0.7387489424696324,0.8040617068522243,7.490308612829642,0.8744997117031804,underdamped
1.1700000000000002,-0.54575,0.7387489424696322,0.8040617068522241,8.319837568352742,0.9201148474617927,underdamped
1.2025000000000003,-0.54575,0.7387489424696322,0.8040617068522241,9.341936726198176,0.9704369214450157,underdamped
1.235,-0.54575,0.7387489424696323,0.8040617068522242,10.632313425086476,1.0266277704910372,underdamped
1.2675000000000003,-0.54575,0.7387489424696321,0.804061706852224,12.312393767361765,1.090342496383019,underdamped
1.3,-0.54575,0.7387489424696322,0.8040617068522241,14.589962756597803,1.1640541832831222,underdamped
1.3325000000000002,-0.54575,0.7387489424696322,0.8040617068522241,17.8525301814817,1.2516997759655364,underdamped
1.365,-0.54575,0.7387489424696321,0.804061706852224,22.91524554349365,1.3601245151969097,underdamped
1.3975000000000002,-0.54575,0.7387489424696321,0.804061706852224,31.835537979757497,1.5029121932815608,underdamped
1.43,-0.54575,0.7387489424696322,0.8040617068522241,51.73619052133615,1.7137944472550612,underdamped
1.4625000000000001,-0.54575,0.7387489424696322,0.8040617068522241,135.34683692111335,2.1314481106882903,underdamped
1.4950000000000003,-0.54575,0.8615449472795721,0.8961587104596791,228.12337124798705,2.3581697810420326,overdamped
1.5275,-0.54575,0.9575645053911087,0.9775645053911087,247.1837341805627,2.3930198887952288,overdamped
-1.4949999999999999,-0.5296666666666667,0.9180566865688156,0.9385425149266117,268.0188508908977,2.428165340857079,overdamped
-1.4625,-0.5296666666666667,0.8023829447818183,0.8517872085863637,218.33480486614457,2.3391229723397218,overdamped
-1.43,-0.5296666666666667,0.7277820186475253,0.795836513985644,86.17075305279283,1.9353598882948069,underdamped
-1.3975,-0.5296666666666667,0.7277820186475252,0.7958365139856439,42.09345788392889,1.6242146035390748,underdamped
-1.365,-0.5296666666666667,0.7277820186475252,0.7958365139856439,27.741192118033496,1.4431251200090538,underdamped
-1.3325,-0.5296666666666667,0.7277820186475252,0.7958365139856439,20.627140650687473,1.3144390299269144,underdamped
-1.2999999999999998,-0.5296666666666667,0.7277820186475252,0.7958365139856439,16.378392016767457,1.2142712617391627,underdamped
-1.2675,-0.5296666666666667,0.7277820186475256,0.7958365139856441,13.554100617360202,1.1320707052528134,underdamped
-1.2349999999999999,-0.5296666666666667,0.7277820186475251,0.7958365139856438,11.540826266781302,1.0622369032961152,underdamped
-1.2025,-0.5296666666666667,0.7277820186475255,0.795836513985644,10.033176227089605,1.001438440451365,underdamped
-1.17,-0.5296666666666667,0.7277820186475251,0.7958365139856438,8.862012522788795,0.9475323593916244,underdamped
-1.1375,-0.5296666666666667,0.7277820186475251,0.7958365139856438,7.926090221384584,0.8990590115291409,underdamped
-1.105,-0.5296666666666667,0.7277820186475251,0.7958365139856438,7.161100795602729,0.8549797866528223,underdamped
-1.0724999999999998,-0.5296666666666667,0.7277820186475252,0.7958365139856439,6.524238305282142,0.8145298157616915,underdamped
-1.04,-0.5296666666666667,0.7277820186475251,0.7958365139856438,5.985907822342744,0.7771300248068572,underdamped
-1.0074999999999998,-0.5296666666666667,0.7277820186475252,0.7958365139856439,5.524996203773394,0.7423319839533776,underdamped
-0.9749999999999999,-0.5296666666666667,0.7277820186475252,0.7958365139856439,5.126038978960847,0.7097819042835048,underdamped
-0.9424999999999999,-0.5296666666666667,0.7277820186475252,0.7958365139856439,4.777452028762096,0.6791963349215019,underdamped
-0.9099999999999999,-0.5296666666666667,0.7277820186475251,0.7958365139856438,4.470388738350404,0.6503452903757403,underdamped
-0.8775,-0.5296666666666667,0.7277820186475252,0.7958365139856439,4.197978933674464,0.6230402548724202,underdamped
-0.845,-0.5296666666666667,0.7277820186475251,0.7958365139856438,3.95480870579538,0.5971254815058326,underdamped
-0.8125,-0.5296666666666667,0.7277820186475253,0.795836513985644,3.7365566849577347,0.5724715750513389,underdamped
-0.78,-0.5296666666666667,0.7277820186475253,0.795836513985644,3.5397345482966944,0.548970694643713,underdamped
-0.7474999999999998,-0.5296666666666667,0.7277820186475252,0.7958365139856439,3.3614985649104487,0.5265329301819648,underdamped
-0.7149999999999999,-0.5296666666666667,0.7277820186475251,0.7958365139856438,3.19951054821102,0.5050835462982929,underdamped
-0.6824999999999999,-0.5296666666666667,0.7277820186475255,0.795836513985644,3.0518338079656524,0.4845608797911489,underdamped
-0.6499999999999999,-0.5296666666666667,0.7277820186475253,0.795836513985644,2.9168543128438924,0.46491473810080486,underdamped
-0.6174999999999999,-0.5296666666666667,0.7277820186475252,0.7958365139856439,2.793220291079485,0.44610518827082773,underdamped
-0.585,-0.5296666666666667,0.7277820186475252,0.7958365139856439,2.6797955053910805,0.4281016543762829,underdamped
-0.5525,-0.5296666666666667,0.7277820186475255,0.795836513985644,2.5756227982875375,0.4108822606220799,underdamped
-0.5199999999999998,-0.5296666666666667,0.7277820186475252,0.7958365139856439,2.47989543810172,0.39443336969203463,underdamped
-0.4874999999999998,-0.5296666666666667,0.7277820186475252,0.7958365139856439,2.391934445195522,0.37874927294180055,underdamped
-0.45499999999999985,-0.5296666666666667,0.7277820186475251,0.7958365139856438,2.3111705320711486,0.36383199152198337,underdamped
-0.4224999999999999,-0.5296666666666667,0.7277820186475252,0.7958365139856439,2.237129609553662,0.34969114595776707,underdamped
-0.3899999999999999,-0.5296666666666667,0.7277820186475251,0.7958365139856438,2.169421032999537,0.33634384641880793,underdamped
-0.35749999999999993,-0.5296666666666667,0.7277820186475252,0.7958365139856439,2.1077279145979992,0.32381454733021214,underdamped
-0.32499999999999996,-0.5296666666666667,0.7277820186475252,0.7958365139856439,2.0517989300496704,0.31213479900874314,underdamped
-0.2925,-0.5296666666666667,0.7277820186475252,0.7958365139856439,2.0014411165643544,0.3013428174601824,underdamped
-0.26,-0.5296666666666667,0.7277820186475251,0.7958365139856438,1.9565132099560916,0.2914827845094662,underdamped
-0.2274999999999998,-0.5296666666666667,0.7277820186475252,0.7958365139856439,1.9169191187327197,0.28260378891921706,underdamped
-0.19499999999999984,-0.5296666666666667,0.7277820186475252,0.7958365139856439,1.8826012014772315,0.2747583315190995,underdamped
-0.16249999999999987,-0.5296666666666667,0.7277820186475252,0.7958365139856439,1.8535331195357228,0.2680003505506923,underdamped
-0.1299999999999999,-0.5296666666666667,0.7277820186475252,0.7958365139856439,1.8297121939732834,0.26238278240849033,underdamped
-0.09749999999999992,-0.5296666666666667,0.7277820186475253,0.795836513985644,1.8111514043774954,0.25795475696078835,underdamped
-0.06499999999999995,-0.5296666666666667,0.7277820186475251,0.7958365139856438,1.7978714053734,0.25475862514249464,underdamped
-0.03249999999999997,-0.5296666666666667,0.7277820186475251,0.7958365139856438,1.7898931562275906,0.25282710749068726,underdamped
2.220446049250313e-16,-0.5296666666666667,0.7277820186475252,0.7958365139856439,1.7872318927343966,0.2521809057239611,underdamped
0.032500000000000195,-0.5296666666666667,0.7277820186475251,0.7958365139856438,1.7898931562275908,0.2528271074906873,underdamped
0.06500000000000017,-0.5296666666666667,0.7277820186475251,0.7958365139856438,1.7978714053734,0.25475862514249464,underdamped
0.09749999999999992,-0.5296666666666667,0.7277820186475253,0.795836513985644,1.8111514043774954,0.25795475696078835,underdamped
0.13000000000000012,-0.5296666666666667,0.7277820186475253,0.795836513985644,1.829712193973283,0.2623827824084902,underdamped
0.1625000000000003,-0.5296666666666667,0.7277820186475252,0.7958365139856439,1.8535331195357225,0.26800035055069227,underdamped
0.19500000000000006,-0.5296666666666667,0.7277820186475252,0.7958365139856439,1.8826012014772326,0.27475833151909973,underdamped
0.22750000000000026,-0.5296666666666667,0.7277820186475251,0.7958365139856438,1.9169191187327212,0.2826037889192174,underdamped
0.26,-0.5296666666666667,0.7277820186475251,0.7958365139856438,1.9565132099560916,0.2914827845094662,underdamped
0.2925000000000002,-0.5296666666666667,0.7277820186475252,0.7958365139856439,2.001441116564354,0.30134281746018227,underdamped
0.32499999999999996,-0.5296666666666667,0.7277820186475252,0.7958365139856439,2.0517989300496704,0.31213479900874314,underdamped
0.35750000000000015,-0.5296666666666667,0.7277820186475251,0.7958365139856438,2.1077279145979997,0.3238145473302122,underdamped
0.3899999999999999,-0.5296666666666667,0.7277820186475251,0.7958365139856438,2.169421032999537,0.33634384641880793,underdamped
0.4225000000000001,-0.5296666666666667,0.7277820186475252,0.7958365139856439,2.2371296095536635,0.34969114595776735,underdamped
0.4550000000000003,-0.5296666666666667,0.7277820186475252,0.7958365139856439,2.311170532071148,0.3638319915219833,underdamped
0.48750000000000004,-0.5296666666666667,0.7277820186475253,0.795836513985644,2.3919344451955213,0.3787492729418005,underdamped
0.5200000000000002,-0.5296666666666667,0.7277820186475251,0.7958365139856438,2.4798954381017224,0.394433369692035,underdamped
0.5525,-0.5296666666666667,0.7277820186475255,0.795836513985644,2.5756227982875375,0.4108822606220799,underdamped
0.5850000000000002,-0.5296666666666667,0.7277820186475255,0.795836513985644,2.6797955053910814,0.428101654376283,underdamped
0.6174999999999999,-0.5296666666666667,0.7277820186475252,0.7958365139856439,2.793220291079485,0.44610518827082773,underdamped
0.6500000000000001,-0.5296666666666667,0.7277820186475251,0.7958365139856438,2.916854312843895,0.46491473810080525,underdamped
0.6825000000000003,-0.5296666666666667,0.7277820186475255,0.795836513985644,3.0518338079656533,0.4845608797911491,underdamped
0.7150000000000001,-0.5296666666666667,0.7277820186475252,0.7958365139856439,3.1995105482110224,0.5050835462982931,underdamped
0.7475000000000003,-0.5296666666666667,0.7277820186475252,0.7958365139856439,3.361498564910453,0.5265329301819653,underdamped
0.78,-0.5296666666666667,0.7277820186475253,0.795836513985644,3.5397345482966944,0.548970694643713,underdamped
0.8125000000000002,-0.5296666666666667,0.727782018647525,0.7958365139856438,3.7365566849577365,0.5724715750513392,underdamped
0.845,-0.5296666666666667,0.7277820186475251,0.7958365139856438,3.95480870579538,0.5971254815058326,underdamped
0.8775000000000002,-0.5296666666666667,0.7277820186475252,0.7958365139856439,4.197978933674468,0.6230402548724207,underdamped
0.9100000000000004,-0.5296666666666667,0.7277820186475251,0.7958365139856438,4.4703887383504055,0.6503452903757404,underdamped
0.9425000000000001,-0.5296666666666667,0.7277820186475252,0.7958365139856439,4.777452028762097,0.6791963349215019,underdamped
0.9750000000000003,-0.5296666666666667,0.7277820186475252,0.7958365139856439,5.126038978960854,0.7097819042835054,underdamped
1.0075,-0.5296666666666667,0.7277820186475251,0.7958365139856438,5.524996203773396,0.7423319839533777,underdamped
1.0400000000000003,-0.5296666666666667,0.7277820186475251,0.7958365139856438,5.985907822342744,0.7771300248068572,underdamped
1.0725,-0.5296666666666667,0.7277820186475252,0.7958365139856439,6.524238305282145,0.8145298157616916,underdamped
1.1050000000000002,-0.5296666666666667,0.7277820186475251,0.7958365139856438,7.161100795602732,0.8549797866528225,underdamped
1.1375,-0.5296666666666667,0.7277820186475251,0.7958365139856438,7.926090221384584,0.8990590115291409,underdamped
1.1700000000000002,-0.5296666666666667,0.7277820186475251,0.7958365139856438,8.862012522788804,0.9475323593916248,underdamped
1.2025000000000003,-0.5296666666666667,0.7277820186475252,0.7958365139856439,10.033176227089625,1.0014384404513659,underdamped
1.235,-0.5296666666666667,0.7277820186475252,0.7958365139856439,11.540826266781322,1.062236903296116,underdamped
1.2675000000000003,-0.5296666666666667,0.727782018647525,0.7958365139856438,13.554100617360257,1.1320707052528152,underdamped
1.3,-0.5296666666666667,0.7277820186475251,0.7958365139856438,16.378392016767485,1.2142712617391636,underdamped
1.3325000000000002,-0.5296666666666667,0.7277820186475253,0.795836513985644,20.627140650687473,1.3144390299269144,underdamped
1.365,-0.5296666666666667,0.7277820186475252,0.7958365139856439,27.741192118033496,1.4431251200090538,underdamped
1.3975000000000002,-0.5296666666666667,0.7277820186475251,0.7958365139856438,42.09345788392903,1.624214603539076,underdamped
1.43,-0.5296666666666667,0.7277820186475253,0.795836513985644,86.17075305279283,1.9353598882948069,underdamped
1.4625000000000001,-0.5296666666666667,0.8023829447818192,0.8517872085863644,218.3348048661436,2.3391229723397196,overdamped
1.4950000000000003,-0.5296666666666667,0.9180566865688168,0.9385425149266126,268.0188508909045,2.42816534085709,overdamped
-1.4949999999999999,-0.5135833333333334,0.960039212068424,0.980039212068424,215.49271495895587,2.333432592795569,overdamped
-1.4625,-0.5135833333333334,0.876657115254607,0.9074928364409552,197.01417080644305,2.2944974651550147,overdamped
-1.43,-0.5135833333333334,0.716647286559667,0.7874854649197502,276.84822512478485,2.4422417435930024,underdamped
-1.3975,-0.5135833333333334,0.7166472865596668,0.7874854649197501,63.1277172822931,1.8002200853890078,underdamped
-1.365,-0.5135833333333334,0.7166472865596667,0.78748546491975,35.45795593681624,1.5497136959871647,underdamped
-1.3325,-0.5135833333333334,0.7166472865596669,0.7874854649197502,24.570697382768778,1.3904174831056442,underdamped
-1.2999999999999998,-0.5135833333333334,0.7166472865596669,0.7874854649197502,18.750318192157792,1.2730086420864457,underdamped
-1.2675,-0.5135833333333334,0.7166472865596669,0.7874854649197502,15.12745295838017,1.1797658110873492,underdamped
-1.2349999999999999,-0.5135833333333334,0.7166472865596668,0.7874854649197501,12.655301579029409,1.1022724989646597,underdamped
-1.2025,-0.5135833333333334,0.716647286559667,0.7874854649197502,10.860859548925706,1.0358641974980622,underdamped
-1.17,-0.5135833333333334,0.716647286559667,0.7874854649197502,9.4991518735599,0.9776848312808722,underdamped
-1.1375,-0.5135833333333334,0.7166472865596669,0.7874854649197502,8.430603353436707,0.9258586569131775,underdamped
-1.105,-0.5135833333333334,0.7166472865596669,0.7874854649197502,7.569861477355349,0.8790879323176918,underdamped
-1.0724999999999998,-0.5135833333333334,0.716647286559667,0.7874854649197502,6.861799227672898,0.8364380066975089,underdamped
-1.04,-0.5135833333333334,0.7166472865596669,0.7874854649197502,6.269226345390925,0.7972139499760988,underdamped
-1.0074999999999998,-0.5135833333333334,0.716647286559667,0.7874854649197502,5.766145532319837,0.7608855993920837,underdamped
-0.9749999999999999,-0.5135833333333334,0.7166472865596668,0.7874854649197501,5.333838811078479,0.7270398871474636,underdamped
-0.9424999999999999,-0.5135833333333334,0.716647286559667,0.7874854649197502,4.958488995329555,0.6953493537148453,underdamped
-0.9099999999999999,-0.5135833333333334,0.716647286559667,0.7874854649197502,4.629676930503919,0.6655506860082796,underdamped
-0.8775,-0.5135833333333334,0.7166472865596671,0.7874854649197504,4.339400109343255,0.6374296955933222,underdamped
-0.845,-0.5135833333333334,0.7166472865596669,0.7874854649197502,4.081413217409076,0.6108105665830682,underdamped
-0.8125,-0.5135833333333334,0.716647286559667,0.7874854649197502,3.8507738482734104,0.5855480137328463,underdamped
-0.78,-0.5135833333333334,0.7166472865596669,0.7874854649197502,3.6435226500110596,0.5615214736671087,underdamped
-0.7474999999999998,-0.5135833333333334,0.7166472865596669,0.7874854649197502,3.4564537383651017,0.5386307486024501,underdamped
-0.7149999999999999,-0.5135833333333334,0.7166472865596669,0.7874854649197502,3.2869470595765846,0.5167927092781825,underdamped
-0.6824999999999999,-0.5135833333333334,0.716647286559667,0.7874854649197502,3.1328441111535663,0.49593878513061357,underdamped
-0.6499999999999999,-0.5135833333333334,0.7166472865596671,0.7874854649197504,2.992354551255157,0.47601304993143173,underdamped
-0.6174999999999999,-0.5135833333333334,0.7166472865596669,0.7874854649197502,2.86398517066809,0.45697076492293653,underdamped
-0.585,-0.5135833333333334,0.7166472865596669,0.7874854649197502,2.7464852936037634,0.4387772778799213,underdamped
-0.5525,-0.5135833333333334,0.716647286559667,0.7874854649197502,2.6388044088863896,0.4214072010236307,underdamped
-0.5199999999999998,-0.5135833333333334,0.7166472865596669,0.7874854649197502,2.540059013329284,0.40484380672448245,underdamped
-0.4874999999999998,-0.5135833333333334,0.7166472865596669,0.7874854649197502,2.449506462401629,0.3890785895697183,underdamped
-0.45499999999999985,-0.5135833333333334,0.716647286559667,0.7874854649197502,2.366524189281426,0.37411094794103156,underdamped
-0.4224999999999999,-0.5135833333333334,0.7166472865596667,0.78748546491975,2.2905930494980575,0.35994793857564517,underdamped
-0.3899999999999999,-0.5135833333333334,0.7166472865596669,0.7874854649197502,2.2212838257640954,0.3466040543106409,underdamped
-0.35749999999999993,-0.5135833333333334,0.716647286559667,0.7874854649197502,2.158246121150617,0.3341009690599024,underdamped
-0.32499999999999996,-0.5135833333333334,0.7166472865596669,0.7874854649197502,2.10119900353142,0.32246718617213876,underdamped
-0.2925,-0.5135833333333334,0.716647286559667,0.7874854649197502,2.0499228599031794,0.31173751854418447,underdamped
-0.26,-0.5135833333333334,0.7166472865596668,0.7874854649197501,2.0042519932045932,0.3019523241702993,underdamped
-0.2274999999999998,-0.5135833333333334,0.7166472865596671,0.7874854649197504,1.964067563653819,0.2931564233782912,underdamped
-0.19499999999999984,-0.5135833333333334,0.716647286559667,0.7874854649197502,1.929290558461248,0.2853976389625589,underdamped
-0.16249999999999987,-0.5135833333333334,0.7166472865596668,0.7874854649197501,1.8998745834587387,0.27872493278990274,underdamped
-0.1299999999999999,-0.5135833333333334,0.7166472865596669,0.7874854649197502,1.8757984173200144,0.273186165093432,underdamped
-0.09749999999999992,-0.5135833333333334,0.7166472865596669,0.7874854649197502,1.8570584513222694,0.2688255734690302,underdamped
-0.06499999999999995,-0.5135833333333334,0.716647286559667,0.7874854649197502,1.8436613349892983,0.26568114781671964,underdamped
-0.03249999999999997,-0.5135833333333334,0.7166472865596669,0.7874854649197502,1.8356173213668967,0.26378214715869147,underdamped
2.220446049250313e-16,-0.5135833333333334,0.7166472865596669,0.7874854649197502,1.8329349044968035,0.2631470415471401,underdamped
0.032500000000000195,-0.5135833333333334,0.7166472865596669,0.7874854649197502,1.8356173213668967,0.26378214715869147,underdamped
0.06500000000000017,-0.5135833333333334,0.716647286559667,0.7874854649197502,1.8436613349892983,0.26568114781671964,underdamped
0.09749999999999992,-0.5135833333333334,0.7166472865596669,0.7874854649197502,1.8570584513222694,0.2688255734690302,underdamped
0.13000000000000012,-0.5135833333333334,0.716647286559667,0.7874854649197502,1.8757984173200148,0.2731861650934321,underdamped
0.1625000000000003,-0.5135833333333334,0.7166472865596668,0.7874854649197501,1.8998745834587376,0.27872493278990246,underdamped
0.19500000000000006,-0.5135833333333334,0.7166472865596669,0.7874854649197502,1.9292905584612483,0.28539763896255893,underdamped
0.22750000000000026,-0.5135833333333334,0.7166472865596671,0.7874854649197504,1.964067563653819,0.2931564233782912,underdamped
0.26,-0.5135833333333334,0.7166472865596668,0.7874854649197501,2.0042519932045932,0.3019523241702993,underdamped
0.2925000000000002,-0.5135833333333334,0.716647286559667,0.7874854649197502,2.04992285990318,0.3117375185441846,underdamped
0.32499999999999996,-0.5135833333333334,0.7166472865596669,0.7874854649197502,2.10119900353142,0.32246718617213876,underdamped
0.35750000000000015,-0.5135833333333334,0.716647286559667,0.7874854649197502,2.158246121150617,0.3341009690599024,underdamped
0.3899999999999999,-0.5135833333333334,0.7166472865596669,0.7874854649197502,2.2212838257640954,0.3466040543106409,underdamped
0.4225000000000001,-0.5135833333333334,0.7166472865596669,0.7874854649197502,2.290593049498059,0.3599479385756454,underdamped
0.4550000000000003,-0.5135833333333334,0.7166472865596669,0.7874854649197502,2.366524189281428,0.3741109479410319,underdamped
0.48750000000000004,-0.5135833333333334,0.7166472865596669,0.7874854649197502,2.44950646240163,0.3890785895697184,underdamped
0.5200000000000002,-0.5135833333333334,0.716647286559667,0.7874854649197502,2.5400590133292846,0.4048438067244825,underdamped
0.5525,-0.5135833333333334,0.716647286559667,0.7874854649197502,2.6388044088863896,0.4214072010236307,underdamped
0.5850000000000002,-0.5135833333333334,0.7166472865596669,0.7874854649197502,2.7464852936037634,0.4387772778799213,underdamped
0.6174999999999999,-0.5135833333333334,0.7166472865596669,0.7874854649197502,2.86398517066809,0.45697076492293653,underdamped
0.6500000000000001,-0.5135833333333334,0.7166472865596669,0.7874854649197502,2.9923545512551573,0.4760130499314318,underdamped
0.6825000000000003,-0.5135833333333334,0.7166472865596669,0.7874854649197502,3.13284411115357,0.49593878513061407,underdamped
0.7150000000000001,-0.5135833333333334,0.7166472865596669,0.7874854649197502,3.286947059576586,0.5167927092781827,underdamped
0.7475000000000003,-0.5135833333333334,0.716647286559667,0.7874854649197502,3.456453738365103,0.5386307486024503,underdamped
0.78,-0.5135833333333334,0.7166472865596669,0.7874854649197502,3.6435226500110596,0.5615214736671087,underdamped
0.8125000000000002,-0.5135833333333334,0.716647286559667,0.7874854649197502,3.8507738482734117,0.5855480137328465,underdamped
0.845,-0.5135833333333334,0.7166472865596669,0.7874854649197502,4.081413217409076,0.6108105665830682,underdamped
0.8775000000000002,-0.5135833333333334,0.7166472865596669,0.7874854649197502,4.339400109343262,0.6374296955933229,underdamped
0.9100000000000004,-0.5135833333333334,0.7166472865596669,0.7874854649197502,4.629676930503923,0.6655506860082799,underdamped
0.9425000000000001,-0.5135833333333334,0.716647286559667,0.7874854649197502,4.958488995329557,0.6953493537148454,underdamped
0.9750000000000003,-0.5135833333333334,0.716647286559667,0.7874854649197502,5.3338388110784845,0.727039887147464,underdamped
1.0075,-0.5135833333333334,0.716647286559667,0.7874854649197502,5.766145532319838,0.7608855993920837,underdamped
1.0400000000000003,-0.5135833333333334,0.7166472865596669,0.7874854649197502,6.269226345390934,0.7972139499760995,underdamped
1.0725,-0.5135833333333334,0.7166472865596668,0.7874854649197501,6.861799227672907,0.8364380066975095,underdamped
1.1050000000000002,-0.5135833333333334,0.7166472865596669,0.7874854649197502,7.569861477355351,0.8790879323176918,underdamped
1.1375,-0.5135833333333334,0.7166472865596669,0.7874854649197502,8.430603353436707,0.9258586569131775,underdamped
1.1700000000000002,-0.5135833333333334,0.716647286559667,0.7874854649197502,9.499151873559914,0.9776848312808729,underdamped
1.2025000000000003,-0.5135833333333334,0.7166472865596669,0.7874854649197502,10.86085954892572,1.0358641974980627,underdamped
1.235,-0.5135833333333334,0.7166472865596669,0.7874854649197502,12.655301579029443,1.102272498964661,underdamped
1.2675000000000003,-0.5135833333333334,0.7166472865596669,0.7874854649197502,15.127452958380193,1.17976581108735,underdamped
1.3,-0.5135833333333334,0.7166472865596669,0.7874854649197502,18.75031819215779,1.2730086420864457,underdamped
1.3325000000000002,-0.5135833333333334,0.7166472865596668,0.7874854649197501,24.570697382768873,1.3904174831056457,underdamped
1.365,-0.5135833333333334,0.7166472865596667,0.78748546491975,35.45795593681624,1.5497136959871647,underdamped
1.3975000000000002,-0.5135833333333334,0.7166472865596671,0.7874854649197504,63.127717282293446,1.8002200853890102,underdamped
1.43,-0.5135833333333334,0.716647286559667,0.7874854649197502,276.84822512478485,2.4422417435930024,underdamped
1.4625000000000001,-0.5135833333333334,0.8766571152546074,0.9074928364409556,197.01417080644032,2.294497465155009,overdamped
1.4950000000000003,-0.5135833333333334,0.9600392120684251,0.9800392120684251,215.49271495895232,2.3334325927955617,overdamped
-1.4949999999999999,-0.49750000000000005,0.9949999999999998,0.999,936.1283015026154,2.9713353752509497,overdamped
-1.4625,-0.49750000000000005,0.9241918630054138,0.9441918630054138,231.97043070254517,2.365432628851437,overdamped
-1.43,-0.49750000000000005,0.8321537451385993,0.8741153088539495,166.23585390119,2.2207246985823925,overdamped
-1.3975,-0.49750000000000005,0.7053367989832943,0.7790025992374707,130.78845943888263,2.116569424239546,underdamped
-1.365,-0.49750000000000005,0.7053367989832943,0.7790025992374707,49.78431445222369,1.6970925311154603,underdamped
-1.3325,-0.49750000000000005,0.7053367989832943,0.7790025992374707,30.62279546327567,1.4860448336143524,underdamped
-1.2999999999999998,-0.49750000000000005,0.7053367989832943,0.7790025992374707,22.0487326436872,1.3433836313697731,underdamped
-1.2675,-0.49750000000000005,0.7053367989832942,0.7790025992374706,17.186763416649317,1.235194098756039,underdamped
-1.2349999999999999,-0.49750000000000005,0.7053367989832943,0.7790025992374707,14.055302818238577,1.1478402068181177,underdamped
-1.2025,-0.49750000000000005,0.7053367989832942,0.7790025992374706,11.87016134920302,1.0744566222900827,underdamped
-1.17,-0.49750000000000005,0.7053367989832942,0.7790025992374706,10.258820496940901,1.0110974308423888,underdamped
-1.1375,-0.49750000000000005,0.7053367989832943,0.7790025992374707,9.021636329550528,0.9552853163049472,underdamped
-1.105,-0.49750000000000005,0.7053367989832942,0.7790025992374706,8.041985513388985,0.9053632864414892,underdamped
-1.0724999999999998,-0.49750000000000005,0.7053367989832942,0.7790025992374706,7.247177876107072,0.8601689208551527,underdamped
-1.04,-0.49750000000000005,0.7053367989832943,0.7790025992374707,6.589552439154095,0.8188559184170092,underdamped
-1.0074999999999998,-0.49750000000000005,0.7053367989832943,0.7790025992374707,6.036561382720089,0.7807896211102819,underdamped
-0.9749999999999999,-0.49750000000000005,0.7053367989832942,0.7790025992374706,5.5652224994826645,0.7454825322584837,underdamped
-0.9424999999999999,-0.49750000000000005,0.7053367989832944,0.7790025992374707,5.158848489085747,0.7125527732076272,underdamped
-0.9099999999999999,-0.49750000000000005,0.7053367989832942,0.7790025992374706,4.805032735319853,0.6816963507392879,underdamped
-0.8775,-0.49750000000000005,0.7053367989832943,0.7790025992374707,4.494362366241509,0.6526680852870874,underdamped
-0.845,-0.49750000000000005,0.7053367989832943,0.7790025992374707,4.219569676031961,0.625268162607626,underdamped
-0.8125,-0.49750000000000005,0.7053367989832942,0.7790025992374706,3.974957125190477,0.5993324486167383,underdamped
-0.78,-0.49750000000000005,0.7053367989832943,0.7790025992374707,3.7559983286736,0.5747253903438085,underdamped
-0.7474999999999998,-0.49750000000000005,0.705336798983294,0.7790025992374705,3.559055306444213,0.5513347368369195,underdamped
-0.7149999999999999,-0.49750000000000005,0.7053367989832943,0.7790025992374707,3.381174372931188,0.5290675686507239,underdamped
-0.6824999999999999,-0.49750000000000005,0.7053367989832943,0.7790025992374707,3.21993634953653,0.5078472868143799,underdamped
-0.6499999999999999,-0.49750000000000005,0.7053367989832943,0.7790025992374707,3.073345020592363,0.48761131786404965,underdamped
-0.6174999999999999,-0.49750000000000005,0.7053367989832944,0.7790025992374707,2.939742977525885,0.4683093615952444,underdamped
-0.585,-0.49750000000000005,0.7053367989832943,0.7790025992374707,2.8177473834882596,0.44990205517688814,underdamped
-0.5525,-0.49750000000000005,0.7053367989832944,0.7790025992374707,2.7062004306358745,0.43235995881578854,underdamped
-0.5199999999999998,-0.49750000000000005,0.7053367989832944,0.7790025992374707,2.6041307691717743,0.4156627889989721,underdamped
-0.4874999999999998,-0.49750000000000005,0.7053367989832943,0.7790025992374707,2.510723216166053,0.3997988384328355,underdamped
-0.45499999999999985,-0.49750000000000005,0.7053367989832943,0.7790025992374707,2.4252947632163817,0.38476452902438635,underdamped
-0.4224999999999999,-0.49750000000000005,0.7053367989832943,0.7790025992374707,2.3472753977689096,0.37056404686946764,underdamped
-0.3899999999999999,-0.49750000000000005,0.7053367989832943,0.7790025992374707,2.276192600537069,0.3572090072008569,underdamped
-0.35749999999999993,-0.49750000000000005,0.7053367989832942,0.7790025992374706,2.211658626128476,0.34471809359561545,underdamped
-0.32499999999999996,-0.49750000000000005,0.7053367989832943,0.7790025992374707,2.153359847492128,0.33311661074382654,underdamped
-0.2925,-0.49750000000000005,0.7053367989832944,0.7790025992374707,2.1010475710357266,0.3224358856303348,underdamped
-0.26,-0.49750000000000005,0.7053367989832943,0.7790025992374707,2.05452982789611,0.3127124507800037,underdamped
-0.2274999999999998,-0.49750000000000005,0.7053367989832943,0.7790025992374707,2.0136637353781883,0.3039869488081796,underdamped
-0.19499999999999984,-0.49750000000000005,0.7053367989832944,0.7790025992374707,1.9783481168777295,0.29630271392280877,underdamped
-0.16249999999999987,-0.49750000000000005,0.7053367989832943,0.7790025992374707,1.948516181618701,0.28970401677922464,underdamped
-0.1299999999999999,-0.49750000000000005,0.7053367989832943,0.7790025992374707,1.924128204153926,0.28423400559246403,underdamped
-0.09749999999999992,-0.49750000000000005,0.7053367989832942,0.7790025992374706,1.905164304317218,0.27993243585483313,underdamped
-0.06499999999999995,-0.49750000000000005,0.7053367989832944,0.7790025992374707,1.891617593767345,0.2768333446966029,underdamped
-0.03249999999999997,-0.49750000000000005,0.7053367989832942,0.7790025992374706,1.8834880942945365,0.2749628793316794,underdamped
2.220446049250313e-16,-0.49750000000000005,0.7053367989832943,0.7790025992374707,1.8807779075607531,0.274337514734063,underdamped
0.032500000000000195,-0.49750000000000005,0.7053367989832943,0.7790025992374707,1.8834880942945365,0.2749628793316794,underdamped
0.06500000000000017,-0.49750000000000005,0.7053367989832943,0.7790025992374707,1.891617593767345,0.2768333446966029,underdamped
0.09749999999999992,-0.49750000000000005,0.7053367989832942,0.7790025992374706,1.905164304317218,0.27993243585483313,underdamped
0.13000000000000012,-0.49750000000000005,0.7053367989832944,0.7790025992374707,1.9241282041539263,0.2842340055924641,underdamped
0.1625000000000003,-0.49750000000000005,0.7053367989832943,0.7790025992374707,1.9485161816187024,0.2897040167792249,underdamped
0.19500000000000006,-0.49750000000000005,0.7053367989832944,0.7790025992374707,1.9783481168777295,0.29630271392280877,underdamped
0.22750000000000026,-0.49750000000000005,0.7053367989832943,0.7790025992374707,2.0136637353781888,0.3039869488081797,underdamped
0.26,-0.49750000000000005,0.7053367989832943,0.7790025992374707,2.05452982789611,0.3127124507800037,underdamped
0.2925000000000002,-0.49750000000000005,0.7053367989832943,0.7790025992374707,2.1010475710357266,0.3224358856303348,underdamped
0.32499999999999996,-0.49750000000000005,0.7053367989832943,0.7790025992374707,2.153359847492128,0.33311661074382654,underdamped
0.35750000000000015,-0.49750000000000005,0.7053367989832943,0.7790025992374707,2.211658626128476,0.34471809359561545,underdamped
0.3899999999999999,-0.49750000000000005,0.7053367989832943,0.7790025992374707,2.276192600537069,0.3572090072008569,underdamped
0.4225000000000001,-0.49750000000000005,0.7053367989832943,0.7790025992374707,2.3472753977689096,0.37056404686946764,underdamped
0.4550000000000003,-0.49750000000000005,0.7053367989832943,0.7790025992374707,2.4252947632163826,0.3847645290243865,underdamped
0.48750000000000004,-0.49750000000000005,0.7053367989832944,0.7790025992374707,2.5107232161660527,0.3997988384328354,underdamped
0.5200000000000002,-0.49750000000000005,0.7053367989832943,0.7790025992374707,2.604130769171776,0.4156627889989724,underdamped
0.5525,-0.49750000000000005,0.7053367989832944,0.7790025992374707,2.7062004306358745,0.43235995881578854,underdamped
0.5850000000000002,-0.49750000000000005,0.7053367989832944,0.7790025992374707,2.81774738348826,0.4499020551768882,underdamped
0.6174999999999999,-0.49750000000000005,0.7053367989832944,0.7790025992374707,2.939742977525885,0.4683093615952444,underdamped
0.6500000000000001,-0.49750000000000005,0.7053367989832944,0.7790025992374707,3.0733450205923645,0.4876113178640498,underdamped
0.6825000000000003,-0.49750000000000005,0.7053367989832944,0.7790025992374707,3.2199363495365327,0.5078472868143802,underdamped
0.7150000000000001,-0.49750000000000005,0.7053367989832945,0.7790025992374708,3.3811743729311896,0.5290675686507241,underdamped
0.7475000000000003,-0.49750000000000005,0.7053367989832942,0.7790025992374706,3.5590553064442143,0.5513347368369197,underdamped
0.78,-0.49750000000000005,0.7053367989832943,0.7790025992374707,3.7559983286736,0.5747253903438085,underdamped
0.8125000000000002,-0.49750000000000005,0.7053367989832942,0.7790025992374706,3.9749571251904774,0.5993324486167383,underdamped
0.845,-0.49750000000000005,0.7053367989832943,0.7790025992374707,4.219569676031961,0.625268162607626,underdamped
0.8775000000000002,-0.49750000000000005,0.7053367989832943,0.7790025992374707,4.494362366241512,0.6526680852870879,underdamped
0.9100000000000004,-0.49750000000000005,0.7053367989832943,0.7790025992374707,4.805032735319857,0.6816963507392884,underdamped
0.9425000000000001,-0.49750000000000005,0.7053367989832943,0.7790025992374707,5.15884848908575,0.7125527732076276,underdamped
0.9750000000000003,-0.49750000000000005,0.7053367989832942,0.7790025992374706,5.565222499482672,0.7454825322584843,underdamped
1.0075,-0.49750000000000005,0.7053367989832944,0.7790025992374707,6.036561382720092,0.780789621110282,underdamped
1.0400000000000003,-0.49750000000000005,0.7053367989832943,0.7790025992374707,6.589552439154095,0.8188559184170092,underdamped
1.0725,-0.49750000000000005,0.7053367989832945,0.7790025992374708,7.247177876107084,0.8601689208551535,underdamped
1.1050000000000002,-0.49750000000000005,0.7053367989832942,0.7790025992374706,8.041985513388996,0.9053632864414898,underdamped
1.1375,-0.49750000000000005,0.7053367989832943,0.7790025992374707,9.021636329550528,0.9552853163049472,underdamped
1.1700000000000002,-0.49750000000000005,0.705336798983294,0.7790025992374705,10.258820496940924,1.0110974308423897,underdamped
1.2025000000000003,-0.49750000000000005,0.7053367989832943,0.7790025992374707,11.870161349203057,1.074456622290084,underdamped
1.235,-0.49750000000000005,0.7053367989832943,0.7790025992374707,14.0553028182386,1.1478402068181186,underdamped
1.2675000000000003,-0.49750000000000005,0.7053367989832943,0.7790025992374707,17.18676341664934,1.2351940987560397,underdamped
1.3,-0.49750000000000005,0.7053367989832942,0.7790025992374706,22.0487326436872,1.3433836313697731,underdamped
1.3325000000000002,-0.49750000000000005,0.7053367989832942,0.7790025992374706,30.622795463275864,1.486044833614355,underdamped
1.365,-0.49750000000000005,0.7053367989832943,0.7790025992374707,49.78431445222369,1.6970925311154603,underdamped
1.3975000000000002,-0.49750000000000005,0.7053367989832944,0.7790025992374707,130.78845943888464,2.1165694242395525,underdamped
1.43,-0.49750000000000005,0.8321537451385993,0.8741153088539495,166.23585390119,2.2207246985823925,overdamped
1.4625000000000001,-0.49750000000000005,0.9241918630054142,0.9441918630054142,231.9704307025402,2.3654326288514276,overdamped
-1.4625,-0.4814166666666667,0.962139358423755,0.982139358423755,189.67624153679355,2.278012935445022,overdamped
-1.43,-0.4814166666666667,0.8876509001810683,0.9157381751358012,176.151712691998,2.2458868701063497,overdamped
-1.3975,-0.4814166666666667,0.7814234288228887,0.8360675716171666,158.76341180310982,2.2007504232619763,overdamped
-1.365,-0.4814166666666667,0.6938419608719748,0.7703814706539811,85.6115228240227,1.9325322221783074,underdamped
-1.3325,-0.4814166666666667,0.6938419608719746,0.7703814706539809,41.099871236140764,1.613840461255117,underdamped
-1.2999999999999998,-0.4814166666666667,0.6938419608719747,0.770381470653981,26.951522626675445,1.4305833056891253,underdamped
-1.2675,-0.4814166666666667,0.6938419608719746,0.7703814706539809,19.999966260676306,1.301029263023258,underdamped
-1.2349999999999999,-0.4814166666666667,0.6938419608719747,0.770381470653981,15.867630026038455,1.2005120657923363,underdamped
-1.2025,-0.4814166666666667,0.6938419608719747,0.770381470653981,13.128809996587249,1.1182253631544472,underdamped
-1.17,-0.4814166666666667,0.6938419608719744,0.7703814706539808,11.180494802503151,1.0484610240550207,underdamped
-1.1375,-0.4814166666666667,0.6938419608719745,0.7703814706539809,9.723772082324162,0.98783477076478,underdamped
-1.105,-0.4814166666666667,0.6938419608719745,0.7703814706539809,8.593598110113845,0.9341750395222993,underdamped
-1.0724999999999998,-0.4814166666666667,0.6938419608719745,0.7703814706539809,7.691405554954305,0.8860057115805815,underdamped
-1.04,-0.4814166666666667,0.6938419608719746,0.7703814706539809,6.954699556912209,0.8422783732075048,underdamped
-1.0074999999999998,-0.4814166666666667,0.6938419608719744,0.7703814706539808,6.341942555985911,0.8022223039586003,underdamped
-0.9749999999999999,-0.4814166666666667,0.6938419608719746,0.7703814706539809,5.824452159718139,0.7652550824533467,underdamped
-0.9424999999999999,-0.4814166666666667,0.6938419608719745,0.7703814706539809,5.381788415379265,0.730926619507345,underdamped
-0.9099999999999999,-0.4814166666666667,0.6938419608719747,0.770381470653981,4.998994690530232,0.6988826754854075,underdamped
-0.8775,-0.4814166666666667,0.6938419608719746,0.7703814706539809,4.664877759211355,0.6688402677619304,underdamped
-0.845,-0.4814166666666667,0.6938419608719745,0.7703814706539809,4.370897481498565,0.6405706203213607,underdamped
-0.8125,-0.4814166666666667,0.6938419608719746,0.7703814706539809,4.110428129371974,0.6138870589904947,underdamped
-0.78,-0.4814166666666667,0.6938419608719744,0.7703814706539808,3.878253961941556,0.5886362448299792,underdamped
-0.7474999999999998,-0.4814166666666667,0.6938419608719746,0.7703814706539809,3.6702168010604788,0.5646917189450816,underdamped
-0.7149999999999999,-0.4814166666666667,0.6938419608719745,0.7703814706539809,3.4829647944150466,0.5419490846596287,underdamped
-0.6824999999999999,-0.4814166666666667,0.6938419608719747,0.770381470653981,3.313770088680087,0.5203223735216752,underdamped
-0.6499999999999999,-0.4814166666666667,0.6938419608719747,0.770381470653981,3.1603943955440945,0.49974128297299897,underdamped
-0.6174999999999999,-0.4814166666666667,0.6938419608719747,0.770381470653981,3.020988457911033,0.4801490659965099,underdamped
-0.585,-0.4814166666666667,0.6938419608719747,0.770381470653981,2.8940159107405643,0.4615009144567696,underdamped
-0.5525,-0.4814166666666667,0.6938419608719747,0.770381470653981,2.7781949585703916,0.44376271888915325,underdamped
-0.5199999999999998,-0.4814166666666667,0.6938419608719746,0.7703814706539809,2.6724532380177233,0.42691011476068796,underdamped
-0.4874999999999998,-0.4814166666666667,0.6938419608719747,0.770381470653981,2.5758925488535143,0.41092774284410843,underdamped
-0.45499999999999985,-0.4814166666666667,0.6938419608719747,0.770381470653981,2.4877610386623057,0.3958086619615254,underdamped
-0.4224999999999999,-0.4814166666666667,0.6938419608719746,0.7703814706539809,2.4074310510131802,0.38155385775158523,underdamped
-0.3899999999999999,-0.4814166666666667,0.6938419608719744,0.7703814706539808,2.3343812843248957,0.36817179264952804,underdamped
-0.35749999999999993,-0.4814166666666667,0.6938419608719746,0.7703814706539809,2.268182217195663,0.3556779412013622,underdamped
-0.32499999999999996,-0.4814166666666667,0.6938419608719745,0.7703814706539809,2.2084839764760544,0.3440942526080956,underdamped
-0.2925,-0.4814166666666667,0.6938419608719747,0.770381470653981,2.155005986203828,0.3334484808873208,underdamped
-0.26,-0.4814166666666667,0.6938419608719747,0.770381470653981,2.1075278614539372,0.32377332469451237,underdamped
-0.2274999999999998,-0.4814166666666667,0.6938419608719748,0.7703814706539811,2.0658811198740974,0.3151053266375508,underdamped
-0.19499999999999984,-0.4814166666666667,0.6938419608719746,0.7703814706539809,2.0299413906790735,0.3074834989614307,underdamped
-0.16249999999999987,-0.4814166666666667,0.6938419608719748,0.7703814706539811,1.9996209177286108,0.30094767119247195,underdamped
-0.1299999999999999,-0.4814166666666667,0.6938419608719745,0.7703814706539809,1.974861285451122,0.2955365961250992,underdamped
-0.09749999999999992,-0.4814166666666667,0.6938419608719747,0.770381470653981,1.955626440236851,0.2912859003300572,underdamped
-0.06499999999999995,-0.4814166666666667,0.6938419608719746,0.7703814706539809,1.941896220975353,0.2882260165801964,underdamped
-0.03249999999999997,-0.4814166666666667,0.6938419608719747,0.770381470653981,1.933660726215505,0.2863802765422171,underdamped
2.220446049250313e-16,-0.4814166666666667,0.6938419608719746,0.7703814706539809,1.9309159034761145,0.28576335951135295,underdamped
0.032500000000000195,-0.4814166666666667,0.6938419608719747,0.770381470653981,1.9336607262155052,0.28638027654221715,underdamped
0.06500000000000017,-0.4814166666666667,0.6938419608719747,0.770381470653981,1.941896220975353,0.2882260165801964,underdamped
0.09749999999999992,-0.4814166666666667,0.6938419608719747,0.770381470653981,1.955626440236851,0.2912859003300572,underdamped
0.13000000000000012,-0.4814166666666667,0.6938419608719745,0.7703814706539809,1.9748612854511234,0.29553659612509947,underdamped
0.1625000000000003,-0.4814166666666667,0.6938419608719747,0.770381470653981,1.999620917728611,0.300947671192472,underdamped
0.19500000000000006,-0.4814166666666667,0.6938419608719747,0.770381470653981,2.029941390679073,0.30748349896143057,underdamped
0.22750000000000026,-0.4814166666666667,0.6938419608719746,0.7703814706539809,2.065881119874098,0.31510532663755086,underdamped
0.26,-0.4814166666666667,0.6938419608719747,0.770381470653981,2.1075278614539372,0.32377332469451237,underdamped
0.2925000000000002,-0.4814166666666667,0.6938419608719744,0.7703814706539808,2.155005986203829,0.333448480887321,underdamped
0.32499999999999996,-0.4814166666666667,0.6938419608719745,0.7703814706539809,2.2084839764760544,0.3440942526080956,underdamped
0.35750000000000015,-0.4814166666666667,0.6938419608719747,0.770381470653981,2.268182217195663,0.3556779412013622,underdamped
0.3899999999999999,-0.4814166666666667,0.6938419608719744,0.7703814706539808,2.3343812843248957,0.36817179264952804,underdamped
0.4225000000000001,-0.4814166666666667,0.6938419608719745,0.7703814706539809,2.4074310510131816,0.38155385775158546,underdamped
0.4550000000000003,-0.4814166666666667,0.6938419608719746,0.7703814706539809,2.487761038662306,0.3958086619615255,underdamped
0.48750000000000004,-0.4814166666666667,0.6938419608719746,0.7703814706539809,2.575892548853516,0.4109277428441087,underdamped
0.5200000000000002,-0.4814166666666667,0.6938419608719746,0.7703814706539809,2.6724532380177246,0.4269101147606882,underdamped
0.5525,-0.4814166666666667,0.6938419608719747,0.770381470653981,2.7781949585703916,0.44376271888915325,underdamped
0.5850000000000002,-0.4814166666666667,0.6938419608719746,0.7703814706539809,2.8940159107405665,0.46150091445676994,underdamped
0.6174999999999999,-0.4814166666666667,0.6938419608719747,0.770381470653981,3.020988457911033,0.4801490659965099,underdamped
0.6500000000000001,-0.4814166666666667,0.6938419608719746,0.7703814706539809,3.160394395544096,0.49974128297299913,underdamped
0.6825000000000003,-0.4814166666666667,0.6938419608719746,0.7703814706539809,3.313770088680092,0.5203223735216759,underdamped
0.7150000000000001,-0.4814166666666667,0.6938419608719746,0.7703814706539809,3.4829647944150484,0.5419490846596289,underdamped
0.7475000000000003,-0.4814166666666667,0.6938419608719746,0.7703814706539809,3.670216801060482,0.564691718945082,underdamped
0.78,-0.4814166666666667,0.6938419608719744,0.7703814706539808,3.878253961941556,0.5886362448299792,underdamped
0.8125000000000002,-0.4814166666666667,0.6938419608719746,0.7703814706539809,4.110428129371975,0.6138870589904948,underdamped
0.845,-0.4814166666666667,0.6938419608719745,0.7703814706539809,4.370897481498565,0.6405706203213607,underdamped
0.8775000000000002,-0.4814166666666667,0.6938419608719745,0.7703814706539809,4.664877759211358,0.6688402677619307,underdamped
0.9100000000000004,-0.4814166666666667,0.6938419608719746,0.7703814706539809,4.99899469053024,0.6988826754854082,underdamped
0.9425000000000001,-0.4814166666666667,0.6938419608719746,0.7703814706539809,5.381788415379269,0.7309266195073455,underdamped
0.9750000000000003,-0.4814166666666667,0.6938419608719747,0.770381470653981,5.824452159718146,0.7652550824533473,underdamped
1.0075,-0.4814166666666667,0.6938419608719745,0.7703814706539809,6.3419425559859155,0.8022223039586006,underdamped
1.0400000000000003,-0.4814166666666667,0.6938419608719745,0.7703814706539809,6.9546995569122085,0.8422783732075046,underdamped
1.0725,-0.4814166666666667,0.6938419608719745,0.7703814706539809,7.691405554954317,0.8860057115805822,underdamped
1.1050000000000002,-0.4814166666666667,0.6938419608719745,0.7703814706539809,8.59359811011385,0.9341750395222995,underdamped
1.1375,-0.4814166666666667,0.6938419608719745,0.7703814706539809,9.723772082324162,0.98783477076478,underdamped
1.1700000000000002,-0.4814166666666667,0.6938419608719746,0.7703814706539809,11.180494802503153,1.0484610240550207,underdamped
1.2025000000000003,-0.4814166666666667,0.6938419608719747,0.770381470653981,13.128809996587282,1.1182253631544483,underdamped
1.235,-0.4814166666666667,0.6938419608719748,0.7703814706539811,15.867630026038475,1.200512065792337,underdamped
1.2675000000000003,-0.4814166666666667,0.6938419608719747,0.770381470653981,19.99996626067635,1.301029263023259,underdamped
1.3,-0.4814166666666667,0.6938419608719745,0.7703814706539809,26.951522626675615,1.430583305689128,underdamped
1.3325000000000002,-0.4814166666666667,0.6938419608719748,0.7703814706539811,41.09987123614076,1.613840461255117,underdamped
1.365,-0.4814166666666667,0.6938419608719748,0.7703814706539811,85.6115228240227,1.9325322221783074,underdamped
1.3975000000000002,-0.4814166666666667,0.7814234288228898,0.8360675716171674,158.76341180311033,2.2007504232619777,overdamped
1.43,-0.4814166666666667,0.8876509001810683,0.9157381751358012,176.151712691998,2.2458868701063497,overdamped
1.4625000000000001,-0.4814166666666667,0.9621393584237554,0.9821393584237554,189.67624153678966,2.278012935445013,overdamped
-1.4625,-0.4653333333333334,0.9946759462670041,0.999,776.2931748903902,2.8900257678966748,overdamped
-1.43,-0.4653333333333334,0.9292234036389735,0.9492234036389735,199.4533897360652,2.2998414215992726,overdamped
-1.3975,-0.4653333333333334,0.8501376783845587,0.8876032587884191,142.22879399233256,2.1529875275194903,overdamped
-1.365,-0.4653333333333334,0.7042466472511649,0.7781849854383737,221.68812836703384,2.345742436809866,overdamped
-1.3325,-0.4653333333333334,0.682153452921946,0.7616150896914595,63.67536074598331,1.8039714140918148,underdamped
-1.2999999999999998,-0.4653333333333334,0.6821534529219458,0.7616150896914594,35.01226053719525,1.5442201515287224,underdamped
-1.2675,-0.4653333333333334,0.6821534529219458,0.7616150896914594,24.076813763179786,1.381599013456792,underdamped
-1.2349999999999999,-0.4653333333333334,0.6821534529219457,0.7616150896914593,18.30750136448587,1.2626290751775169,underdamped
-1.2025,-0.4653333333333334,0.682153452921946,0.7616150896914595,14.743180725317302,1.1685911892511889,underdamped
-1.17,-0.4653333333333334,0.682153452921946,0.7616150896914595,12.322783735012584,1.09070882667514,underdamped
-1.1375,-0.4653333333333334,0.6821534529219458,0.7616150896914594,10.571980479984742,1.0241563525827584,underdamped
-1.105,-0.4653333333333334,0.6821534529219458,0.7616150896914594,9.246879964682178,0.9659952200150151,underdamped
-1.0724999999999998,-0.4653333333333334,0.6821534529219461,0.7616150896914595,8.20925030010595,0.914303497509977,underdamped
-1.04,-0.4653333333333334,0.6821534529219458,0.7616150896914594,7.374896695303038,0.8677559412638864,underdamped
-1.0074999999999998,-0.4653333333333334,0.6821534529219458,0.7616150896914594,6.689611069584372,0.8254008688525115,underdamped
-0.9749999999999999,-0.4653333333333334,0.6821534529219458,0.7616150896914594,6.116917178815582,0.7865326003233902,underdamped
-0.9424999999999999,-0.4653333333333334,0.6821534529219457,0.7616150896914593,5.631372032178232,0.7506142196132395,underdamped
-0.9099999999999999,-0.4653333333333334,0.6821534529219457,0.7616150896914593,5.21469109454883,0.7172285869895242,underdamped
-0.8775,-0.4653333333333334,0.682153452921946,0.7616150896914595,4.853399744115307,0.6860460629027177,underdamped
-0.845,-0.4653333333333334,0.6821534529219457,0.7616150896914593,4.537352879544043,0.6568025565812404,underdamped
-0.8125,-0.4653333333333334,0.6821534529219458,0.7616150896914594,4.258770068598192,0.6292841931062347,underdamped
-0.78,-0.4653333333333334,0.6821534529219457,0.7616150896914593,4.011588337179323,0.6033163600252701,underdamped
-0.7474999999999998,-0.4653333333333334,0.6821534529219457,0.7616150896914593,3.7910170130570857,0.57875573342676,underdamped
-0.7149999999999999,-0.4653333333333334,0.6821534529219457,0.7616150896914593,3.5932247396105086,0.5554843811680037,underdamped
-0.6824999999999999,-0.4653333333333334,0.682153452921946,0.7616150896914595,3.4151151049020725,0.5334053459623143,underdamped
-0.6499999999999999,-0.4653333333333334,0.6821534529219458,0.7616150896914594,3.25416300248622,0.5124393031513298,underdamped
-0.6174999999999999,-0.4653333333333334,0.6821534529219458,0.7616150896914594,3.1082934397987283,0.49252201182440064,underdamped
-0.585,-0.4653333333333334,0.6821534529219458,0.7616150896914594,2.9757905427152087,0.47360235921781757,underdamped
-0.5525,-0.4653333333333334,0.682153452921946,0.7616150896914595,2.855228383743433,0.45564085227804596,underdamped
-0.5199999999999998,-0.4653333333333334,0.6821534529219458,0.7616150896914594,2.7454178066205706,0.4386084461639634,underdamped
-0.4874999999999998,-0.4653333333333334,0.6821534529219458,0.7616150896914594,2.6453651206963325,0.42248562304795745,underdamped
-0.45499999999999985,-0.4653333333333334,0.6821534529219461,0.7616150896914595,2.554239692789809,0.40726164953331273,underdamped
-0.4224999999999999,-0.4653333333333334,0.6821534529219457,0.7616150896914593,2.4713482584650177,0.3929339498020828,underdamped
-0.3899999999999999,-0.4653333333333334,0.6821534529219456,0.7616150896914592,2.396114327754533,0.37950753605799253,underdamped
-0.35749999999999993,-0.4653333333333334,0.6821534529219457,0.7616150896914593,2.3280614500316514,0.3669944394904986,underdamped
-0.32499999999999996,-0.4653333333333334,0.6821534529219458,0.7616150896914594,2.266799381428548,0.35541308545780986,underdamped
-0.2925,-0.4653333333333334,0.6821534529219458,0.7616150896914594,2.21201240273003,0.3447875577240312,underdamped
-0.26,-0.4653333333333334,0.682153452921946,0.7616150896914595,2.1634491931582787,0.33514670060241525,underdamped
-0.2274999999999998,-0.4653333333333334,0.682153452921946,0.7616150896914595,2.120913796747879,0.3265230172400309,underdamped
-0.19499999999999984,-0.4653333333333334,0.6821534529219457,0.7616150896914593,2.084257339155942,0.3189513394238714,underdamped
-0.16249999999999987,-0.4653333333333334,0.682153452921946,0.7616150896914595,2.053370274944747,0.31246727078583675,underdamped
-0.1299999999999999,-0.4653333333333334,0.682153452921946,0.7616150896914595,2.028175073631867,0.3071054409130323,underdamped
-0.09749999999999992,-0.4653333333333334,0.6821534529219456,0.7616150896914592,2.0086193842596973,0.30289764955256254,underdamped
-0.06499999999999995,-0.4653333333333334,0.6821534529219458,0.7616150896914594,1.9946698412830612,0.29987102133859,underdamped
-0.03249999999999997,-0.4653333333333334,0.682153452921946,0.7616150896914595,1.986306770384398,0.2980463229088756,underdamped
2.220446049250313e-16,-0.4653333333333334,0.6821534529219458,0.7616150896914594,1.9835201003049876,0.2974366058221733,underdamped
0.032500000000000195,-0.4653333333333334,0.682153452921946,0.7616150896914595,1.986306770384398,0.2980463229088756,underdamped
0.06500000000000017,-0.4653333333333334,0.6821534529219458,0.7616150896914594,1.9946698412830612,0.29987102133859,underdamped
0.09749999999999992,-0.4653333333333334,0.6821534529219456,0.7616150896914592,2.0086193842596973,0.30289764955256254,underdamped
0.13000000000000012,-0.4653333333333334,0.682153452921946,0.7616150896914595,2.0281750736318673,0.30710544091303243,underdamped
0.1625000000000003,-0.4653333333333334,0.6821534529219458,0.7616150896914594,2.053370274944748,0.3124672707858369,underdamped
0.19500000000000006,-0.4653333333333334,0.6821534529219457,0.7616150896914593,2.084257339155942,0.3189513394238714,underdamped
0.22750000000000026,-0.4653333333333334,0.6821534529219457,0.7616150896914593,2.120913796747879,0.3265230172400309,underdamped
0.26,-0.4653333333333334,0.682153452921946,0.7616150896914595,2.1634491931582787,0.33514670060241525,underdamped
0.2925000000000002,-0.4653333333333334,0.6821534529219458,0.7616150896914594,2.2120124027300294,0.3447875577240311,underdamped
0.32499999999999996,-0.4653333333333334,0.6821534529219458,0.7616150896914594,2.266799381428548,0.35541308545780986,underdamped
0.35750000000000015,-0.4653333333333334,0.682153452921946,0.7616150896914595,2.3280614500316514,0.3669944394904986,underdamped
0.3899999999999999,-0.4653333333333334,0.6821534529219456,0.7616150896914592,2.396114327754533,0.37950753605799253,underdamped
0.4225000000000001,-0.4653333333333334,0.6821534529219458,0.7616150896914594,2.4713482584650186,0.39293394980208296,underdamped
0.4550000000000003,-0.4653333333333334,0.6821534529219458,0.7616150896914594,2.5542396927898103,0.40726164953331295,underdamped
0.48750000000000004,-0.4653333333333334,0.6821534529219458,0.7616150896914594,2.645365120696333,0.42248562304795756,underdamped
0.5200000000000002,-0.4653333333333334,0.6821534529219458,0.7616150896914594,2.7454178066205706,0.4386084461639634,underdamped
0.5525,-0.4653333333333334,0.682153452921946,0.7616150896914595,2.855228383743433,0.45564085227804596,underdamped
0.5850000000000002,-0.4653333333333334,0.682153452921946,0.7616150896914595,2.975790542715211,0.4736023592178179,underdamped
0.6174999999999999,-0.4653333333333334,0.6821534529219458,0.7616150896914594,3.1082934397987283,0.49252201182440064,underdamped
0.6500000000000001,-0.4653333333333334,0.6821534529219457,0.7616150896914593,3.254163002486222,0.51243930315133,underdamped
0.6825000000000003,-0.4653333333333334,0.682153452921946,0.7616150896914595,3.415115104902075,0.5334053459623146,underdamped
0.7150000000000001,-0.4653333333333334,0.6821534529219456,0.7616150896914592,3.5932247396105095,0.5554843811680038,underdamped
0.7475000000000003,-0.4653333333333334,0.6821534529219458,0.7616150896914594,3.791017013057087,0.5787557334267601,underdamped
0.78,-0.4653333333333334,0.6821534529219457,0.7616150896914593,4.011588337179323,0.6033163600252701,underdamped
0.8125000000000002,-0.4653333333333334,0.6821534529219457,0.7616150896914593,4.258770068598196,0.6292841931062351,underdamped
0.845,-0.4653333333333334,0.6821534529219457,0.7616150896914593,4.537352879544043,0.6568025565812404,underdamped
0.8775000000000002,-0.4653333333333334,0.6821534529219458,0.7616150896914594,4.853399744115314,0.6860460629027184,underdamped
0.9100000000000004,-0.4653333333333334,0.682153452921946,0.7616150896914595,5.214691094548835,0.7172285869895245,underdamped
0.9425000000000001,-0.4653333333333334,0.6821534529219457,0.7616150896914593,5.631372032178232,0.7506142196132395,underdamped
0.9750000000000003,-0.4653333333333334,0.6821534529219458,0.7616150896914594,6.116917178815591,0.7865326003233909,underdamped
1.0075,-0.4653333333333334,0.6821534529219457,0.7616150896914593,6.689611069584379,0.825400868852512,underdamped
1.0400000000000003,-0.4653333333333334,0.6821534529219458,0.7616150896914594,7.374896695303042,0.8677559412638867,underdamped
1.0725,-0.4653333333333334,0.682153452921946,0.7616150896914595,8.20925030010596,0.9143034975099775,underdamped
1.1050000000000002,-0.4653333333333334,0.682153452921946,0.7616150896914595,9.246879964682172,0.9659952200150149,underdamped
1.1375,-0.4653333333333334,0.6821534529219458,0.7616150896914594,10.571980479984742,1.0241563525827584,underdamped
1.1700000000000002,-0.4653333333333334,0.682153452921946,0.7616150896914595,12.322783735012605,1.0907088266751406,underdamped
1.2025000000000003,-0.4653333333333334,0.6821534529219457,0.7616150896914593,14.743180725317346,1.1685911892511902,underdamped
1.235,-0.4653333333333334,0.6821534529219461,0.7616150896914595,18.307501364485923,1.2626290751775182,underdamped
1.2675000000000003,-0.4653333333333334,0.6821534529219458,0.7616150896914594,24.076813763179906,1.381599013456794,underdamped
1.3,-0.4653333333333334,0.6821534529219458,0.7616150896914594,35.012260537195566,1.5442201515287264,underdamped
1.3325000000000002,-0.4653333333333334,0.682153452921946,0.7616150896914595,63.67536074598348,1.803971414091816,underdamped
1.365,-0.4653333333333334,0.7042466472511649,0.7781849854383737,221.68812836703384,2.345742436809866,overdamped
1.3975000000000002,-0.4653333333333334,0.8501376783845593,0.8876032587884195,142.22879399233727,2.152987527519505,overdamped
1.43,-0.4653333333333334,0.9292234036389735,0.9492234036389735,199.4533897360652,2.2998414215992726,overdamped
1.4625000000000001,-0.4653333333333334,0.9946759462670045,0.999,776.2931748904514,2.890025767896709,overdamped
-1.43,-0.44925000000000004,0.9639477856900918,0.9839477856900918,168.2727317924854,2.2260137452597064,overdamped
-1.3975,-0.44925000000000004,0.8962381325548447,0.9221785994161336,160.3469910881935,2.2050608148035633,overdamped
-1.365,-0.44925000000000004,0.8111710923245774,0.8583783192434331,123.87180422154073,2.092972463240226,overdamped
-1.3325,-0.44925000000000004,0.6702611431375087,0.7526958573531315,148.09009785586906,2.170526020099007,underdamped
-1.2999999999999998,-0.44925000000000004,0.6702611431375087,0.7526958573531315,50.74879573025521,1.7054257408924363,underdamped
-1.2675,-0.44925000000000004,0.6702611431375088,0.7526958573531316,30.52122526216166,1.4846019642079604,underdamped
-1.2349999999999999,-0.44925000000000004,0.6702611431375088,0.7526958573531316,21.7719183373841,1.3378966966862829,underdamped
-1.2025,-0.44925000000000004,0.6702611431375088,0.7526958573531316,16.890463782299378,1.2276415746940463,underdamped
-1.17,-0.44925000000000004,0.6702611431375086,0.7526958573531315,13.776628412490192,1.139142944638928,underdamped
-1.1375,-0.44925000000000004,0.6702611431375087,0.7526958573531315,11.617759893817837,1.0651223965964391,underdamped
-1.105,-0.44925000000000004,0.6702611431375087,0.7526958573531315,10.033210081929749,1.0014399058841572,underdamped
-1.0724999999999998,-0.44925000000000004,0.6702611431375088,0.7526958573531316,8.820949980986315,0.9455153594269811,underdamped
-1.04,-0.44925000000000004,0.670261143137509,0.7526958573531317,7.8638036247884155,0.895632659740708,underdamped
-1.0074999999999998,-0.44925000000000004,0.6702611431375087,0.7526958573531315,7.08913730811154,0.8505933881982237,underdamped
-0.9749999999999999,-0.44925000000000004,0.6702611431375088,0.7526958573531316,6.449535681285877,0.809528449780399,underdamped
-0.9424999999999999,-0.44925000000000004,0.6702611431375088,0.7526958573531316,5.912735190132665,0.7717884289670683,underdamped
-0.9099999999999999,-0.44925000000000004,0.6702611431375088,0.7526958573531316,5.456023512064042,0.7368762331912505,underdamped
-0.8775,-0.44925000000000004,0.6702611431375087,0.7526958573531315,5.062952661062045,0.7044038667240626,underdamped
-0.845,-0.44925000000000004,0.6702611431375087,0.7526958573531315,4.72132255199637,0.6740636716379805,underdamped
-0.8125,-0.44925000000000004,0.6702611431375087,0.7526958573531315,4.421896860888573,0.6456086086024092,underdamped
-0.78,-0.44925000000000004,0.6702611431375087,0.7526958573531315,4.157558690823651,0.6188383887204055,underdamped
-0.7474999999999998,-0.44925000000000004,0.6702611431375087,0.7526958573531315,3.92273986836768,0.593589509384122,underdamped
-0.7149999999999999,-0.44925000000000004,0.6702611431375086,0.7526958573531315,3.713025784383353,0.5697279651099532,underdamped
-0.6824999999999999,-0.44925000000000004,0.6702611431375087,0.7526958573531315,3.5248759247180272,0.5471438344738949,underdamped
-0.6499999999999999,-0.44925000000000004,0.6702611431375088,0.7526958573531316,3.3554224813653497,0.5257472099816497,underdamped
-0.6174999999999999,-0.44925000000000004,0.6702611431375088,0.7526958573531316,3.2023227903105935,0.5054651061545401,underdamped
-0.585,-0.44925000000000004,0.6702611431375087,0.7526958573531315,3.063649586700732,0.48623909018214784,underdamped
-0.5525,-0.44925000000000004,0.6702611431375086,0.7526958573531315,2.9378082847713016,0.46802345122871813,underdamped
-0.5199999999999998,-0.44925000000000004,0.670261143137509,0.7526958573531317,2.823473864645485,0.4507837720648297,underdamped
-0.4874999999999998,-0.44925000000000004,0.6702611431375088,0.7526958573531316,2.719542174529905,0.43449579822145673,underdamped
-0.45499999999999985,-0.44925000000000004,0.6702611431375086,0.7526958573531315,2.6250919515553632,0.4191445204481413,underdamped
-0.4224999999999999,-0.44925000000000004,0.6702611431375087,0.7526958573531315,2.539354883678236,0.40472339927978346,underdamped
-0.3899999999999999,-0.44925000000000004,0.6702611431375088,0.7526958573531316,2.4616917397902793,0.39123366838007606,underdamped
-0.35749999999999993,-0.44925000000000004,0.6702611431375087,0.7526958573531315,2.3915730892699223,0.3786836579579592,underdamped
-0.32499999999999996,-0.44925000000000004,0.6702611431375087,0.7526958573531315,2.328563484324941,0.3670880827309228,underdamped
-0.2925,-0.44925000000000004,0.6702611431375087,0.7526958573531315,2.27230823555639,0.356467242497411,underdamped
-0.26,-0.44925000000000004,0.6702611431375087,0.7526958573531315,2.222522106471828,0.34684608940422296,underdamped
-0.2274999999999998,-0.44925000000000004,0.6702611431375086,0.7526958573531315,2.1789794104757636,0.3382531265477666,underdamped
-0.19499999999999984,-0.44925000000000004,0.6702611431375091,0.7526958573531318,2.141505131862488,0.3307191194689365,underdamped
-0.16249999999999987,-0.44925000000000004,0.6702611431375088,0.7526958573531316,2.1099668223325665,0.32427562639192364,underdamped
-0.1299999999999999,-0.44925000000000004,0.6702611431375088,0.7526958573531316,2.08426715203854,0.31895338411895374,underdamped
-0.09749999999999992,-0.44925000000000004,0.6702611431375087,0.7526958573531315,2.0643371175517236,0.31478062141310864,underdamped
-0.06499999999999995,-0.44925000000000004,0.6702611431375088,0.7526958573531316,2.0501300197112444,0.3117814049838149,underdamped
-0.03249999999999997,-0.44925000000000004,0.6702611431375088,0.7526958573531316,2.0416164079680206,0.3099741473728355,underdamped
2.220446049250313e-16,-0.44925000000000004,0.6702611431375087,0.7526958573531315,2.038780229247095,0.30937041343417004,underdamped
0.032500000000000195,-0.44925000000000004,0.670261143137509,0.7526958573531317,2.0416164079680206,0.3099741473728355,underdamped
0.06500000000000017,-0.44925000000000004,0.6702611431375088,0.7526958573531316,2.0501300197112444,0.3117814049838149,underdamped
0.09749999999999992,-0.44925000000000004,0.6702611431375087,0.7526958573531315,2.0643371175517236,0.31478062141310864,underdamped
0.13000000000000012,-0.44925000000000004,0.6702611431375088,0.7526958573531316,2.08426715203854,0.31895338411895374,underdamped
0.1625000000000003,-0.44925000000000004,0.6702611431375087,0.7526958573531315,2.109966822332567,0.3242756263919237,underdamped
0.19500000000000006,-0.44925000000000004,0.6702611431375091,0.7526958573531318,2.1415051318624876,0.3307191194689364,underdamped
0.22750000000000026,-0.44925000000000004,0.6702611431375086,0.7526958573531315,2.1789794104757645,0.3382531265477668,underdamped
0.26,-0.44925000000000004,0.6702611431375087,0.7526958573531315,2.222522106471828,0.34684608940422296,underdamped
0.2925000000000002,-0.44925000000000004,0.6702611431375087,0.7526958573531315,2.272308235556391,0.3564672424974112,underdamped
0.32499999999999996,-0.44925000000000004,0.6702611431375087,0.7526958573531315,2.328563484324941,0.3670880827309228,underdamped
0.35750000000000015,-0.44925000000000004,0.6702611431375087,0.7526958573531315,2.3915730892699223,0.3786836579579592,underdamped
0.3899999999999999,-0.44925000000000004,0.6702611431375088,0.7526958573531316,2.4616917397902793,0.39123366838007606,underdamped
0.4225000000000001,-0.44925000000000004,0.6702611431375088,0.7526958573531316,2.539354883678236,0.40472339927978346,underdamped
0.4550000000000003,-0.44925000000000004,0.6702611431375087,0.7526958573531315,2.6250919515553637,0.4191445204481414,underdamped
0.48750000000000004,-0.44925000000000004,0.6702611431375088,0.7526958573531316,2.719542174529905,0.43449579822145673,underdamped
0.5200000000000002,-0.44925000000000004,0.6702611431375088,0.7526958573531316,2.8234738646454867,0.45078377206483,underdamped
0.5525,-0.44925000000000004,0.6702611431375086,0.7526958573531315,2.9378082847713016,0.46802345122871813,underdamped
0.5850000000000002,-0.44925000000000004,0.6702611431375086,0.7526958573531315,3.063649586700732,0.48623909018214784,underdamped
0.6174999999999999,-0.44925000000000004,0.6702611431375088,0.7526958573531316,3.2023227903105935,0.5054651061545401,underdamped
0.6500000000000001,-0.44925000000000004,0.6702611431375088,0.7526958573531316,3.355422481365348,0.5257472099816495,underdamped
0.6825000000000003,-0.44925000000000004,0.6702611431375087,0.7526958573531315,3.5248759247180286,0.547143834473895,underdamped
0.7150000000000001,-0.44925000000000004,0.6702611431375086,0.7526958573531315,3.7130257843833556,0.5697279651099535,underdamped
0.7475000000000003,-0.44925000000000004,0.6702611431375088,0.7526958573531316,3.9227398683676817,0.5935895093841221,underdamped
0.78,-0.44925000000000004,0.6702611431375087,0.7526958573531315,4.157558690823651,0.6188383887204055,underdamped
0.8125000000000002,-0.44925000000000004,0.6702611431375087,0.7526958573531315,4.421896860888577,0.6456086086024095,underdamped
0.845,-0.44925000000000004,0.6702611431375087,0.7526958573531315,4.72132255199637,0.6740636716379805,underdamped
0.8775000000000002,-0.44925000000000004,0.6702611431375087,0.7526958573531315,5.062952661062046,0.7044038667240626,underdamped
0.9100000000000004,-0.44925000000000004,0.6702611431375087,0.7526958573531315,5.456023512064053,0.7368762331912514,underdamped
0.9425000000000001,-0.44925000000000004,0.6702611431375086,0.7526958573531315,5.91273519013267,0.7717884289670687,underdamped
0.9750000000000003,-0.44925000000000004,0.6702611431375086,0.7526958573531315,6.449535681285885,0.8095284497803995,underdamped
1.0075,-0.44925000000000004,0.6702611431375086,0.7526958573531315,7.089137308111541,0.8505933881982237,underdamped
1.0400000000000003,-0.44925000000000004,0.670261143137509,0.7526958573531317,7.8638036247884155,0.895632659740708,underdamped
1.0725,-0.44925000000000004,0.6702611431375086,0.7526958573531315,8.820949980986327,0.9455153594269816,underdamped
1.1050000000000002,-0.44925000000000004,0.6702611431375088,0.7526958573531316,10.03321008192976,1.0014399058841579,underdamped
1.1375,-0.44925000000000004,0.6702611431375087,0.7526958573531315,11.617759893817837,1.0651223965964391,underdamped
1.1700000000000002,-0.44925000000000004,0.6702611431375088,0.7526958573531316,13.776628412490222,1.139142944638929,underdamped
1.2025000000000003,-0.44925000000000004,0.6702611431375088,0.7526958573531316,16.890463782299413,1.2276415746940472,underdamped
1.235,-0.44925000000000004,0.670261143137509,0.7526958573531317,21.77191833738416,1.3378966966862842,underdamped
1.2675000000000003,-0.44925000000000004,0.670261143137509,0.7526958573531317,30.521225262161725,1.4846019642079613,underdamped
1.3,-0.44925000000000004,0.6702611431375088,0.7526958573531316,50.74879573025568,1.7054257408924403,underdamped
1.3325000000000002,-0.44925000000000004,0.6702611431375088,0.7526958573531316,148.09009785587256,2.1705260200990173,underdamped
1.365,-0.44925000000000004,0.8111710923245774,0.8583783192434331,123.87180422154073,2.092972463240226,overdamped
1.3975000000000002,-0.44925000000000004,0.8962381325548452,0.9221785994161339,160.34699108819584,2.20506081480357,overdamped
1.43,-0.44925000000000004,0.9639477856900918,0.9839477856900918,168.2727317924854,2.2260137452597064,overdamped
-1.43,-0.4331666666666667,0.9943892147763281,0.999,655.39934424678,2.8165060025176,overdamped
-1.3975,-0.4331666666666667,0.9334517167242993,0.9534517167242993,173.88672849490314,2.2402664367389016,overdamped
-1.365,-0.4331666666666667,0.8631642835021169,0.8973732126265876,126.60983046780024,2.1024674272624804,overdamped
-1.3325,-0.4331666666666667,0.7697990020875782,0.8273492515656837,115.02893055498329,2.0608070820948448,overdamped
-1.2999999999999998,-0.4331666666666667,0.6581539840088083,0.7436154880066063,95.16209849813696,1.978464010457625,underdamped
-1.2675,-0.4331666666666667,0.6581539840088083,0.7436154880066063,42.253100684829334,1.6258585845496338,underdamped
-1.2349999999999999,-0.4331666666666667,0.6581539840088083,0.7436154880066063,27.083015998163635,1.4326970262769534,underdamped
-1.2025,-0.4331666666666667,0.6581539840088082,0.7436154880066062,19.889382254567355,1.2986212945573723,underdamped
-1.17,-0.4331666666666667,0.6581539840088082,0.7436154880066062,15.691180013270008,1.1956556047712363,underdamped
-1.1375,-0.4331666666666667,0.6581539840088083,0.7436154880066063,12.940221740754197,1.1119417183698423,underdamped
-1.105,-0.4331666666666667,0.6581539840088083,0.7436154880066063,10.998493329189591,1.0413331957368146,underdamped
-1.0724999999999998,-0.4331666666666667,0.6581539840088083,0.7436154880066063,9.555009129846155,0.9802311063611951,underdamped
-1.04,-0.4331666666666667,0.6581539840088084,0.7436154880066064,8.440085563332389,0.9263468494093934,underdamped
-1.0074999999999998,-0.4331666666666667,0.6581539840088083,0.7436154880066063,7.553278550609678,0.8781355009505846,underdamped
-0.9749999999999999,-0.4331666666666667,0.6581539840088083,0.7436154880066063,6.831341017485054,0.8345059656620395,underdamped
-0.9424999999999999,-0.4331666666666667,0.6581539840088084,0.7436154880066064,6.232467797752643,0.7946600432456928,underdamped
-0.9099999999999999,-0.4331666666666667,0.6581539840088083,0.7436154880066063,5.727923556665253,0.7579972133605551,underdamped
-0.8775,-0.4331666666666667,0.6581539840088082,0.7436154880066062,5.297309822869578,0.724055374186819,underdamped
-0.845,-0.4331666666666667,0.6581539840088083,0.7436154880066063,4.9257504085562935,0.6924724020355766,underdamped
-0.8125,-0.4331666666666667,0.6581539840088082,0.7436154880066062,4.602145529477592,0.6629603478506084,underdamped
-0.78,-0.4331666666666667,0.6581539840088084,0.7436154880066064,4.318049454929777,0.6352876120325126,underdamped
-0.7474999999999998,-0.4331666666666667,0.6581539840088083,0.7436154880066063,4.066926550075981,0.6092663289856675,underdamped
-0.7149999999999999,-0.4331666666666667,0.6581539840088083,0.7436154880066063,3.8436448650554205,0.5847432540558845,underdamped
-0.6824999999999999,-0.4331666666666667,0.6581539840088083,0.7436154880066063,3.6441233208513437,0.5615930655180327,underdamped
-0.6499999999999999,-0.4331666666666667,0.6581539840088082,0.7436154880066062,3.465080823005206,0.5397133689841325,underdamped
-0.6174999999999999,-0.4331666666666667,0.6581539840088083,0.7436154880066063,3.3038545895551126,0.5190209247429219,underdamped
-0.585,-0.4331666666666667,0.6581539840088082,0.7436154880066062,3.158266452246099,0.4994487671727932,underdamped
-0.5525,-0.4331666666666667,0.6581539840088082,0.7436154880066062,3.0265230230437576,0.4809439819798874,underdamped
-0.5199999999999998,-0.4331666666666667,0.6581539840088083,0.7436154880066063,2.907140160337638,0.46346597067439327,underdamped
-0.4874999999999998,-0.4331666666666667,0.6581539840088083,0.7436154880066063,2.798885124389249,0.4469850739332351,underdamped
-0.45499999999999985,-0.4331666666666667,0.6581539840088084,0.7436154880066064,2.700731771285904,0.43148145348217043,underdamped
-0.4224999999999999,-0.4331666666666667,0.6581539840088083,0.7436154880066063,2.611825456753778,0.4169441505121018,underdamped
-0.3899999999999999,-0.4331666666666667,0.6581539840088083,0.7436154880066063,2.531455227277666,0.40337025061750637,underdamped
-0.35749999999999993,-0.4331666666666667,0.6581539840088082,0.7436154880066062,2.4590315065860424,0.3907640932156603,underdamped
-0.32499999999999996,-0.4331666666666667,0.6581539840088082,0.7436154880066062,2.394067932012044,0.3791364694118299,underdamped
-0.2925,-0.4331666666666667,0.6581539840088082,0.7436154880066062,2.3361663185238224,0.368503758237407,underdamped
-0.26,-0.4331666666666667,0.6581539840088083,0.7436154880066063,2.2850039702377445,0.3588869590014254,underdamped
-0.2274999999999998,-0.4331666666666667,0.6581539840088083,0.7436154880066063,2.2403227494289224,0.3503105889586915,underdamped
-0.19499999999999984,-0.4331666666666667,0.6581539840088083,0.7436154880066063,2.2019194720586706,0.3428014320380678,underdamped
-0.16249999999999987,-0.4331666666666667,0.6581539840088083,0.7436154880066063,2.1696373401216054,0.33638714659203,underdamped
-0.1299999999999999,-0.4331666666666667,0.6581539840088081,0.743615488006606,2.1433582514715477,0.33109476723116293,underdamped
-0.09749999999999992,-0.4331666666666667,0.6581539840088084,0.7436154880066064,2.1229959474023725,0.32694916513987216,underdamped
-0.06499999999999995,-0.4331666666666667,0.6581539840088082,0.7436154880066062,2.1084900612699666,0.3239715582340772,underdamped
-0.03249999999999997,-0.4331666666666667,0.6581539840088084,0.7436154880066064,2.099801207781565,0.3221781811862513,underdamped
2.220446049250313e-16,-0.4331666666666667,0.6581539840088083,0.7436154880066063,2.096907291497668,0.32157922985445936,underdamped
0.032500000000000195,-0.4331666666666667,0.6581539840088084,0.7436154880066064,2.099801207781565,0.3221781811862513,underdamped
0.06500000000000017,-0.4331666666666667,0.6581539840088084,0.7436154880066064,2.108490061269967,0.3239715582340773,underdamped
0.09749999999999992,-0.4331666666666667,0.6581539840088084,0.7436154880066064,2.1229959474023725,0.32694916513987216,underdamped
0.13000000000000012,-0.4331666666666667,0.6581539840088082,0.7436154880066062,2.1433582514715477,0.33109476723116293,underdamped
0.1625000000000003,-0.4331666666666667,0.6581539840088081,0.743615488006606,2.1696373401216054,0.33638714659203,underdamped
0.19500000000000006,-0.4331666666666667,0.6581539840088083,0.7436154880066063,2.2019194720586714,0.34280143203806795,underdamped
0.22750000000000026,-0.4331666666666667,0.6581539840088084,0.7436154880066064,2.2403227494289224,0.3503105889586915,underdamped
0.26,-0.4331666666666667,0.6581539840088083,0.7436154880066063,2.2850039702377445,0.3588869590014254,underdamped
0.2925000000000002,-0.4331666666666667,0.6581539840088082,0.7436154880066062,2.336166318523822,0.3685037582374069,underdamped
0.32499999999999996,-0.4331666666666667,0.6581539840088082,0.7436154880066062,2.394067932012044,0.3791364694118299,underdamped
0.35750000000000015,-0.4331666666666667,0.6581539840088083,0.7436154880066063,2.4590315065860433,0.39076409321566047,underdamped
0.3899999999999999,-0.4331666666666667,0.6581539840088083,0.7436154880066063,2.531455227277666,0.40337025061750637,underdamped
0.4225000000000001,-0.4331666666666667,0.6581539840088083,0.7436154880066063,2.6118254567537784,0.4169441505121019,underdamped
0.4550000000000003,-0.4331666666666667,0.6581539840088083,0.7436154880066063,2.7007317712859065,0.4314814534821709,underdamped
0.48750000000000004,-0.4331666666666667,0.6581539840088082,0.7436154880066062,2.798885124389251,0.44698507393323544,underdamped
0.5200000000000002,-0.4331666666666667,0.6581539840088084,0.7436154880066064,2.9071401603376406,0.46346597067439366,underdamped
0.5525,-0.4331666666666667,0.6581539840088082,0.7436154880066062,3.0265230230437576,0.4809439819798874,underdamped
0.5850000000000002,-0.4331666666666667,0.6581539840088083,0.7436154880066063,3.158266452246099,0.4994487671727932,underdamped
0.6174999999999999,-0.4331666666666667,0.6581539840088083,0.7436154880066063,3.3038545895551126,0.5190209247429219,underdamped
0.6500000000000001,-0.4331666666666667,0.6581539840088082,0.7436154880066062,3.465080823005207,0.5397133689841326,underdamped
0.6825000000000003,-0.4331666666666667,0.6581539840088083,0.7436154880066063,3.6441233208513464,0.561593065518033,underdamped
0.7150000000000001,-0.4331666666666667,0.6581539840088083,0.7436154880066063,3.8436448650554245,0.5847432540558849,underdamped
0.7475000000000003,-0.4331666666666667,0.6581539840088083,0.7436154880066063,4.0669265500759835,0.6092663289856678,underdamped
0.78,-0.4331666666666667,0.6581539840088084,0.7436154880066064,4.318049454929777,0.6352876120325126,underdamped
0.8125000000000002,-0.4331666666666667,0.6581539840088083,0.7436154880066063,4.602145529477593,0.6629603478506085,underdamped
0.845,-0.4331666666666667,0.6581539840088083,0.7436154880066063,4.9257504085562935,0.6924724020355766,underdamped
0.8775000000000002,-0.4331666666666667,0.6581539840088083,0.7436154880066063,5.297309822869583,0.7240553741868194,underdamped
0.9100000000000004,-0.4331666666666667,0.6581539840088083,0.7436154880066063,5.727923556665264,0.7579972133605559,underdamped
0.9425000000000001,-0.4331666666666667,0.6581539840088082,0.7436154880066062,6.232467797752649,0.7946600432456932,underdamped
0.9750000000000003,-0.4331666666666667,0.6581539840088084,0.7436154880066064,6.831341017485061,0.8345059656620398,underdamped
1.0075,-0.4331666666666667,0.6581539840088082,0.7436154880066062,7.553278550609688,0.8781355009505851,underdamped
1.0400000000000003,-0.4331666666666667,0.6581539840088082,0.7436154880066062,8.440085563332403,0.9263468494093942,underdamped
1.0725,-0.4331666666666667,0.6581539840088083,0.7436154880066063,9.555009129846168,0.9802311063611957,underdamped
1.1050000000000002,-0.4331666666666667,0.6581539840088082,0.7436154880066062,10.998493329189605,1.041333195736815,underdamped
1.1375,-0.4331666666666667,0.6581539840088083,0.7436154880066063,12.940221740754197,1.1119417183698423,underdamped
1.1700000000000002,-0.4331666666666667,0.6581539840088082,0.7436154880066062,15.691180013270065,1.1956556047712381,underdamped
1.2025000000000003,-0.4331666666666667,0.6581539840088082,0.7436154880066062,19.88938225456744,1.298621294557374,underdamped
1.235,-0.4331666666666667,0.6581539840088083,0.7436154880066063,27.083015998163713,1.4326970262769547,underdamped
1.2675000000000003,-0.4331666666666667,0.6581539840088084,0.7436154880066064,42.25310068482973,1.6258585845496378,underdamped
1.3,-0.4331666666666667,0.6581539840088084,0.7436154880066064,95.16209849813741,1.9784640104576272,underdamped
1.3325000000000002,-0.4331666666666667,0.7697990020875792,0.8273492515656844,115.02893055498298,2.0608070820948434,overdamped
1.365,-0.4331666666666667,0.8631642835021169,0.8973732126265876,126.60983046780024,2.1024674272624804,overdamped
1.3975000000000002,-0.4331666666666667,0.9334517167242998,0.9534517167242998,173.88672849490027,2.2402664367388945,overdamped
1.43,-0.4331666666666667,0.9943892147763281,0.999,655.39934424678,2.8165060025176,overdamped
-1.3975,-0.41708333333333336,0.9655237415239113,0.9855237415239113,150.28211183047048,2.1769072893316976,overdamped
-1.365,-0.41708333333333336,0.9032326814648584,0.9274245110986438,147.5709435313203,2.1690008540570376,overdamped
-1.3325,-0.41708333333333336,0.8299745527300859,0.8724809145475645,106.60075125640121,2.027760265341209,overdamped
-1.2999999999999998,-0.41708333333333336,0.7235980072193977,0.7926985054145483,115.66868111614686,2.0632157836735896,overdamped
-1.2675,-0.41708333333333336,0.6458198923332522,0.7343649192499392,70.35128928806249,1.8472720609116362,underdamped
-1.2349999999999999,-0.41708333333333336,0.6458198923332521,0.7343649192499391,36.26527496510035,1.5594909746523933,underdamped
-1.2025,-0.41708333333333336,0.6458198923332522,0.7343649192499392,24.37680804027242,1.3869768374082152,underdamped
-1.17,-0.41708333333333336,0.6458198923332521,0.7343649192499391,18.329270903914963,1.2631451900738329,underdamped
-1.1375,-0.41708333333333336,0.6458198923332521,0.7343649192499391,14.667478523166476,1.1663554609737883,underdamped
-1.105,-0.41708333333333336,0.6458198923332522,0.7343649192499392,12.212676857827528,1.0868108660060454,underdamped
-1.0724999999999998,-0.41708333333333336,0.6458198923332522,0.7343649192499392,10.45290806990865,1.0192371309270902,underdamped
-1.04,-0.41708333333333336,0.6458198923332521,0.7343649192499391,9.129943389032062,0.9604680846638484,underdamped
-1.0074999999999998,-0.41708333333333336,0.6458198923332522,0.7343649192499392,8.099430905153485,0.9084545048744147,underdamped
-0.9749999999999999,-0.41708333333333336,0.6458198923332522,0.7343649192499392,7.2743610774753025,0.861794854329789,underdamped
-0.9424999999999999,-0.41708333333333336,0.645819892333252,0.734364919249939,6.599170877918672,0.8194893740624319,underdamped
-0.9099999999999999,-0.41708333333333336,0.6458198923332521,0.7343649192499391,6.036719554808407,0.7808010004967978,underdamped
-0.8775,-0.41708333333333336,0.6458198923332519,0.7343649192499389,5.561242944519528,0.7451718677723869,underdamped
-0.845,-0.41708333333333336,0.6458198923332521,0.7343649192499391,5.154312210904438,0.7121707214260481,underdamped
-0.8125,-0.41708333333333336,0.6458198923332521,0.7343649192499391,4.802401590970712,0.6814584742237308,underdamped
-0.78,-0.41708333333333336,0.6458198923332522,0.7343649192499392,4.495364343290076,0.6527648964848132,underdamped
-0.7474999999999998,-0.41708333333333336,0.6458198923332522,0.7343649192499392,4.2254445094497965,0.6258724027168796,underdamped
-0.7149999999999999,-0.41708333333333336,0.6458198923332522,0.7343649192499392,3.986616952843113,0.600604509236945,underdamped
-0.6824999999999999,-0.41708333333333336,0.6458198923332523,0.7343649192499393,3.7741351954848357,0.5768174532219714,underdamped
-0.6499999999999999,-0.41708333333333336,0.6458198923332521,0.7343649192499391,3.584214592745999,0.554394003684138,underdamped
-0.6174999999999999,-0.41708333333333336,0.6458198923332523,0.7343649192499393,3.413805893861391,0.5332388238608918,underdamped
-0.585,-0.41708333333333336,0.6458198923332521,0.7343649192499391,3.2604305255791983,0.5132749505397836,underdamped
-0.5525,-0.41708333333333336,0.6458198923332521,0.7343649192499391,3.1220588694812355,0.49444108785189805,underdamped
-0.5199999999999998,-0.41708333333333336,0.6458198923332521,0.7343649192499391,2.997019020504072,0.4766894991931419,underdamped
-0.4874999999999998,-0.41708333333333336,0.6458198923332523,0.7343649192499393,2.883927496872543,0.4599843378421283,underdamped
-0.45499999999999985,-0.41708333333333336,0.6458198923332521,0.7343649192499391,2.7816359767508603,0.444300294731333,underdamped
-0.4224999999999999,-0.41708333333333336,0.6458198923332521,0.7343649192499391,2.6891898732795743,0.4296214671568786,underdamped
-0.3899999999999999,-0.41708333333333336,0.6458198923332521,0.7343649192499391,2.6057957371803626,0.4159403692843791,underdamped
-0.35749999999999993,-0.41708333333333336,0.6458198923332521,0.7343649192499391,2.5307952880440148,0.4032570171975789,underdamped
-0.32499999999999996,-0.41708333333333336,0.6458198923332521,0.7343649192499391,2.463644445211627,0.3915780303492301,underdamped
-0.2925,-0.41708333333333336,0.6458198923332519,0.7343649192499389,2.403896137598579,0.380915699669204,underdamped
-0.26,-0.41708333333333336,0.6458198923332521,0.7343649192499391,2.3511859730441826,0.37128698211198685,underdamped
-0.2274999999999998,-0.41708333333333336,0.6458198923332521,0.7343649192499391,2.305220078756681,0.3627123936853264,underdamped
-0.19499999999999984,-0.41708333333333336,0.6458198923332521,0.7343649192499391,2.2657646103632922,0.3552147891415108,underdamped
-0.16249999999999987,-0.41708333333333336,0.6458198923332523,0.7343649192499393,2.232636584327584,0.34881803687987917,underdamped
-0.1299999999999999,-0.41708333333333336,0.6458198923332521,0.7343649192499391,2.205695826036274,0.3435456213488726,underdamped
-0.09749999999999992,-0.41708333333333336,0.6458198923332521,0.7343649192499391,2.184837946134815,0.3394192299977739,underdamped
-0.06499999999999995,-0.41708333333333336,0.6458198923332521,0.7343649192499391,2.169988357707283,0.3364574038038073,underdamped
-0.03249999999999997,-0.41708333333333336,0.6458198923332522,0.7343649192499392,2.161097420132411,0.33467434488985565,underdamped
2.220446049250313e-16,-0.41708333333333336,0.6458198923332522,0.7343649192499392,2.158136834870572,0.33407897730019753,underdamped
0.032500000000000195,-0.41708333333333336,0.6458198923332523,0.7343649192499393,2.161097420132411,0.33467434488985565,underdamped
0.06500000000000017,-0.41708333333333336,0.6458198923332521,0.7343649192499391,2.169988357707283,0.3364574038038073,underdamped
0.09749999999999992,-0.41708333333333336,0.6458198923332521,0.7343649192499391,2.184837946134815,0.3394192299977739,underdamped
0.13000000000000012,-0.41708333333333336,0.645819892333252,0.734364919249939,2.205695826036275,0.3435456213488728,underdamped
0.1625000000000003,-0.41708333333333336,0.6458198923332522,0.7343649192499392,2.232636584327583,0.348818036879879,underdamped
0.19500000000000006,-0.41708333333333336,0.6458198923332521,0.7343649192499391,2.2657646103632914,0.3552147891415106,underdamped
0.22750000000000026,-0.41708333333333336,0.6458198923332521,0.7343649192499391,2.305220078756681,0.3627123936853264,underdamped
0.26,-0.41708333333333336,0.6458198923332521,0.7343649192499391,2.3511859730441826,0.37128698211198685,underdamped
0.2925000000000002,-0.41708333333333336,0.645819892333252,0.734364919249939,2.403896137598579,0.380915699669204,underdamped
0.32499999999999996,-0.41708333333333336,0.6458198923332521,0.7343649192499391,2.463644445211627,0.3915780303492301,underdamped
0.35750000000000015,-0.41708333333333336,0.6458198923332522,0.7343649192499392,2.530795288044017,0.4032570171975793,underdamped
0.3899999999999999,-0.41708333333333336,0.6458198923332521,0.7343649192499391,2.6057957371803626,0.4159403692843791,underdamped
0.4225000000000001,-0.41708333333333336,0.645819892333252,0.734364919249939,2.689189873279575,0.4296214671568787,underdamped
0.4550000000000003,-0.41708333333333336,0.6458198923332522,0.7343649192499392,2.7816359767508607,0.4443002947313331,underdamped
0.48750000000000004,-0.41708333333333336,0.6458198923332521,0.7343649192499391,2.8839274968725452,0.4599843378421286,underdamped
0.5200000000000002,-0.41708333333333336,0.6458198923332521,0.7343649192499391,2.9970190205040734,0.4766894991931421,underdamped
0.5525,-0.41708333333333336,0.6458198923332521,0.7343649192499391,3.1220588694812355,0.49444108785189805,underdamped
0.5850000000000002,-0.41708333333333336,0.6458198923332521,0.7343649192499391,3.260430525579198,0.5132749505397834,underdamped
0.6174999999999999,-0.41708333333333336,0.6458198923332523,0.7343649192499393,3.413805893861391,0.5332388238608918,underdamped
0.6500000000000001,-0.41708333333333336,0.6458198923332521,0.7343649192499391,3.584214592746,0.5543940036841382,underdamped
0.6825000000000003,-0.41708333333333336,0.6458198923332521,0.7343649192499391,3.774135195484838,0.5768174532219716,underdamped
0.7150000000000001,-0.41708333333333336,0.6458198923332523,0.7343649192499393,3.9866169528431126,0.600604509236945,underdamped
0.7475000000000003,-0.41708333333333336,0.6458198923332522,0.7343649192499392,4.225444509449799,0.6258724027168798,underdamped
0.78,-0.41708333333333336,0.6458198923332522,0.7343649192499392,4.495364343290076,0.6527648964848132,underdamped
0.8125000000000002,-0.41708333333333336,0.6458198923332521,0.7343649192499391,4.802401590970711,0.6814584742237307,underdamped
0.845,-0.41708333333333336,0.6458198923332521,0.7343649192499391,5.154312210904438,0.7121707214260481,underdamped
0.8775000000000002,-0.41708333333333336,0.6458198923332522,0.7343649192499392,5.561242944519528,0.7451718677723869,underdamped
0.9100000000000004,-0.41708333333333336,0.645819892333252,0.734364919249939,6.036719554808412,0.7808010004967981,underdamped
0.9425000000000001,-0.41708333333333336,0.645819892333252,0.734364919249939,6.599170877918676,0.8194893740624323,underdamped
0.9750000000000003,-0.41708333333333336,0.6458198923332521,0.7343649192499391,7.274361077475316,0.8617948543297899,underdamped
1.0075,-0.41708333333333336,0.6458198923332522,0.7343649192499392,8.09943090515349,0.9084545048744149,underdamped
1.0400000000000003,-0.41708333333333336,0.645819892333252,0.734364919249939,9.12994338903209,0.9604680846638497,underdamped
1.0725,-0.41708333333333336,0.6458198923332521,0.7343649192499391,10.45290806990867,1.0192371309270911,underdamped
1.1050000000000002,-0.41708333333333336,0.6458198923332521,0.7343649192499391,12.212676857827534,1.0868108660060456,underdamped
1.1375,-0.41708333333333336,0.6458198923332521,0.7343649192499391,14.667478523166476,1.1663554609737883,underdamped
1.1700000000000002,-0.41708333333333336,0.6458198923332521,0.7343649192499391,18.329270903915027,1.2631451900738342,underdamped
1.2025000000000003,-0.41708333333333336,0.6458198923332521,0.7343649192499391,24.376808040272522,1.3869768374082172,underdamped
1.235,-0.41708333333333336,0.645819892333252,0.734364919249939,36.26527496510048,1.5594909746523948,underdamped
1.2675000000000003,-0.41708333333333336,0.6458198923332521,0.7343649192499391,70.35128928806277,1.847272060911638,underdamped
1.3,-0.41708333333333336,0.7235980072193985,0.7926985054145489,115.66868111614687,2.0632157836735896,overdamped
1.3325000000000002,-0.41708333333333336,0.8299745527300864,0.8724809145475647,106.60075125640081,2.0277602653412075,overdamped
1.365,-0.41708333333333336,0.9032326814648584,0.9274245110986438,147.5709435313203,2.1690008540570376,overdamped
1.3975000000000002,-0.41708333333333336,0.9655237415239115,0.9855237415239115,150.28211183047264,2.176907289331704,overdamped
-1.3975,-0.401,0.9941337546311576,0.999,561.2516690019535,2.749157645480887,overdamped
-1.365,-0.401,0.9370707170905562,0.9570707170905562,153.23248403585845,2.185350841941922,overdamped
-1.3325,-0.401,0.8733467467151524,0.9050100600363643,114.99505104442679,2.060679150350612,overdamped
-1.2999999999999998,-0.401,0.7966287829861514,0.8474715872396135,93.76445694924638,1.9720382426848893,overdamped
-1.2675,-0.401,0.6590296855201966,0.7442722641401475,149.15057975543397,2.173624945824776,overdamped
-1.2349999999999999,-0.401,0.6332456079595026,0.7249342059696269,56.010531213054044,1.7482696916082885,underdamped
-1.2025,-0.401,0.6332456079595027,0.724934205969627,31.83681781576946,1.5029296522152178,underdamped
-1.17,-0.401,0.6332456079595025,0.7249342059696269,22.201258824883926,1.3463775999101588,underdamped
-1.1375,-0.401,0.6332456079595027,0.724934205969627,17.021557716235996,1.230999301730335,underdamped
-1.105,-0.401,0.6332456079595027,0.724934205969627,13.78787749004105,1.139497415899565,underdamped
-1.0724999999999998,-0.401,0.6332456079595025,0.7249342059696269,11.57744607205828,1.0636127667195214,underdamped
-1.04,-0.401,0.6332456079595026,0.7249342059696269,9.97135206988172,0.9987540506563293,underdamped
-1.0074999999999998,-0.401,0.6332456079595026,0.7249342059696269,8.751955252582698,0.9421050885133394,underdamped
-0.9749999999999999,-0.401,0.6332456079595026,0.7249342059696269,7.7949765430019795,0.8918148126281151,underdamped
-0.9424999999999999,-0.401,0.6332456079595026,0.7249342059696269,7.024291398610427,0.8466025197237184,underdamped
-0.9099999999999999,-0.401,0.6332456079595026,0.7249342059696269,6.390672204078996,0.8055465419092747,underdamped
-0.8775,-0.401,0.6332456079595026,0.7249342059696269,5.860878678798664,0.7679627315038486,underdamped
-0.845,-0.401,0.6332456079595025,0.7249342059696269,5.411660527423726,0.7333305455584938,underdamped
-0.8125,-0.401,0.6332456079595026,0.7249342059696269,5.026272081397504,0.7012459940558616,underdamped
-0.78,-0.401,0.6332456079595026,0.7249342059696269,4.692351602795972,0.6713905468009119,underdamped
-0.7474999999999998,-0.401,0.6332456079595027,0.724934205969627,4.400580139112719,0.6435099343514128,underdamped
-0.7149999999999999,-0.401,0.6332456079595024,0.7249342059696268,4.143804986638331,0.6173993087015273,underdamped
-0.6824999999999999,-0.401,0.6332456079595026,0.7249342059696269,3.9164503053510606,0.5928926202827522,underdamped
-0.6499999999999999,-0.401,0.6332456079595025,0.7249342059696269,3.7141108858307073,0.5698548655818764,underdamped
-0.6174999999999999,-0.401,0.6332456079595026,0.7249342059696269,3.5332659990460544,0.5481763341711311,underdamped
-0.585,-0.401,0.6332456079595027,0.724934205969627,3.371073915155362,0.5277682750935536,underdamped
-0.5525,-0.401,0.6332456079595026,0.7249342059696269,3.225221795044867,0.508559585964143,underdamped
-0.5199999999999998,-0.401,0.6332456079595026,0.7249342059696269,3.093814326766308,0.4904942462474905,underdamped
-0.4874999999999998,-0.401,0.6332456079595026,0.7249342059696269,2.9752899381004325,0.4735292935541868,underdamped
-0.45499999999999985,-0.401,0.6332456079595026,0.7249342059696269,2.8683569332577763,0.4576331931948619,underdamped
-0.4224999999999999,-0.401,0.6332456079595026,0.7249342059696269,2.7719442141328243,0.4427844857745194,underdamped
-0.3899999999999999,-0.401,0.6332456079595024,0.7249342059696268,2.6851627958210056,0.4289706212025984,underdamped
-0.35749999999999993,-0.401,0.6332456079595026,0.7249342059696269,2.607275382783108,0.41618690416675974,underdamped
-0.32499999999999996,-0.401,0.6332456079595027,0.724934205969627,2.537672005885643,0.40443548882285435,underdamped
-0.2925,-0.401,0.6332456079595026,0.7249342059696269,2.475850240621879,0.3937243715118311,underdamped
-0.26,-0.401,0.6332456079595026,0.7249342059696269,2.421398904720129,0.3840663416300419,underdamped
-0.2274999999999998,-0.401,0.6332456079595027,0.724934205969627,2.373984416858262,0.37547786386259957,underdamped
-0.19499999999999984,-0.401,0.6332456079595026,0.7249342059696269,2.33333921929694,0.36797788082529054,underdamped
-0.16249999999999987,-0.401,0.6332456079595026,0.7249342059696269,2.2992518466717224,0.3615865439658478,underdamped
-0.1299999999999999,-0.401,0.6332456079595025,0.7249342059696269,2.27155837311301,0.35632390152710985,underdamped
-0.09749999999999992,-0.401,0.6332456079595026,0.7249342059696269,2.250135095579679,0.3522085934462383,underdamped
-0.06499999999999995,-0.401,0.6332456079595025,0.7249342059696269,2.2348924127888115,0.3492566211338261,underdamped
-0.03249999999999997,-0.401,0.6332456079595026,0.7249342059696269,2.2257699331268275,0.3474802714374757,underdamped
2.220446049250313e-16,-0.401,0.6332456079595026,0.7249342059696269,2.2227328875477363,0.34688727536918934,underdamped
0.032500000000000195,-0.401,0.6332456079595027,0.724934205969627,2.2257699331268275,0.3474802714374757,underdamped
0.06500000000000017,-0.401,0.6332456079595025,0.7249342059696269,2.2348924127888115,0.3492566211338261,underdamped
0.09749999999999992,-0.401,0.6332456079595026,0.7249342059696269,2.250135095579679,0.3522085934462383,underdamped
0.13000000000000012,-0.401,0.6332456079595026,0.7249342059696269,2.2715583731130096,0.35632390152710974,underdamped
0.1625000000000003,-0.401,0.6332456079595026,0.7249342059696269,2.2992518466717224,0.3615865439658478,underdamped
0.19500000000000006,-0.401,0.6332456079595026,0.7249342059696269,2.3333392192969407,0.36797788082529065,underdamped
0.22750000000000026,-0.401,0.6332456079595026,0.7249342059696269,2.373984416858263,0.37547786386259985,underdamped
0.26,-0.401,0.6332456079595026,0.7249342059696269,2.421398904720129,0.3840663416300419,underdamped
0.2925000000000002,-0.401,0.6332456079595026,0.7249342059696269,2.4758502406218796,0.39372437151183115,underdamped
0.32499999999999996,-0.401,0.6332456079595027,0.724934205969627,2.537672005885643,0.40443548882285435,underdamped
0.35750000000000015,-0.401,0.6332456079595025,0.7249342059696269,2.607275382783109,0.41618690416675996,underdamped
0.3899999999999999,-0.401,0.6332456079595024,0.7249342059696268,2.6851627958210056,0.4289706212025984,underdamped
0.4225000000000001,-0.401,0.6332456079595026,0.7249342059696269,2.7719442141328248,0.44278448577451945,underdamped
0.4550000000000003,-0.401,0.6332456079595026,0.7249342059696269,2.8683569332577767,0.457633193194862,underdamped
0.48750000000000004,-0.401,0.6332456079595025,0.7249342059696269,2.9752899381004325,0.4735292935541868,underdamped
0.5200000000000002,-0.401,0.6332456079595026,0.7249342059696269,3.09381432676631,0.49049424624749083,underdamped
0.5525,-0.401,0.6332456079595026,0.7249342059696269,3.225221795044867,0.508559585964143,underdamped
0.5850000000000002,-0.401,0.6332456079595027,0.724934205969627,3.3710739151553626,0.5277682750935536,underdamped
0.6174999999999999,-0.401,0.6332456079595026,0.7249342059696269,3.5332659990460544,0.5481763341711311,underdamped
0.6500000000000001,-0.401,0.6332456079595026,0.7249342059696269,3.714110885830709,0.5698548655818766,underdamped
0.6825000000000003,-0.401,0.6332456079595026,0.7249342059696269,3.916450305351065,0.5928926202827527,underdamped
0.7150000000000001,-0.401,0.6332456079595025,0.7249342059696269,4.143804986638331,0.6173993087015273,underdamped
0.7475000000000003,-0.401,0.6332456079595028,0.7249342059696271,4.400580139112722,0.643509934351413,underdamped
0.78,-0.401,0.6332456079595026,0.7249342059696269,4.692351602795972,0.6713905468009119,underdamped
0.8125000000000002,-0.401,0.6332456079595025,0.7249342059696269,5.026272081397505,0.7012459940558616,underdamped
0.845,-0.401,0.6332456079595025,0.7249342059696269,5.411660527423726,0.7333305455584938,underdamped
0.8775000000000002,-0.401,0.6332456079595026,0.7249342059696269,5.860878678798671,0.7679627315038491,underdamped
0.9100000000000004,-0.401,0.6332456079595025,0.7249342059696269,6.390672204079007,0.8055465419092754,underdamped
0.9425000000000001,-0.401,0.6332456079595026,0.7249342059696269,7.02429139861043,0.8466025197237186,underdamped
0.9750000000000003,-0.401,0.6332456079595028,0.7249342059696271,7.7949765430019875,0.8918148126281156,underdamped
1.0075,-0.401,0.6332456079595026,0.7249342059696269,8.751955252582704,0.9421050885133396,underdamped
1.0400000000000003,-0.401,0.6332456079595026,0.7249342059696269,9.971352069881725,0.9987540506563295,underdamped
1.0725,-0.401,0.6332456079595024,0.7249342059696268,11.577446072058295,1.063612766719522,underdamped
1.1050000000000002,-0.401,0.6332456079595027,0.724934205969627,13.78787749004106,1.1394974158995654,underdamped
1.1375,-0.401,0.6332456079595027,0.724934205969627,17.021557716235996,1.230999301730335,underdamped
1.1700000000000002,-0.401,0.6332456079595026,0.7249342059696269,22.201258824884068,1.3463775999101615,underdamped
1.2025000000000003,-0.401,0.6332456079595027,0.724934205969627,31.83681781576965,1.5029296522152205,underdamped
1.235,-0.401,0.6332456079595024,0.7249342059696268,56.01053121305453,1.7482696916082923,underdamped
1.2675000000000003,-0.401,0.6590296855202002,0.7442722641401502,149.15057975542854,2.17362494582476,overdamped
1.3,-0.401,0.796628782986152,0.847471587239614,93.76445694924699,1.9720382426848921,overdamped
1.3325000000000002,-0.401,0.873346746715153,0.9050100600363647,114.99505104442707,2.060679150350613,overdamped
1.365,-0.401,0.9370707170905562,0.9570707170905562,153.23248403585845,2.185350841941922,overdamped
1.3975000000000002,-0.401,0.994133754631158,0.999,561.2516690020133,2.749157645480933,overdamped
-1.365,-0.3849166666666667,0.9669109409522307,0.9869109409522308,134.99207408178006,2.130308270097991,overdamped
-1.3325,-0.3849166666666667,0.9090923271040972,0.9318192453280729,136.83292035312246,2.136190595978447,overdamped
-1.2999999999999998,-0.3849166666666667,0.8438642136479375,0.8828981602359531,95.14398035804294,1.9783813162175226,overdamped
-1.2675,-0.3849166666666667,0.763065102881811,0.8222988271613583,85.26428806426827,1.930767170157472,overdamped
-1.2349999999999999,-0.3849166666666667,0.6204165267517192,0.7153123950637894,129.42960660630376,2.112033631162836,underdamped
-1.2025,-0.3849166666666667,0.6204165267517191,0.7153123950637893,46.71158668606441,1.669424619531387,underdamped
-1.17,-0.3849166666666667,0.6204165267517192,0.7153123950637894,28.44621988845614,1.4540245627993464,underdamped
-1.1375,-0.3849166666666667,0.6204165267517192,0.7153123950637894,20.423809121424938,1.310136742948797,underdamped
-1.105,-0.3849166666666667,0.6204165267517192,0.7153123950637894,15.9158249229015,1.2018291531788,underdamped
-1.0724999999999998,-0.3849166666666667,0.6204165267517193,0.7153123950637895,13.028473392021947,1.1148935303509073,underdamped
-1.04,-0.3849166666666667,0.6204165267517192,0.7153123950637894,11.021523503412446,1.0422416311213245,underdamped
-1.0074999999999998,-0.3849166666666667,0.6204165267517192,0.7153123950637894,9.546059556017182,0.979824139517858,underdamped
-0.9749999999999999,-0.3849166666666667,0.6204165267517193,0.7153123950637895,8.41609288854918,0.9251105201511227,underdamped
-0.9424999999999999,-0.3849166666666667,0.6204165267517192,0.7153123950637894,7.523411190776219,0.8764147987598975,underdamped
-0.9099999999999999,-0.3849166666666667,0.6204165267517192,0.7153123950637894,6.800777716474933,0.8325585801562834,underdamped
-0.8775,-0.3849166666666667,0.6204165267517192,0.7153123950637894,6.20422010255132,0.7926871965606348,underdamped
-0.845,-0.3849166666666667,0.6204165267517192,0.7153123950637894,5.703775488031799,0.7561624224840848,underdamped
-0.8125,-0.3849166666666667,0.6204165267517192,0.7153123950637894,5.278328802132663,0.7224964401667415,underdamped
-0.78,-0.3849166666666667,0.6204165267517192,0.7153123950637894,4.912577290297092,0.6913093962558444,underdamped
-0.7474999999999998,-0.3849166666666667,0.6204165267517193,0.7153123950637895,4.595165178660135,0.6623011272327478,underdamped
-0.7149999999999999,-0.3849166666666667,0.6204165267517191,0.7153123950637893,4.317494070280797,0.6352317497725369,underdamped
-0.6824999999999999,-0.3849166666666667,0.6204165267517193,0.7153123950637895,4.072939820063019,0.6099079931923967,underdamped
-0.6499999999999999,-0.3849166666666667,0.6204165267517191,0.7153123950637893,3.856322648127655,0.5861733630003373,underdamped
-0.6174999999999999,-0.3849166666666667,0.6204165267517193,0.7153123950637895,3.663539901640714,0.5639009260423535,underdamped
-0.585,-0.3849166666666667,0.6204165267517192,0.7153123950637894,3.4913061083881436,0.5429879282629616,underdamped
-0.5525,-0.3849166666666667,0.6204165267517192,0.7153123950637894,3.336965493959094,0.5233517158365014,underdamped
-0.5199999999999998,-0.3849166666666667,0.6204165267517192,0.7153123950637894,3.1983544740518,0.5049265949929003,underdamped
-0.4874999999999998,-0.3849166666666667,0.6204165267517193,0.7153123950637895,3.073699258715179,0.48766137237974816,underdamped
-0.45499999999999985,-0.3849166666666667,0.6204165267517193,0.7153123950637895,2.9615385352373207,0.4715173880092249,underdamped
-0.4224999999999999,-0.3849166666666667,0.6204165267517192,0.7153123950637894,2.860664324478108,0.456466899895547,underdamped
-0.3899999999999999,-0.3849166666666667,0.6204165267517191,0.7153123950637893,2.7700761728937042,0.4424917116682598,underdamped
-0.35749999999999993,-0.3849166666666667,0.6204165267517192,0.7153123950637894,2.688945235171722,0.4295819571861418,underdamped
-0.32499999999999996,-0.3849166666666667,0.6204165267517193,0.7153123950637895,2.616585758214704,0.4177349732469352,underdamped
-0.2925,-0.3849166666666667,0.6204165267517192,0.7153123950637894,2.552432146291862,0.40695420565308627,underdamped
-0.26,-0.3849166666666667,0.6204165267517192,0.7153123950637894,2.4960202662471542,0.3972481072457935,underdamped
-0.2274999999999998,-0.3849166666666667,0.6204165267517192,0.7153123950637894,2.4469720040764247,0.388629000596302,underdamped
-0.19499999999999984,-0.3849166666666667,0.6204165267517191,0.7153123950637893,2.404982351752441,0.38111189378068133,underdamped
-0.16249999999999987,-0.3849166666666667,0.620416526751719,0.7153123950637892,2.3698085130243802,0.3747132552520343,underdamped
-0.1299999999999999,-0.3849166666666667,0.6204165267517192,0.7153123950637894,2.341260685697239,0.36944977254186545,underdamped
-0.09749999999999992,-0.3849166666666667,0.6204165267517191,0.7153123950637893,2.3191943144781515,0.36533713767214276,underdamped
-0.06499999999999995,-0.3849166666666667,0.6204165267517193,0.7153123950637895,2.3035037161253133,0.36238891721444877,underdamped
-0.03249999999999997,-0.3849166666666667,0.6204165267517192,0.7153123950637894,2.294117057222902,0.3606155739876401,underdamped
2.220446049250313e-16,-0.3849166666666667,0.6204165267517192,0.7153123950637894,2.290992713356983,0.360023707891324,underdamped
0.032500000000000195,-0.3849166666666667,0.6204165267517192,0.7153123950637894,2.294117057222902,0.3606155739876401,underdamped
0.06500000000000017,-0.3849166666666667,0.6204165267517193,0.7153123950637895,2.3035037161253133,0.36238891721444877,underdamped
0.09749999999999992,-0.3849166666666667,0.6204165267517191,0.7153123950637893,2.3191943144781515,0.36533713767214276,underdamped
0.13000000000000012,-0.3849166666666667,0.6204165267517192,0.7153123950637894,2.341260685697239,0.36944977254186545,underdamped
0.1625000000000003,-0.3849166666666667,0.6204165267517192,0.7153123950637894,2.36980851302438,0.37471325525203425,underdamped
0.19500000000000006,-0.3849166666666667,0.6204165267517191,0.7153123950637893,2.4049823517524413,0.3811118937806814,underdamped
0.22750000000000026,-0.3849166666666667,0.6204165267517191,0.7153123950637893,2.4469720040764242,0.38862900059630195,underdamped
0.26,-0.3849166666666667,0.6204165267517192,0.7153123950637894,2.4960202662471542,0.3972481072457935,underdamped
0.2925000000000002,-0.3849166666666667,0.6204165267517192,0.7153123950637894,2.552432146291862,0.40695420565308627,underdamped
0.32499999999999996,-0.3849166666666667,0.6204165267517193,0.7153123950637895,2.616585758214704,0.4177349732469352,underdamped
0.35750000000000015,-0.3849166666666667,0.6204165267517192,0.7153123950637894,2.688945235171723,0.4295819571861419,underdamped
0.3899999999999999,-0.3849166666666667,0.6204165267517191,0.7153123950637893,2.7700761728937042,0.4424917116682598,underdamped
0.4225000000000001,-0.3849166666666667,0.6204165267517191,0.7153123950637893,2.860664324478108,0.456466899895547,underdamped
0.4550000000000003,-0.3849166666666667,0.6204165267517193,0.7153123950637895,2.961538535237323,0.4715173880092252,underdamped
0.48750000000000004,-0.3849166666666667,0.6204165267517193,0.7153123950637895,3.0736992587151795,0.4876613723797482,underdamped
0.5200000000000002,-0.3849166666666667,0.6204165267517191,0.7153123950637893,3.198354474051803,0.5049265949929007,underdamped
0.5525,-0.3849166666666667,0.6204165267517192,0.7153123950637894,3.336965493959094,0.5233517158365014,underdamped
0.5850000000000002,-0.3849166666666667,0.6204165267517192,0.7153123950637894,3.4913061083881445,0.5429879282629617,underdamped
0.6174999999999999,-0.3849166666666667,0.6204165267517193,0.7153123950637895,3.663539901640714,0.5639009260423535,underdamped
0.6500000000000001,-0.3849166666666667,0.6204165267517191,0.7153123950637893,3.8563226481276547,0.5861733630003373,underdamped
0.6825000000000003,-0.3849166666666667,0.6204165267517191,0.7153123950637893,4.072939820063023,0.6099079931923971,underdamped
0.7150000000000001,-0.3849166666666667,0.6204165267517191,0.7153123950637893,4.3174940702808,0.6352317497725372,underdamped
0.7475000000000003,-0.3849166666666667,0.6204165267517192,0.7153123950637894,4.595165178660143,0.6623011272327486,underdamped
0.78,-0.3849166666666667,0.6204165267517192,0.7153123950637894,4.912577290297092,0.6913093962558444,underdamped
0.8125000000000002,-0.3849166666666667,0.6204165267517192,0.7153123950637894,5.278328802132664,0.7224964401667416,underdamped
0.845,-0.3849166666666667,0.6204165267517192,0.7153123950637894,5.703775488031799,0.7561624224840848,underdamped
0.8775000000000002,-0.3849166666666667,0.6204165267517192,0.7153123950637894,6.204220102551326,0.7926871965606352,underdamped
0.9100000000000004,-0.3849166666666667,0.6204165267517192,0.7153123950637894,6.800777716474942,0.8325585801562839,underdamped
0.9425000000000001,-0.3849166666666667,0.6204165267517192,0.7153123950637894,7.523411190776225,0.8764147987598978,underdamped
0.9750000000000003,-0.3849166666666667,0.6204165267517192,0.7153123950637894,8.416092888549198,0.9251105201511236,underdamped
1.0075,-0.3849166666666667,0.6204165267517193,0.7153123950637895,9.546059556017195,0.9798241395178586,underdamped
1.0400000000000003,-0.3849166666666667,0.6204165267517191,0.7153123950637893,11.021523503412473,1.0422416311213256,underdamped
1.0725,-0.3849166666666667,0.6204165267517193,0.7153123950637895,13.028473392021967,1.114893530350908,underdamped
1.1050000000000002,-0.3849166666666667,0.6204165267517192,0.7153123950637894,15.915824922901512,1.2018291531788003,underdamped
1.1375,-0.3849166666666667,0.6204165267517192,0.7153123950637894,20.423809121424938,1.310136742948797,underdamped
1.1700000000000002,-0.3849166666666667,0.6204165267517191,0.7153123950637893,28.446219888456223,1.4540245627993478,underdamped
1.2025000000000003,-0.3849166666666667,0.6204165267517193,0.7153123950637895,46.71158668606473,1.6694246195313902,underdamped
1.235,-0.3849166666666667,0.6204165267517193,0.7153123950637895,129.42960660630436,2.1120336311628383,underdamped
1.2675000000000003,-0.3849166666666667,0.7630651028818117,0.8222988271613588,85.26428806426878,1.9307671701574745,overdamped
1.3,-0.3849166666666667,0.8438642136479381,0.8828981602359536,95.14398035804264,1.9783813162175212,overdamped
1.3325000000000002,-0.3849166666666667,0.9090923271040976,0.9318192453280731,136.83292035312348,2.1361905959784506,overdamped
1.365,-0.3849166666666667,0.9669109409522307,0.9869109409522308,134.99207408178006,2.130308270097991,overdamped
-1.365,-0.36883333333333335,0.9939047473412481,0.999,486.24184519562243,2.6868523308042214,overdamped
-1.3325,-0.36883333333333335,0.9402130069309845,0.9602130069309845,136.20726699657607,2.1342002788860235,overdamped
-1.2999999999999998,-0.36883333333333335,0.8816606713852537,0.9112455035389403,105.73105013271514,2.024202545690067,overdamped
-1.2675,-0.36883333333333335,0.8148735190875737,0.8611551393156802,81.81313215222197,1.9128230196065017,overdamped
-1.2349999999999999,-0.36883333333333335,0.7291822128481815,0.7968866596361361,79.73480804207882,1.901647953020806,overdamped
-1.2025,-0.36883333333333335,0.6073165017792068,0.7054873763344052,91.09286633766415,1.9594843678457248,underdamped
-1.17,-0.36883333333333335,0.6073165017792068,0.7054873763344052,40.23115493237543,1.6045625002212243,underdamped
-1.1375,-0.36883333333333335,0.607316501779207,0.7054873763344053,25.783377923701774,1.411339814395267,underdamped
-1.105,-0.36883333333333335,0.6073165017792068,0.7054873763344052,18.95381900968255,1.2776967292237174,underdamped
-1.0724999999999998,-0.36883333333333335,0.6073165017792068,0.7054873763344052,14.974968824159879,1.1753659269204857,underdamped
-1.04,-0.36883333333333335,0.6073165017792067,0.7054873763344051,12.370871325676559,1.0924002896538976,underdamped
-1.0074999999999998,-0.36883333333333335,0.6073165017792069,0.7054873763344052,10.534605176089473,1.0226182634316496,underdamped
-0.9749999999999999,-0.36883333333333335,0.6073165017792069,0.7054873763344052,9.170758129663215,0.9624052394780492,underdamped
-0.9424999999999999,-0.36883333333333335,0.6073165017792068,0.7054873763344052,8.118306933624932,0.9094654669196405,underdamped
-0.9099999999999999,-0.36883333333333335,0.6073165017792069,0.7054873763344052,7.282008508144027,0.862251182018667,underdamped
-0.8775,-0.36883333333333335,0.6073165017792069,0.7054873763344052,6.6019296955649915,0.8196708951850303,underdamped
-0.845,-0.36883333333333335,0.6073165017792068,0.7054873763344052,6.038478848210354,0.7809275493776393,underdamped
-0.8125,-0.36883333333333335,0.6073165017792068,0.7054873763344052,5.564457497753335,0.7454228295481993,underdamped
-0.78,-0.36883333333333335,0.6073165017792068,0.7054873763344052,5.1605695718637,0.7126976373377322,underdamped
-0.7474999999999998,-0.36883333333333335,0.6073165017792068,0.7054873763344052,4.812752144017886,0.6823934961554228,underdamped
-0.7149999999999999,-0.36883333333333335,0.6073165017792069,0.7054873763344052,4.510520396286191,0.6542266510126484,underdamped
-0.6824999999999999,-0.36883333333333335,0.6073165017792068,0.7054873763344052,4.245904057265391,0.6279701763888624,underdamped
-0.6499999999999999,-0.36883333333333335,0.6073165017792069,0.7054873763344052,4.012742637735116,0.6034413066075742,underdamped
-0.6174999999999999,-0.36883333333333335,0.6073165017792067,0.7054873763344051,3.8062058288836464,0.5804922700075837,underdamped
-0.585,-0.36883333333333335,0.6073165017792068,0.7054873763344052,3.622459435308771,0.5590035308940199,underdamped
-0.5525,-0.36883333333333335,0.6073165017792068,0.7054873763344052,3.4584278452054313,0.5388787192207096,underdamped
-0.5199999999999998,-0.36883333333333335,0.607316501779207,0.7054873763344053,3.3116220195849104,0.5200407616344916,underdamped
-0.4874999999999998,-0.36883333333333335,0.6073165017792069,0.7054873763344052,3.1800128610464626,0.5024288764216074,underdamped
-0.45499999999999985,-0.36883333333333335,0.6073165017792068,0.7054873763344052,3.061936584899158,0.48599619187708254,underdamped
-0.4224999999999999,-0.36883333333333335,0.6073165017792069,0.7054873763344052,2.956023021873577,0.47070781207519796,underdamped
-0.3899999999999999,-0.36883333333333335,0.6073165017792069,0.7054873763344052,2.8611405850289793,0.4565391978270356,underdamped
-0.35749999999999993,-0.36883333333333335,0.6073165017792068,0.7054873763344052,2.77635349583232,0.4434747613200946,underdamped
-0.32499999999999996,-0.36883333333333335,0.6073165017792068,0.7054873763344052,2.7008881259392687,0.43150659555602505,underdamped
-0.2925,-0.36883333333333335,0.6073165017792069,0.7054873763344052,2.634106182738114,0.4206332777054035,underdamped
-0.26,-0.36883333333333335,0.6073165017792069,0.7054873763344052,2.5754830816632803,0.4108587013474798,underdamped
-0.2274999999999998,-0.36883333333333335,0.6073165017792068,0.7054873763344052,2.524590292621733,0.40219090796322415,underdamped
-0.19499999999999984,-0.36883333333333335,0.607316501779207,0.7054873763344053,2.481080777569818,0.3946409040068926,underdamped
-0.16249999999999987,-0.36883333333333335,0.6073165017792069,0.7054873763344052,2.4446768876252336,0.38822146665210966,underdamped
-0.1299999999999999,-0.36883333333333335,0.6073165017792068,0.7054873763344052,2.415160283984704,0.38294595833397715,underdamped
-0.09749999999999992,-0.36883333333333335,0.6073165017792069,0.7054873763344052,2.3923636008408073,0.37882718611833416,underdamped
-0.06499999999999995,-0.36883333333333335,0.6073165017792068,0.7054873763344052,2.3761636875018985,0.37587635471413267,underdamped
-0.03249999999999997,-0.36883333333333335,0.6073165017792067,0.7054873763344051,2.3664763541538933,0.3741021693525913,underdamped
2.220446049250313e-16,-0.36883333333333335,0.6073165017792068,0.7054873763344052,2.36325260279529,0.3735101448811591,underdamped
0.032500000000000195,-0.36883333333333335,0.6073165017792068,0.7054873763344052,2.366476354153894,0.37410216935259133,underdamped
0.06500000000000017,-0.36883333333333335,0.6073165017792068,0.7054873763344052,2.3761636875019003,0.375876354714133,underdamped
0.09749999999999992,-0.36883333333333335,0.6073165017792069,0.7054873763344052,2.3923636008408073,0.37882718611833416,underdamped
0.13000000000000012,-0.36883333333333335,0.6073165017792067,0.7054873763344051,2.4151602839847044,0.3829459583339772,underdamped
0.1625000000000003,-0.36883333333333335,0.6073165017792068,0.7054873763344052,2.444676887625234,0.38822146665210977,underdamped
0.19500000000000006,-0.36883333333333335,0.6073165017792069,0.7054873763344052,2.4810807775698187,0.3946409040068928,underdamped
0.22750000000000026,-0.36883333333333335,0.6073165017792068,0.7054873763344052,2.524590292621733,0.40219090796322415,underdamped
0.26,-0.36883333333333335,0.6073165017792069,0.7054873763344052,2.5754830816632803,0.4108587013474798,underdamped
0.2925000000000002,-0.36883333333333335,0.6073165017792068,0.7054873763344052,2.6341061827381167,0.42063327770540393,underdamped
0.32499999999999996,-0.36883333333333335,0.6073165017792068,0.7054873763344052,2.7008881259392687,0.43150659555602505,underdamped
0.35750000000000015,-0.36883333333333335,0.6073165017792067,0.7054873763344051,2.776353495832321,0.4434747613200947,underdamped
0.3899999999999999,-0.36883333333333335,0.6073165017792069,0.7054873763344052,2.8611405850289793,0.4565391978270356,underdamped
0.4225000000000001,-0.36883333333333335,0.6073165017792069,0.7054873763344052,2.9560230218735764,0.4707078120751979,underdamped
0.4550000000000003,-0.36883333333333335,0.6073165017792069,0.7054873763344052,3.0619365848991613,0.485996191877083,underdamped
0.48750000000000004,-0.36883333333333335,0.6073165017792069,0.7054873763344052,3.1800128610464626,0.5024288764216074,underdamped
0.5200000000000002,-0.36883333333333335,0.6073165017792067,0.7054873763344051,3.3116220195849126,0.520040761634492,underdamped
0.5525,-0.36883333333333335,0.6073165017792068,0.7054873763344052,3.4584278452054313,0.5388787192207096,underdamped
0.5850000000000002,-0.36883333333333335,0.6073165017792068,0.7054873763344052,3.6224594353087713,0.5590035308940199,underdamped
0.6174999999999999,-0.36883333333333335,0.6073165017792067,0.7054873763344051,3.8062058288836464,0.5804922700075837,underdamped
0.6500000000000001,-0.36883333333333335,0.6073165017792068,0.7054873763344052,4.012742637735116,0.6034413066075742,underdamped
0.6825000000000003,-0.36883333333333335,0.6073165017792067,0.7054873763344051,4.245904057265395,0.6279701763888629,underdamped
0.7150000000000001,-0.36883333333333335,0.6073165017792069,0.7054873763344052,4.510520396286193,0.6542266510126487,underdamped
0.7475000000000003,-0.36883333333333335,0.607316501779207,0.7054873763344053,4.812752144017891,0.6823934961554231,underdamped
0.78,-0.36883333333333335,0.6073165017792068,0.7054873763344052,5.1605695718637,0.7126976373377322,underdamped
0.8125000000000002,-0.36883333333333335,0.6073165017792068,0.7054873763344052,5.564457497753339,0.7454228295481995,underdamped
0.845,-0.36883333333333335,0.6073165017792068,0.7054873763344052,6.038478848210354,0.7809275493776393,underdamped
0.8775000000000002,-0.36883333333333335,0.6073165017792069,0.7054873763344052,6.601929695564997,0.8196708951850307,underdamped
0.9100000000000004,-0.36883333333333335,0.6073165017792067,0.7054873763344051,7.282008508144038,0.8622511820186677,underdamped
0.9425000000000001,-0.36883333333333335,0.6073165017792068,0.7054873763344052,8.11830693362494,0.9094654669196408,underdamped
0.9750000000000003,-0.36883333333333335,0.6073165017792068,0.7054873763344052,9.170758129663236,0.9624052394780502,underdamped
1.0075,-0.36883333333333335,0.6073165017792068,0.7054873763344052,10.534605176089473,1.0226182634316496,underdamped
1.0400000000000003,-0.36883333333333335,0.6073165017792067,0.7054873763344051,12.370871325676573,1.092400289653898,underdamped
1.0725,-0.36883333333333335,0.6073165017792069,0.7054873763344052,14.974968824159902,1.1753659269204864,underdamped
1.1050000000000002,-0.36883333333333335,0.6073165017792068,0.7054873763344052,18.95381900968256,1.2776967292237176,underdamped
1.1375,-0.36883333333333335,0.607316501779207,0.7054873763344053,25.783377923701774,1.411339814395267,underdamped
1.1700000000000002,-0.36883333333333335,0.6073165017792068,0.7054873763344052,40.23115493237568,1.604562500221227,underdamped
1.2025000000000003,-0.36883333333333335,0.6073165017792069,0.7054873763344052,91.09286633766555,1.9594843678457314,underdamped
1.235,-0.36883333333333335,0.7291822128481824,0.7968866596361368,79.73480804207851,1.9016479530208044,overdamped
1.2675000000000003,-0.36883333333333335,0.8148735190875742,0.8611551393156807,81.81313215222201,1.912823019606502,overdamped
1.3,-0.36883333333333335,0.881660671385254,0.9112455035389404,105.73105013271595,2.0242025456900703,overdamped
1.3325000000000002,-0.36883333333333335,0.9402130069309849,0.9602130069309849,136.20726699657635,2.1342002788860244,overdamped
1.365,-0.36883333333333335,0.9939047473412481,0.999,486.24184519562243,2.6868523308042214,overdamped
-1.3325,-0.35275,0.968142468438681,0.988142468438681,121.87865636536459,2.0859276577567045,overdamped
-1.2999999999999998,-0.35275,0.9141022529248848,0.9355766896936636,127.57804065048673,2.1057759279507007,overdamped
-1.2675,-0.35275,0.8548587119495747,0.891144033962181,86.5677220790298,1.9373559897533599,overdamped
-1.2349999999999999,-0.35275,0.7864859461612116,0.8398644596209087,72.24492322540483,1.8588073338831348,overdamped
-1.2025,-0.35275,0.6947997862103381,0.7710998396577535,76.54279257575948,1.88390430291224,overdamped
-1.17,-0.35275,0.593927605015965,0.6954457037619737,70.88423646083889,1.850549665659232,underdamped
-1.1375,-0.35275,0.5939276050159649,0.6954457037619737,35.49078020707913,1.5501155467103644,underdamped
-1.105,-0.35275,0.5939276050159649,0.6954457037619737,23.652734443933618,1.3738813558672116,underdamped
-1.0724999999999998,-0.35275,0.5939276050159648,0.6954457037619736,17.727426203261988,1.248645686144569,underdamped
-1.04,-0.35275,0.593927605015965,0.6954457037619737,14.171209646439499,1.151406922961053,underdamped
-1.0074999999999998,-0.35275,0.5939276050159649,0.6954457037619737,11.800775522265715,1.0719105491682686,underdamped
-0.9749999999999999,-0.35275,0.5939276050159649,0.6954457037619737,10.108489311244508,1.0046862562029701,underdamped
-0.9424999999999999,-0.35275,0.5939276050159649,0.6954457037619737,8.840379102573497,0.9464708892919774,underdamped
-0.9099999999999999,-0.35275,0.593927605015965,0.6954457037619737,7.8552974268079865,0.8951626334722412,underdamped
-0.8775,-0.35275,0.593927605015965,0.6954457037619737,7.06854083714931,0.8493297713954944,underdamped
-0.845,-0.35275,0.593927605015965,0.6954457037619737,6.426207617518651,0.8079547526014507,underdamped
-0.8125,-0.35275,0.5939276050159649,0.6954457037619737,5.892371072153044,0.7702900887330496,underdamped
-0.78,-0.35275,0.5939276050159649,0.6954457037619737,5.442170560363202,0.7357721486645784,underdamped
-0.7474999999999998,-0.35275,0.593927605015965,0.6954457037619737,5.057862550852084,0.7039670230673877,underdamped
-0.7149999999999999,-0.35275,0.5939276050159649,0.6954457037619737,4.726450859085371,0.6745351468929617,underdamped
-0.6824999999999999,-0.35275,0.593927605015965,0.6954457037619737,4.438205416863417,0.6472073991455884,underdamped
-0.6499999999999999,-0.35275,0.5939276050159648,0.6954457037619736,4.185703830954618,0.6217684955906811,underdamped
-0.6174999999999999,-0.35275,0.593927605015965,0.6954457037619737,3.9631924889183834,0.5980451661633427,underdamped
-0.585,-0.35275,0.5939276050159651,0.6954457037619738,3.766149517798485,0.5758975577055643,underdamped
-0.5525,-0.35275,0.593927605015965,0.6954457037619737,3.5909789615462575,0.5552128607342232,underdamped
-0.5199999999999998,-0.35275,0.593927605015965,0.6954457037619737,3.4347924383362405,0.5359004981324541,underdamped
-0.4874999999999998,-0.35275,0.593927605015965,0.6954457037619737,3.2952504329424075,0.5178884257622071,underdamped
-0.45499999999999985,-0.35275,0.5939276050159649,0.6954457037619737,3.170445054233469,0.5011202309972007,underdamped
-0.4224999999999999,-0.35275,0.593927605015965,0.6954457037619737,3.058812134703495,0.48555280442270965,underdamped
-0.3899999999999999,-0.35275,0.593927605015965,0.6954457037619737,2.9590644193640188,0.47115441993244345,underdamped
-0.35749999999999993,-0.35275,0.5939276050159649,0.6954457037619737,2.8701401232829022,0.4579030999684973,underdamped
-0.32499999999999996,-0.35275,0.5939276050159649,0.6954457037619737,2.7911628276938543,0.4457851726069582,underdamped
-0.2925,-0.35275,0.593927605015965,0.6954457037619737,2.7214098362461123,0.4347939501653304,underdamped
-0.26,-0.35275,0.593927605015965,0.6954457037619737,2.660286913637629,0.42492847809347245,underdamped
-0.2274999999999998,-0.35275,0.593927605015965,0.6954457037619737,2.6073078977661934,0.41619232016147056,underdamped
-0.19499999999999984,-0.35275,0.5939276050159649,0.6954457037619737,2.5620780902403473,0.40859236258416665,underdamped
-0.16249999999999987,-0.35275,0.593927605015965,0.6954457037619737,2.5242806380653886,0.40213763614576975,underdamped
-0.1299999999999999,-0.35275,0.5939276050159648,0.6954457037619736,2.493665353169597,0.39683817126630017,underdamped
-0.09749999999999992,-0.35275,0.5939276050159649,0.6954457037619737,2.4700395957987156,0.3927039152430894,underdamped
-0.06499999999999995,-0.35275,0.5939276050159649,0.6954457037619737,2.4532609843590585,0.38974375205386563,underdamped
-0.03249999999999997,-0.35275,0.593927605015965,0.6954457037619737,2.443231794819437,0.3879646714088045,underdamped
2.220446049250313e-16,-0.35275,0.5939276050159649,0.6954457037619737,2.439894981756865,0.38737113378748794,underdamped
0.032500000000000195,-0.35275,0.593927605015965,0.6954457037619737,2.4432317948194386,0.38796467140880475,underdamped
0.06500000000000017,-0.35275,0.593927605015965,0.6954457037619737,2.453260984359059,0.38974375205386574,underdamped
0.09749999999999992,-0.35275,0.5939276050159649,0.6954457037619737,2.4700395957987156,0.3927039152430894,underdamped
0.13000000000000012,-0.35275,0.5939276050159649,0.6954457037619737,2.4936653531695963,0.3968381712663,underdamped
0.1625000000000003,-0.35275,0.593927605015965,0.6954457037619737,2.52428063806539,0.40213763614577,underdamped
0.19500000000000006,-0.35275,0.5939276050159648,0.6954457037619736,2.5620780902403477,0.4085923625841667,underdamped
0.22750000000000026,-0.35275,0.5939276050159649,0.6954457037619737,2.6073078977661943,0.41619232016147073,underdamped
0.26,-0.35275,0.593927605015965,0.6954457037619737,2.660286913637629,0.42492847809347245,underdamped
0.2925000000000002,-0.35275,0.593927605015965,0.6954457037619737,2.721409836246113,0.43479395016533057,underdamped
0.32499999999999996,-0.35275,0.5939276050159649,0.6954457037619737,2.7911628276938543,0.4457851726069582,underdamped
0.35750000000000015,-0.35275,0.593927605015965,0.6954457037619737,2.870140123282903,0.45790309996849743,underdamped
0.3899999999999999,-0.35275,0.593927605015965,0.6954457037619737,2.9590644193640188,0.47115441993244345,underdamped
0.4225000000000001,-0.35275,0.5939276050159649,0.6954457037619737,3.0588121347034947,0.4855528044227096,underdamped
0.4550000000000003,-0.35275,0.5939276050159649,0.6954457037619737,3.1704450542334697,0.5011202309972008,underdamped
0.48750000000000004,-0.35275,0.593927605015965,0.6954457037619737,3.2952504329424093,0.5178884257622073,underdamped
0.5200000000000002,-0.35275,0.5939276050159648,0.6954457037619736,3.4347924383362427,0.5359004981324543,underdamped
0.5525,-0.35275,0.593927605015965,0.6954457037619737,3.5909789615462575,0.5552128607342232,underdamped
0.5850000000000002,-0.35275,0.5939276050159651,0.6954457037619738,3.7661495177984863,0.5758975577055644,underdamped
0.6174999999999999,-0.35275,0.593927605015965,0.6954457037619737,3.9631924889183834,0.5980451661633427,underdamped
0.6500000000000001,-0.35275,0.5939276050159648,0.6954457037619736,4.185703830954618,0.6217684955906811,underdamped
0.6825000000000003,-0.35275,0.5939276050159649,0.6954457037619737,4.43820541686342,0.6472073991455888,underdamped
0.7150000000000001,-0.35275,0.5939276050159649,0.6954457037619737,4.726450859085374,0.674535146892962,underdamped
0.7475000000000003,-0.35275,0.5939276050159649,0.6954457037619737,5.057862550852088,0.703967023067388,underdamped
0.78,-0.35275,0.5939276050159649,0.6954457037619737,5.442170560363202,0.7357721486645784,underdamped
0.8125000000000002,-0.35275,0.593927605015965,0.6954457037619737,5.892371072153046,0.7702900887330497,underdamped
0.845,-0.35275,0.593927605015965,0.6954457037619737,6.426207617518651,0.8079547526014507,underdamped
0.8775000000000002,-0.35275,0.593927605015965,0.6954457037619737,7.068540837149313,0.8493297713954945,underdamped
0.9100000000000004,-0.35275,0.5939276050159649,0.6954457037619737,7.855297426807997,0.8951626334722418,underdamped
0.9425000000000001,-0.35275,0.5939276050159649,0.6954457037619737,8.840379102573497,0.9464708892919774,underdamped
0.9750000000000003,-0.35275,0.5939276050159649,0.6954457037619737,10.108489311244526,1.004686256202971,underdamped
1.0075,-0.35275,0.5939276050159649,0.6954457037619737,11.800775522265738,1.0719105491682694,underdamped
1.0400000000000003,-0.35275,0.593927605015965,0.6954457037619737,14.171209646439513,1.1514069229610535,underdamped
1.0725,-0.35275,0.593927605015965,0.6954457037619737,17.727426203262,1.2486456861445692,underdamped
1.1050000000000002,-0.35275,0.5939276050159651,0.6954457037619738,23.652734443933674,1.3738813558672127,underdamped
1.1375,-0.35275,0.5939276050159649,0.6954457037619737,35.49078020707913,1.5501155467103644,underdamped
1.1700000000000002,-0.35275,0.593927605015965,0.6954457037619737,70.88423646083963,1.8505496656592364,underdamped
1.2025000000000003,-0.35275,0.6947997862103396,0.7710998396577546,76.54279257575938,1.8839043029122395,overdamped
1.235,-0.35275,0.7864859461612121,0.839864459620909,72.2449232254053,1.8588073338831377,overdamped
1.2675000000000003,-0.35275,0.8548587119495752,0.8911440339621814,86.56772207903008,1.9373559897533612,overdamped
1.3,-0.35275,0.9141022529248852,0.9355766896936639,127.57804065048776,2.1057759279507042,overdamped
1.3325000000000002,-0.35275,0.9681424684386812,0.9881424684386813,121.87865636536469,2.085927657756705,overdamped
-1.3325,-0.33666666666666667,0.9936983101702213,0.999,425.37725151163085,2.6287742608202675,overdamped
-1.2999999999999998,-0.33666666666666667,0.9429732638541155,0.9629732638541155,121.95380942144371,2.0861953707413683,overdamped
-1.2675,-0.33666666666666667,0.8886468337059787,0.9164851252794841,98.0256580703558,1.991339766507719,overdamped
-1.2349999999999999,-0.33666666666666667,0.8287808162927557,0.8715856122195668,73.52755407999273,1.8664501192529834,overdamped
-1.2025,-0.33666666666666667,0.7588409129148419,0.8191306846861315,65.01532488112657,1.813015737056026,overdamped
-1.17,-0.33666666666666667,0.6595542308211497,0.7446656731158623,75.57872906114024,1.8783995845064452,overdamped
-1.1375,-0.33666666666666667,0.5802298395176405,0.6851723796382304,58.50945395856204,1.7672260450618384,underdamped
-1.105,-0.33666666666666667,0.5802298395176403,0.6851723796382302,31.90503454494085,1.5038592191878122,underdamped
-1.0724999999999998,-0.33666666666666667,0.5802298395176404,0.6851723796382303,21.925300654162207,1.340945557410865,underdamped
-1.04,-0.33666666666666667,0.5802298395176403,0.6851723796382302,16.698576359319365,1.2226794468573539,underdamped
-1.0074999999999998,-0.33666666666666667,0.5802298395176404,0.6851723796382303,13.483485615238981,1.1298021761594952,underdamped
-0.9749999999999999,-0.33666666666666667,0.5802298395176403,0.6851723796382302,11.307011539358696,1.0533478353882688,underdamped
-0.9424999999999999,-0.33666666666666667,0.5802298395176405,0.6851723796382304,9.736643660767317,0.9884092760970633,underdamped
-0.9099999999999999,-0.33666666666666667,0.5802298395176403,0.6851723796382302,8.550843241366655,0.9320089447883725,underdamped
-0.8775,-0.33666666666666667,0.5802298395176403,0.6851723796382302,7.624399037404751,0.8822056178516618,underdamped
-0.845,-0.33666666666666667,0.5802298395176403,0.6851723796382302,6.881214327096627,0.8376650848956277,underdamped
-0.8125,-0.33666666666666667,0.5802298395176403,0.6851723796382302,6.2723844891117855,0.7974326721862066,underdamped
-0.78,-0.33666666666666667,0.5802298395176402,0.6851723796382301,5.765055379237833,0.7608034834922766,underdamped
-0.7474999999999998,-0.33666666666666667,0.5802298395176403,0.6851723796382302,5.3363458673263295,0.7272439699721034,underdamped
-0.7149999999999999,-0.33666666666666667,0.5802298395176404,0.6851723796382303,4.969838307429129,0.6963422592899491,underdamped
-0.6824999999999999,-0.33666666666666667,0.5802298395176404,0.6851723796382303,4.653454429045456,0.6677754652541419,underdamped
-0.6499999999999999,-0.33666666666666667,0.5802298395176402,0.6851723796382301,4.378118055578391,0.6412874681033129,underdamped
-0.6174999999999999,-0.33666666666666667,0.5802298395176403,0.6851723796382302,4.136884452760764,0.6166733907941822,underdamped
-0.585,-0.33666666666666667,0.5802298395176403,0.6851723796382302,3.9243568444025136,0.5937684911922841,underdamped
-0.5525,-0.33666666666666667,0.5802298395176403,0.6851723796382302,3.73628540040008,0.5724400429019583,underdamped
-0.5199999999999998,-0.33666666666666667,0.5802298395176403,0.6851723796382302,3.5692854577461945,0.5525812825497836,underdamped
-0.4874999999999998,-0.33666666666666667,0.5802298395176405,0.6851723796382304,3.420635591667792,0.5341068102395873,underdamped
-0.45499999999999985,-0.33666666666666667,0.5802298395176405,0.6851723796382304,3.2881303384870404,0.5169490242462961,underdamped
-0.4224999999999999,-0.33666666666666667,0.5802298395176403,0.6851723796382302,3.169971053507419,0.5010552964892355,underdamped
-0.3899999999999999,-0.33666666666666667,0.5802298395176404,0.6851723796382303,3.064683840646105,0.4863856784156217,underdamped
-0.35749999999999993,-0.33666666666666667,0.5802298395176403,0.6851723796382302,2.9710569977217722,0.47291098352988514,underdamped
-0.32499999999999996,-0.33666666666666667,0.5802298395176403,0.6851723796382302,2.8880927264706244,0.46061113278542637,underdamped
-0.2925,-0.33666666666666667,0.5802298395176405,0.6851723796382304,2.8149694031261947,0.44947367871643323,underdamped
-0.26,-0.33666666666666667,0.5802298395176403,0.6851723796382302,2.7510117645978505,0.4394924476375946,underdamped
-0.2274999999999998,-0.33666666666666667,0.5802298395176403,0.6851723796382302,2.695667105757009,0.43066625913208045,underdamped
-0.19499999999999984,-0.33666666666666667,0.5802298395176403,0.6851723796382302,2.648486112113977,0.4229976999644318,underdamped
-0.16249999999999987,-0.33666666666666667,0.5802298395176403,0.6851723796382302,2.60910733779954,0.4164919461968628,underdamped
-0.1299999999999999,-0.33666666666666667,0.5802298395176405,0.6851723796382304,2.5772446252488534,0.41115564259187115,underdamped
-0.09749999999999992,-0.33666666666666667,0.5802298395176404,0.6851723796382303,2.552676978330787,0.4069958616494554,underdamped
-0.06499999999999995,-0.33666666666666667,0.5802298395176402,0.6851723796382301,2.535240562496337,0.40401917471782584,underdamped
-0.03249999999999997,-0.33666666666666667,0.5802298395176403,0.6851723796382302,2.524822625008753,0.4022308732722086,underdamped
2.220446049250313e-16,-0.33666666666666667,0.5802298395176404,0.6851723796382303,2.521357213157255,0.4016343786844263,underdamped
0.032500000000000195,-0.33666666666666667,0.5802298395176403,0.6851723796382302,2.5248226250087535,0.40223087327220863,underdamped
0.06500000000000017,-0.33666666666666667,0.5802298395176402,0.6851723796382301,2.5352405624963374,0.4040191747178259,underdamped
0.09749999999999992,-0.33666666666666667,0.5802298395176404,0.6851723796382303,2.552676978330787,0.4069958616494554,underdamped
0.13000000000000012,-0.33666666666666667,0.5802298395176404,0.6851723796382303,2.5772446252488534,0.41115564259187115,underdamped
0.1625000000000003,-0.33666666666666667,0.5802298395176403,0.6851723796382302,2.60910733779954,0.4164919461968628,underdamped
0.19500000000000006,-0.33666666666666667,0.5802298395176404,0.6851723796382303,2.648486112113977,0.4229976999644318,underdamped
0.22750000000000026,-0.33666666666666667,0.5802298395176403,0.6851723796382302,2.695667105757011,0.43066625913208073,underdamped
0.26,-0.33666666666666667,0.5802298395176403,0.6851723796382302,2.7510117645978505,0.4394924476375946,underdamped
0.2925000000000002,-0.33666666666666667,0.5802298395176403,0.6851723796382302,2.8149694031261965,0.44947367871643346,underdamped
0.32499999999999996,-0.33666666666666667,0.5802298395176403,0.6851723796382302,2.8880927264706244,0.46061113278542637,underdamped
0.35750000000000015,-0.33666666666666667,0.5802298395176402,0.6851723796382301,2.9710569977217745,0.4729109835298854,underdamped
0.3899999999999999,-0.33666666666666667,0.5802298395176404,0.6851723796382303,3.064683840646105,0.4863856784156217,underdamped
0.4225000000000001,-0.33666666666666667,0.5802298395176403,0.6851723796382302,3.169971053507419,0.5010552964892355,underdamped
0.4550000000000003,-0.33666666666666667,0.5802298395176405,0.6851723796382304,3.288130338487043,0.5169490242462964,underdamped
0.48750000000000004,-0.33666666666666667,0.5802298395176404,0.6851723796382303,3.420635591667794,0.5341068102395876,underdamped
0.5200000000000002,-0.33666666666666667,0.5802298395176402,0.6851723796382301,3.569285457746199,0.5525812825497841,underdamped
0.5525,-0.33666666666666667,0.5802298395176403,0.6851723796382302,3.73628540040008,0.5724400429019583,underdamped
0.5850000000000002,-0.33666666666666667,0.5802298395176403,0.6851723796382302,3.9243568444025163,0.5937684911922845,underdamped
0.6174999999999999,-0.33666666666666667,0.5802298395176403,0.6851723796382302,4.136884452760764,0.6166733907941822,underdamped
0.6500000000000001,-0.33666666666666667,0.5802298395176404,0.6851723796382303,4.378118055578392,0.641287468103313,underdamped
0.6825000000000003,-0.33666666666666667,0.5802298395176404,0.6851723796382303,4.6534544290454605,0.6677754652541422,underdamped
0.7150000000000001,-0.33666666666666667,0.5802298395176403,0.6851723796382302,4.969838307429132,0.6963422592899494,underdamped
0.7475000000000003,-0.33666666666666667,0.5802298395176404,0.6851723796382303,5.336345867326334,0.7272439699721037,underdamped
0.78,-0.33666666666666667,0.5802298395176402,0.6851723796382301,5.765055379237833,0.7608034834922766,underdamped
0.8125000000000002,-0.33666666666666667,0.5802298395176404,0.6851723796382303,6.272384489111788,0.7974326721862068,underdamped
0.845,-0.33666666666666667,0.5802298395176403,0.6851723796382302,6.881214327096627,0.8376650848956277,underdamped
0.8775000000000002,-0.33666666666666667,0.5802298395176404,0.6851723796382303,7.624399037404759,0.8822056178516623,underdamped
0.9100000000000004,-0.33666666666666667,0.5802298395176403,0.6851723796382302,8.550843241366666,0.932008944788373,underdamped
0.9425000000000001,-0.33666666666666667,0.5802298395176404,0.6851723796382303,9.736643660767328,0.9884092760970639,underdamped
0.9750000000000003,-0.33666666666666667,0.5802298395176403,0.6851723796382302,11.30701153935872,1.0533478353882697,underdamped
1.0075,-0.33666666666666667,0.5802298395176403,0.6851723796382302,13.483485615238996,1.1298021761594956,underdamped
1.0400000000000003,-0.33666666666666667,0.5802298395176405,0.6851723796382304,16.698576359319368,1.222679446857354,underdamped
1.0725,-0.33666666666666667,0.5802298395176401,0.6851723796382301,21.92530065416226,1.3409455574108662,underdamped
1.1050000000000002,-0.33666666666666667,0.5802298395176403,0.6851723796382302,31.905034544940886,1.5038592191878126,underdamped
1.1375,-0.33666666666666667,0.5802298395176405,0.6851723796382304,58.50945395856204,1.7672260450618384,underdamped
1.1700000000000002,-0.33666666666666667,0.6595542308211508,0.7446656731158632,75.57872906113981,1.8783995845064427,overdamped
1.2025000000000003,-0.33666666666666667,0.7588409129148429,0.8191306846861321,65.01532488112714,1.81301573705603,overdamped
1.235,-0.33666666666666667,0.8287808162927562,0.8715856122195672,73.52755407999268,1.8664501192529832,overdamped
1.2675000000000003,-0.33666666666666667,0.8886468337059792,0.9164851252794843,98.02565807035693,1.9913397665077242,overdamped
1.3,-0.33666666666666667,0.9429732638541158,0.9629732638541159,121.95380942144368,2.086195370741368,overdamped
1.3325000000000002,-0.33666666666666667,0.9936983101702215,0.999,425.37725151167655,2.628774260820314,overdamped
-1.2999999999999998,-0.32058333333333344,0.9692438984016238,0.9892438984016239,110.54611192267402,2.0435434723763124,overdamped
-1.2675,-0.32058333333333344,0.9184528787467148,0.9388396590600361,119.46415249345263,2.0772376064570075,overdamped
-1.2349999999999999,-0.32058333333333344,0.8639202034466054,0.897940152584954,79.7157040610906,1.9015438862046405,overdamped
-1.2025,-0.32058333333333344,0.8035325478548915,0.8526494108911686,64.02297019211515,1.8063358183261322,overdamped
-1.17,-0.32058333333333344,0.7321110691507152,0.7990833018630364,59.302434871484564,1.7730725252283586,overdamped
-1.1375,-0.32058333333333344,0.6225387457249801,0.7169040592937351,77.50619674895937,1.8893364264584704,overdamped
-1.105,-0.32058333333333344,0.5662007888844145,0.6746505916633109,50.244903025832926,1.7010920123606375,underdamped
-1.0724999999999998,-0.32058333333333344,0.5662007888844146,0.674650591663311,29.129785999502513,1.4643372941169714,underdamped
-1.04,-0.32058333333333344,0.5662007888844147,0.674650591663311,20.51304486718212,1.312030129937704,underdamped
-1.0074999999999998,-0.32058333333333344,0.5662007888844146,0.674650591663311,15.833492717827035,1.1995767266604287,underdamped
-0.9749999999999999,-0.32058333333333344,0.5662007888844146,0.674650591663311,12.895710848763883,1.110445286697823,underdamped
-0.9424999999999999,-0.32058333333333344,0.5662007888844145,0.6746505916633109,10.880839371687644,1.0366623990782784,underdamped
-0.9099999999999999,-0.32058333333333344,0.5662007888844145,0.6746505916633109,9.4138922346106,0.9737692224195035,underdamped
-0.8775,-0.32058333333333344,0.5662007888844146,0.674650591663311,8.298903151052025,0.9190206963611752,underdamped
-0.845,-0.32058333333333344,0.5662007888844146,0.674650591663311,7.423496391792494,0.8706085017770563,underdamped
-0.8125,-0.32058333333333344,0.5662007888844147,0.674650591663311,6.718621632467419,0.8272801839445542,underdamped
-0.78,-0.32058333333333344,0.5662007888844147,0.674650591663311,6.13951928492167,0.7881343678709828,underdamped
-0.7474999999999998,-0.32058333333333344,0.5662007888844146,0.674650591663311,5.655911561336326,0.7525026099960733,underdamped
-0.7149999999999999,-0.32058333333333344,0.5662007888844146,0.674650591663311,5.246592498339929,0.7198773339534391,underdamped
-0.6824999999999999,-0.32058333333333344,0.5662007888844146,0.674650591663311,4.896275524230784,0.6898658485342101,underdamped
-0.6499999999999999,-0.32058333333333344,0.5662007888844147,0.674650591663311,4.593671055321702,0.6621598929109338,underdamped
-0.6174999999999999,-0.32058333333333344,0.5662007888844147,0.674650591663311,4.330268457475299,0.6365148215233547,underdamped
-0.585,-0.32058333333333344,0.5662007888844147,0.674650591663311,4.09953867472041,0.6127349878671213,underdamped
-0.5525,-0.32058333333333344,0.5662007888844146,0.674650591663311,3.8963973070391615,0.5906632345149064,underdamped
-0.5199999999999998,-0.32058333333333344,0.5662007888844147,0.674650591663311,3.7168340535242637,0.570173171467656,underdamped
-0.4874999999999998,-0.32058333333333344,0.5662007888844146,0.674650591663311,3.5576513642665892,0.5511633866951264,underdamped
-0.45499999999999985,-0.32058333333333344,0.5662007888844145,0.6746505916633109,3.4162765259536916,0.5335530168282228,underdamped
-0.4224999999999999,-0.32058333333333344,0.5662007888844145,0.6746505916633109,3.290624189009315,0.5172782858315603,underdamped
-0.3899999999999999,-0.32058333333333344,0.5662007888844146,0.674650591663311,3.1789942067944765,0.5022897364836676,underdamped
-0.35749999999999993,-0.32058333333333344,0.5662007888844147,0.674650591663311,3.0799946190770955,0.4885499577643513,underdamped
-0.32499999999999996,-0.32058333333333344,0.5662007888844146,0.674650591663311,2.992482817007951,0.47603166534409425,underdamped
-0.2925,-0.32058333333333344,0.5662007888844146,0.674650591663311,2.9155200426808694,0.4647160313155557,underdamped
-0.26,-0.32058333333333344,0.5662007888844145,0.6746505916633109,2.8483358024906797,0.454591188817238,underdamped
-0.2274999999999998,-0.32058333333333344,0.5662007888844146,0.674650591663311,2.790299754555925,0.4456508608925122,underdamped
-0.19499999999999984,-0.32058333333333344,0.5662007888844146,0.674650591663311,2.7408993191688746,0.43789308299208723,underdamped
-0.16249999999999987,-0.32058333333333344,0.5662007888844145,0.6746505916633109,2.6997217543548184,0.43131900609406465,underdamped
-0.1299999999999999,-0.32058333333333344,0.5662007888844147,0.674650591663311,2.666439798072924,0.4259317827836143,underdamped
-0.09749999999999992,-0.32058333333333344,0.5662007888844145,0.6746505916633109,2.6408002441280147,0.42173555147048475,underdamped
-0.06499999999999995,-0.32058333333333344,0.5662007888844144,0.6746505916633108,2.6226150160985764,0.4187345434858494,underdamped
-0.03249999999999997,-0.32058333333333344,0.5662007888844147,0.674650591663311,2.6117544492990494,0.4169323432280862,underdamped
2.220446049250313e-16,-0.32058333333333344,0.5662007888844146,0.674650591663311,2.608142596632629,0.4163313321663696,underdamped
0.032500000000000195,-0.32058333333333344,0.5662007888844147,0.674650591663311,2.6117544492990485,0.41693234322808603,underdamped
0.06500000000000017,-0.32058333333333344,0.5662007888844145,0.6746505916633109,2.6226150160985764,0.4187345434858494,underdamped
0.09749999999999992,-0.32058333333333344,0.5662007888844145,0.6746505916633109,2.6408002441280147,0.42173555147048475,underdamped
0.13000000000000012,-0.32058333333333344,0.5662007888844145,0.6746505916633109,2.6664397980729238,0.42593178278361427,underdamped
0.1625000000000003,-0.32058333333333344,0.5662007888844146,0.674650591663311,2.6997217543548184,0.43131900609406465,underdamped
0.19500000000000006,-0.32058333333333344,0.5662007888844146,0.674650591663311,2.740899319168875,0.4378930829920873,underdamped
0.22750000000000026,-0.32058333333333344,0.5662007888844144,0.6746505916633108,2.7902997545559267,0.4456508608925125,underdamped
0.26,-0.32058333333333344,0.5662007888844145,0.6746505916633109,2.8483358024906797,0.454591188817238,underdamped
0.2925000000000002,-0.32058333333333344,0.5662007888844145,0.6746505916633109,2.9155200426808703,0.46471603131555583,underdamped
0.32499999999999996,-0.32058333333333344,0.5662007888844146,0.674650591663311,2.992482817007951,0.47603166534409425,underdamped
0.35750000000000015,-0.32058333333333344,0.5662007888844145,0.6746505916633109,3.0799946190770964,0.48854995776435145,underdamped
0.3899999999999999,-0.32058333333333344,0.5662007888844146,0.674650591663311,3.1789942067944765,0.5022897364836676,underdamped
0.4225000000000001,-0.32058333333333344,0.5662007888844145,0.6746505916633109,3.290624189009315,0.5172782858315603,underdamped
0.4550000000000003,-0.32058333333333344,0.5662007888844145,0.6746505916633109,3.4162765259536925,0.5335530168282229,underdamped
0.48750000000000004,-0.32058333333333344,0.5662007888844146,0.674650591663311,3.55765136426659,0.5511633866951265,underdamped
0.5200000000000002,-0.32058333333333344,0.5662007888844146,0.674650591663311,3.71683405352427,0.5701731714676568,underdamped
0.5525,-0.32058333333333344,0.5662007888844146,0.674650591663311,3.8963973070391615,0.5906632345149064,underdamped
0.5850000000000002,-0.32058333333333344,0.5662007888844146,0.674650591663311,4.099538674720412,0.6127349878671214,underdamped
0.6174999999999999,-0.32058333333333344,0.5662007888844147,0.674650591663311,4.330268457475299,0.6365148215233547,underdamped
0.6500000000000001,-0.32058333333333344,0.5662007888844146,0.674650591663311,4.593671055321706,0.6621598929109341,underdamped
0.6825000000000003,-0.32058333333333344,0.5662007888844146,0.674650591663311,4.896275524230788,0.6898658485342103,underdamped
0.7150000000000001,-0.32058333333333344,0.5662007888844145,0.6746505916633109,5.2465924983399335,0.7198773339534394,underdamped
0.7475000000000003,-0.32058333333333344,0.5662007888844147,0.674650591663311,5.655911561336332,0.7525026099960737,underdamped
0.78,-0.32058333333333344,0.5662007888844147,0.674650591663311,6.13951928492167,0.7881343678709828,underdamped
0.8125000000000002,-0.32058333333333344,0.5662007888844146,0.674650591663311,6.718621632467419,0.8272801839445542,underdamped
0.845,-0.32058333333333344,0.5662007888844146,0.674650591663311,7.423496391792494,0.8706085017770563,underdamped
0.8775000000000002,-0.32058333333333344,0.5662007888844146,0.674650591663311,8.298903151052034,0.9190206963611757,underdamped
0.9100000000000004,-0.32058333333333344,0.5662007888844146,0.674650591663311,9.413892234610616,0.9737692224195041,underdamped
0.9425000000000001,-0.32058333333333344,0.5662007888844145,0.6746505916633109,10.880839371687658,1.0366623990782788,underdamped
0.9750000000000003,-0.32058333333333344,0.5662007888844146,0.674650591663311,12.89571084876392,1.1104452866978243,underdamped
1.0075,-0.32058333333333344,0.5662007888844145,0.6746505916633109,15.833492717827065,1.1995767266604294,underdamped
1.0400000000000003,-0.32058333333333344,0.5662007888844147,0.674650591663311,20.513044867182156,1.3120301299377046,underdamped
1.0725,-0.32058333333333344,0.5662007888844145,0.6746505916633109,29.12978599950259,1.4643372941169726,underdamped
1.1050000000000002,-0.32058333333333344,0.5662007888844147,0.674650591663311,50.24490302583329,1.7010920123606406,underdamped
1.1375,-0.32058333333333344,0.6225387457249801,0.7169040592937351,77.50619674895937,1.8893364264584704,overdamped
1.1700000000000002,-0.32058333333333344,0.7321110691507158,0.7990833018630368,59.302434871484834,1.7730725252283606,overdamped
1.2025000000000003,-0.32058333333333344,0.8035325478548924,0.8526494108911693,64.0229701921154,1.8063358183261338,overdamped
1.235,-0.32058333333333344,0.863920203446606,0.8979401525849545,79.71570406109039,1.9015438862046394,overdamped
1.2675000000000003,-0.32058333333333344,0.9184528787467152,0.9388396590600364,119.46415249345374,2.0772376064570115,overdamped
1.3,-0.32058333333333344,0.9692438984016243,0.9892438984016243,110.54611192267325,2.0435434723763093,overdamped
-1.2999999999999998,-0.3045000000000001,0.993511280746353,0.999,375.2458470959055,2.574315894537394,overdamped
-1.2675,-0.3045000000000001,0.9454214014791861,0.9654214014791861,109.872768423778,2.0408900674121475,overdamped
-1.2349999999999999,-0.3045000000000001,0.8946394053540561,0.9209795540155421,91.44033624583638,1.9611378143846314,overdamped
-1.2025,-0.3045000000000001,0.8399999999999995,0.8799999999999997,67.19636457024721,1.8273457776700563,overdamped
-1.17,-0.3045000000000001,0.7792292459955499,0.8344219344966624,56.72473049634175,1.7537724411946172,overdamped
-1.1375,-0.3045000000000001,0.7065054445385005,0.7798790834038754,54.58718386237647,1.7370906897524239,overdamped
-1.105,-0.3045000000000001,0.579999999999998,0.6849999999999985,86.44878548372552,1.936758896263252,overdamped
-1.0724999999999998,-0.3045000000000001,0.5518151864528559,0.6638613898396419,44.42067701670711,1.6475851733565214,underdamped
-1.04,-0.3045000000000001,0.551815186452856,0.6638613898396419,26.950736125455833,1.4305706318922335,underdamped
-1.0074999999999998,-0.3045000000000001,0.5518151864528558,0.6638613898396418,19.35439859718331,1.2867796809516627,underdamped
-0.9749999999999999,-0.3045000000000001,0.5518151864528559,0.6638613898396419,15.107158865945959,1.179182796247652,underdamped
-0.9424999999999999,-0.3045000000000001,0.551815186452856,0.6638613898396419,12.395592275706255,1.093267282691231,underdamped
-0.9099999999999999,-0.3045000000000001,0.5518151864528559,0.6638613898396419,10.515468990110099,1.0218286469961633,underdamped
-0.8775,-0.3045000000000001,0.551815186452856,0.6638613898396419,9.136190159125906,0.9607651303281742,underdamped
-0.845,-0.3045000000000001,0.551815186452856,0.6638613898396419,8.082029737070249,0.9075204440553744,underdamped
-0.8125,-0.3045000000000001,0.5518151864528558,0.6638613898396418,7.250964043339174,0.8603957515184171,underdamped
-0.78,-0.3045000000000001,0.5518151864528559,0.6638613898396419,6.579709749119761,0.8182067359945127,underdamped
-0.7474999999999998,-0.3045000000000001,0.5518151864528559,0.6638613898396419,6.026940292772846,0.7800968890541525,underdamped
-0.7149999999999999,-0.3045000000000001,0.551815186452856,0.6638613898396419,5.564533075926892,0.7454287282293979,underdamped
-0.6824999999999999,-0.3045000000000001,0.5518151864528559,0.6638613898396419,5.1726955634398495,0.7137169189641153,underdamped
-0.6499999999999999,-0.3045000000000001,0.5518151864528559,0.6638613898396419,4.83710283878159,0.6845853207646383,underdamped
-0.6174999999999999,-0.3045000000000001,0.5518151864528559,0.6638613898396419,4.547140543672404,0.6577383776487208,underdamped
-0.585,-0.3045000000000001,0.5518151864528559,0.6638613898396419,4.294785379548093,0.6329414660003575,underdamped
-0.5525,-0.3045000000000001,0.5518151864528559,0.6638613898396419,4.073868721899977,0.6100070299972243,underdamped
-0.5199999999999998,-0.3045000000000001,0.5518151864528559,0.6638613898396419,3.879578690433773,0.5887845651935554,underdamped
-0.4874999999999998,-0.3045000000000001,0.5518151864528559,0.6638613898396419,3.708115239167216,0.569153222494232,underdamped
-0.45499999999999985,-0.3045000000000001,0.5518151864528558,0.6638613898396418,3.556446102242282,0.5510162313732107,underdamped
-0.4224999999999999,-0.3045000000000001,0.5518151864528558,0.6638613898396418,3.4221308011178517,0.5342966051811391,underdamped
-0.3899999999999999,-0.3045000000000001,0.5518151864528558,0.6638613898396418,3.3031915553121682,0.5189337595838851,underdamped
-0.35749999999999993,-0.3045000000000001,0.551815186452856,0.6638613898396419,3.1980171281938863,0.5048807854452908,underdamped
-0.32499999999999996,-0.3045000000000001,0.5518151864528558,0.6638613898396418,3.1052901949214284,0.4921021920050313,underdamped
-0.2925,-0.3045000000000001,0.5518151864528558,0.6638613898396418,3.0239317741355416,0.4805719883997007,underdamped
-0.26,-0.3045000000000001,0.5518151864528559,0.6638613898396419,2.953058223185102,0.47027200970085037,underdamped
-0.2274999999999998,-0.3045000000000001,0.551815186452856,0.6638613898396419,2.8919476216736535,0.46119042284652423,underdamped
-0.19499999999999984,-0.3045000000000001,0.551815186452856,0.6638613898396419,2.8400132828574347,0.4533203712647129,underdamped
-0.16249999999999987,-0.3045000000000001,0.5518151864528559,0.6638613898396419,2.796782776256504,0.44665873639774756,underdamped
-0.1299999999999999,-0.3045000000000001,0.5518151864528559,0.6638613898396419,2.7618813061457064,0.44120501052298977,underdamped
-0.09749999999999992,-0.3045000000000001,0.551815186452856,0.6638613898396419,2.7350186260611067,0.4369602883177178,underdamped
-0.06499999999999995,-0.3045000000000001,0.551815186452856,0.6638613898396419,2.715978915853794,0.4339263941931862,underdamped
-0.03249999999999997,-0.3045000000000001,0.5518151864528559,0.6638613898396419,2.704613229465446,0.43210516803086774,underdamped
2.220446049250313e-16,-0.3045000000000001,0.551815186452856,0.6638613898396419,2.7008342553009403,0.43149793323711555,underdamped
0.032500000000000195,-0.3045000000000001,0.551815186452856,0.6638613898396419,2.704613229465446,0.43210516803086774,underdamped
0.06500000000000017,-0.3045000000000001,0.5518151864528558,0.6638613898396418,2.7159789158537944,0.4339263941931863,underdamped
0.09749999999999992,-0.3045000000000001,0.551815186452856,0.6638613898396419,2.7350186260611067,0.4369602883177178,underdamped
0.13000000000000012,-0.3045000000000001,0.5518151864528559,0.6638613898396419,2.7618813061457055,0.44120501052298966,underdamped
0.1625000000000003,-0.3045000000000001,0.551815186452856,0.6638613898396419,2.796782776256507,0.44665873639774806,underdamped
0.19500000000000006,-0.3045000000000001,0.5518151864528558,0.6638613898396418,2.840013282857437,0.45332037126471325,underdamped
0.22750000000000026,-0.3045000000000001,0.551815186452856,0.6638613898396419,2.891947621673654,0.4611904228465243,underdamped
0.26,-0.3045000000000001,0.5518151864528559,0.6638613898396419,2.953058223185102,0.47027200970085037,underdamped
0.2925000000000002,-0.3045000000000001,0.5518151864528559,0.6638613898396419,3.0239317741355416,0.4805719883997007,underdamped
0.32499999999999996,-0.3045000000000001,0.5518151864528558,0.6638613898396418,3.1052901949214284,0.4921021920050313,underdamped
0.35750000000000015,-0.3045000000000001,0.5518151864528559,0.6638613898396419,3.198017128193887,0.5048807854452909,underdamped
0.3899999999999999,-0.3045000000000001,0.5518151864528558,0.6638613898396418,3.3031915553121682,0.5189337595838851,underdamped
0.4225000000000001,-0.3045000000000001,0.5518151864528559,0.6638613898396419,3.4221308011178526,0.5342966051811392,underdamped
0.4550000000000003,-0.3045000000000001,0.551815186452856,0.6638613898396419,3.5564461022422846,0.551016231373211,underdamped
0.48750000000000004,-0.3045000000000001,0.551815186452856,0.6638613898396419,3.708115239167217,0.5691532224942321,underdamped
0.5200000000000002,-0.3045000000000001,0.551815186452856,0.6638613898396419,3.8795786904337763,0.5887845651935557,underdamped
0.5525,-0.3045000000000001,0.5518151864528559,0.6638613898396419,4.073868721899977,0.6100070299972243,underdamped
0.5850000000000002,-0.3045000000000001,0.5518151864528559,0.6638613898396419,4.2947853795480935,0.6329414660003576,underdamped
0.6174999999999999,-0.3045000000000001,0.5518151864528559,0.6638613898396419,4.547140543672404,0.6577383776487208,underdamped
0.6500000000000001,-0.3045000000000001,0.5518151864528559,0.6638613898396419,4.837102838781591,0.6845853207646383,underdamped
0.6825000000000003,-0.3045000000000001,0.551815186452856,0.6638613898396419,5.172695563439852,0.7137169189641155,underdamped
0.7150000000000001,-0.3045000000000001,0.5518151864528558,0.6638613898396418,5.564533075926898,0.7454287282293983,underdamped
0.7475000000000003,-0.3045000000000001,0.551815186452856,0.6638613898396419,6.026940292772854,0.7800968890541531,underdamped
0.78,-0.3045000000000001,0.5518151864528559,0.6638613898396419,6.579709749119761,0.8182067359945127,underdamped
0.8125000000000002,-0.3045000000000001,0.5518151864528559,0.6638613898396419,7.2509640433391755,0.8603957515184172,underdamped
0.845,-0.3045000000000001,0.551815186452856,0.6638613898396419,8.082029737070249,0.9075204440553744,underdamped
0.8775000000000002,-0.3045000000000001,0.5518151864528559,0.6638613898396419,9.13619015912592,0.9607651303281749,underdamped
0.9100000000000004,-0.3045000000000001,0.5518151864528559,0.6638613898396419,10.51546899011012,1.0218286469961642,underdamped
0.9425000000000001,-0.3045000000000001,0.5518151864528558,0.6638613898396418,12.395592275706264,1.0932672826912315,underdamped
0.9750000000000003,-0.3045000000000001,0.5518151864528559,0.6638613898396419,15.107158865945998,1.179182796247653,underdamped
1.0075,-0.3045000000000001,0.5518151864528559,0.6638613898396419,19.35439859718335,1.2867796809516636,underdamped
1.0400000000000003,-0.3045000000000001,0.551815186452856,0.6638613898396419,26.95073612545595,1.4305706318922355,underdamped
1.0725,-0.3045000000000001,0.5518151864528558,0.6638613898396418,44.420677016707366,1.6475851733565239,underdamped
1.1050000000000002,-0.3045000000000001,0.5800000000000005,0.6850000000000004,86.44878548372381,1.9367588962632434,overdamped
1.1375,-0.3045000000000001,0.7065054445385005,0.7798790834038754,54.58718386237647,1.7370906897524239,overdamped
1.1700000000000002,-0.3045000000000001,0.7792292459955503,0.8344219344966628,56.724730496342055,1.7537724411946194,overdamped
1.2025000000000003,-0.3045000000000001,0.8400000000000005,0.8800000000000003,67.19636457024747,1.827345777670058,overdamped
1.235,-0.3045000000000001,0.8946394053540564,0.9209795540155423,91.44033624583713,1.961137814384635,overdamped
1.2675000000000003,-0.3045000000000001,0.9454214014791863,0.9654214014791863,109.87276842377925,2.0408900674121524,overdamped
1.3,-0.3045000000000001,0.9935112807463533,0.999,375.2458470959331,2.5743158945374254,overdamped
-1.2675,-0.28841666666666677,0.9702353575318446,0.9902353575318447,100.68885988681164,2.0029814233111525,overdamped
-1.2349999999999999,-0.28841666666666677,0.922277924616159,0.942277924616159,108.99839342766349,2.037420096742068,overdamped
-1.2025,-0.28841666666666677,0.8715921828596735,0.9036941371447551,74.01935267865413,1.8693452827407493,overdamped
-1.17,-0.28841666666666677,0.8169662331748593,0.8627246748811445,58.03795525887373,1.7637121033619967,overdamped
-1.1375,-0.28841666666666677,0.7559928792593544,0.8169946594445159,50.8787722220859,1.706536622616641,overdamped
-1.105,-0.28841666666666677,0.6822674201536472,0.7617005651152353,50.517517158571515,1.7034419976467685,overdamped
-1.0724999999999998,-0.28841666666666677,0.5370443805372762,0.6527832854029572,99.105600340634,1.996098196647864,underdamped
-1.04,-0.28841666666666677,0.5370443805372762,0.6527832854029572,40.180742862421454,1.6040179617319945,underdamped
-1.0074999999999998,-0.28841666666666677,0.5370443805372762,0.6527832854029572,25.22891043020298,1.4018984948945723,underdamped
-0.9749999999999999,-0.28841666666666677,0.5370443805372763,0.6527832854029573,18.405680266445604,1.2649518734264718,underdamped
-0.9424999999999999,-0.28841666666666677,0.5370443805372762,0.6527832854029572,14.501034594068358,1.1613989886119354,underdamped
-0.9099999999999999,-0.28841666666666677,0.5370443805372761,0.652783285402957,11.973822386416051,1.0782328117542526,underdamped
-0.8775,-0.28841666666666677,0.5370443805372762,0.6527832854029572,10.205722184922134,1.0088437420093934,underdamped
-0.845,-0.28841666666666677,0.5370443805372762,0.6527832854029572,8.90046637168102,0.9494127636495215,underdamped
-0.8125,-0.28841666666666677,0.5370443805372763,0.6527832854029573,7.898334662571403,0.8975355314046848,underdamped
-0.78,-0.28841666666666677,0.5370443805372761,0.652783285402957,7.10562776734113,0.8516024529669948,underdamped
-0.7474999999999998,-0.28841666666666677,0.5370443805372763,0.6527832854029573,6.4637617279668795,0.8104853387726505,underdamped
-0.7149999999999999,-0.28841666666666677,0.5370443805372763,0.6527832854029573,5.934238263600187,0.7733649795422395,underdamped
-0.6824999999999999,-0.28841666666666677,0.5370443805372763,0.6527832854029573,5.490726975127334,0.7396298490738674,underdamped
-0.6499999999999999,-0.28841666666666677,0.5370443805372763,0.6527832854029573,5.114620385262699,0.708813405261521,underdamped
-0.6174999999999999,-0.28841666666666677,0.5370443805372761,0.652783285402957,4.792405868553445,0.6805535913113322,underdamped
-0.585,-0.28841666666666677,0.5370443805372763,0.6527832854029573,4.514043377756895,0.6545657281201086,underdamped
-0.5525,-0.28841666666666677,0.5370443805372762,0.6527832854029572,4.271926876896085,0.6306238102114358,underdamped
-0.5199999999999998,-0.28841666666666677,0.5370443805372761,0.652783285402957,4.060198375489574,0.6085472531032451,underdamped
-0.4874999999999998,-0.28841666666666677,0.5370443805372763,0.6527832854029573,3.8742824277702272,0.588191276773209,underdamped
-0.45499999999999985,-0.28841666666666677,0.5370443805372762,0.6527832854029572,3.710562670315421,0.5694397710933308,underdamped
-0.4224999999999999,-0.28841666666666677,0.5370443805372762,0.6527832854029572,3.5661523073447152,0.5521998875849382,underdamped
-0.3899999999999999,-0.28841666666666677,0.5370443805372762,0.6527832854029572,3.438728196828966,0.5363978497730545,underdamped
-0.35749999999999993,-0.28841666666666677,0.5370443805372762,0.6527832854029572,3.3264088953617366,0.5219756333634615,underdamped
-0.32499999999999996,-0.28841666666666677,0.5370443805372763,0.6527832854029573,3.2276636591571735,0.5088882724618898,underdamped
-0.2925,-0.28841666666666677,0.5370443805372764,0.6527832854029574,3.1412436210698957,0.4971016196787995,underdamped
-0.26,-0.28841666666666677,0.5370443805372761,0.652783285402957,3.066129111662702,0.48659043861426826,underdamped
-0.2274999999999998,-0.28841666666666677,0.5370443805372762,0.6527832854029572,3.0014889199269748,0.47733674448567714,underdamped
-0.19499999999999984,-0.28841666666666677,0.5370443805372762,0.6527832854029572,2.946648529793357,0.46932833718201755,underdamped
-0.16249999999999987,-0.28841666666666677,0.5370443805372762,0.6527832854029572,2.901065227196673,0.4625574935365914,underdamped
-0.1299999999999999,-0.28841666666666677,0.5370443805372762,0.6527832854029572,2.8643085776827757,0.4570198035680223,underdamped
-0.09749999999999992,-0.28841666666666677,0.5370443805372763,0.6527832854029573,2.8360452081430174,0.4527131494625674,underdamped
-0.06499999999999995,-0.28841666666666677,0.5370443805372762,0.6527832854029572,2.8160271410987354,0.4496368362558027,underdamped
-0.03249999999999997,-0.28841666666666677,0.5370443805372763,0.6527832854029573,2.8040831609369024,0.4477908893946384,underdamped
2.220446049250313e-16,-0.28841666666666677,0.5370443805372762,0.6527832854029572,2.8001128625093465,0.4471755365483581,underdamped
0.032500000000000195,-0.28841666666666677,0.5370443805372762,0.6527832854029572,2.8040831609369046,0.44779088939463874,underdamped
0.06500000000000017,-0.28841666666666677,0.5370443805372762,0.6527832854029572,2.816027141098736,0.44963683625580275,underdamped
0.09749999999999992,-0.28841666666666677,0.5370443805372763,0.6527832854029573,2.8360452081430174,0.4527131494625674,underdamped
0.13000000000000012,-0.28841666666666677,0.5370443805372762,0.6527832854029572,2.864308577682776,0.45701980356802235,underdamped
0.1625000000000003,-0.28841666666666677,0.5370443805372764,0.6527832854029574,2.901065227196671,0.4625574935365911,underdamped
0.19500000000000006,-0.28841666666666677,0.5370443805372762,0.6527832854029572,2.9466485297933582,0.4693283371820177,underdamped
0.22750000000000026,-0.28841666666666677,0.5370443805372763,0.6527832854029573,3.001488919926975,0.4773367444856772,underdamped
0.26,-0.28841666666666677,0.5370443805372761,0.652783285402957,3.066129111662702,0.48659043861426826,underdamped
0.2925000000000002,-0.28841666666666677,0.5370443805372763,0.6527832854029573,3.1412436210698957,0.4971016196787995,underdamped
0.32499999999999996,-0.28841666666666677,0.5370443805372763,0.6527832854029573,3.2276636591571735,0.5088882724618898,underdamped
0.35750000000000015,-0.28841666666666677,0.5370443805372761,0.652783285402957,3.3264088953617392,0.5219756333634619,underdamped
0.3899999999999999,-0.28841666666666677,0.5370443805372762,0.6527832854029572,3.438728196828966,0.5363978497730545,underdamped
0.4225000000000001,-0.28841666666666677,0.5370443805372762,0.6527832854029572,3.566152307344716,0.5521998875849383,underdamped
0.4550000000000003,-0.28841666666666677,0.5370443805372762,0.6527832854029572,3.7105626703154235,0.5694397710933311,underdamped
0.48750000000000004,-0.28841666666666677,0.5370443805372763,0.6527832854029573,3.874282427770229,0.5881912767732093,underdamped
0.5200000000000002,-0.28841666666666677,0.537044380537276,0.6527832854029569,4.060198375489573,0.6085472531032451,underdamped
0.5525,-0.28841666666666677,0.5370443805372762,0.6527832854029572,4.271926876896085,0.6306238102114358,underdamped
0.5850000000000002,-0.28841666666666677,0.5370443805372763,0.6527832854029573,4.514043377756897,0.6545657281201087,underdamped
0.6174999999999999,-0.28841666666666677,0.5370443805372761,0.652783285402957,4.792405868553445,0.6805535913113322,underdamped
0.6500000000000001,-0.28841666666666677,0.5370443805372762,0.6527832854029572,5.114620385262703,0.7088134052615214,underdamped
0.6825000000000003,-0.28841666666666677,0.5370443805372762,0.6527832854029572,5.49072697512734,0.739629849073868,underdamped
0.7150000000000001,-0.28841666666666677,0.5370443805372763,0.6527832854029573,5.934238263600191,0.7733649795422398,underdamped
0.7475000000000003,-0.28841666666666677,0.5370443805372762,0.6527832854029572,6.46376172796689,0.8104853387726512,underdamped
0.78,-0.28841666666666677,0.5370443805372761,0.652783285402957,7.10562776734113,0.8516024529669948,underdamped
0.8125000000000002,-0.28841666666666677,0.5370443805372763,0.6527832854029573,7.8983346625714095,0.8975355314046851,underdamped
0.845,-0.28841666666666677,0.5370443805372762,0.6527832854029572,8.90046637168102,0.9494127636495215,underdamped
0.8775000000000002,-0.28841666666666677,0.5370443805372763,0.6527832854029573,10.205722184922147,1.0088437420093939,underdamped
0.9100000000000004,-0.28841666666666677,0.5370443805372761,0.652783285402957,11.973822386416085,1.078232811754254,underdamped
0.9425000000000001,-0.28841666666666677,0.5370443805372763,0.6527832854029573,14.50103459406835,1.1613989886119351,underdamped
0.9750000000000003,-0.28841666666666677,0.5370443805372763,0.6527832854029573,18.405680266445653,1.2649518734264729,underdamped
1.0075,-0.28841666666666677,0.5370443805372761,0.652783285402957,25.228910430203047,1.4018984948945734,underdamped
1.0400000000000003,-0.28841666666666677,0.5370443805372764,0.6527832854029574,40.18074286242153,1.6040179617319952,underdamped
1.0725,-0.28841666666666677,0.5370443805372763,0.6527832854029573,99.10560034063481,1.9960981966478675,underdamped
1.1050000000000002,-0.28841666666666677,0.682267420153648,0.761700565115236,50.5175171585712,1.7034419976467658,overdamped
1.1375,-0.28841666666666677,0.7559928792593544,0.8169946594445159,50.8787722220859,1.706536622616641,overdamped
1.1700000000000002,-0.28841666666666677,0.8169662331748597,0.8627246748811448,58.03795525887408,1.7637121033619994,overdamped
1.2025000000000003,-0.28841666666666677,0.8715921828596742,0.9036941371447557,74.01935267865458,1.869345282740752,overdamped
1.235,-0.28841666666666677,0.9222779246161594,0.9422779246161594,108.99839342766306,2.0374200967420664,overdamped
1.2675000000000003,-0.28841666666666677,0.9702353575318449,0.9902353575318449,100.68885988681316,2.002981423311159,overdamped
-1.2675,-0.2723333333333334,0.9933410582407003,0.999,333.436563107335,2.5230132208222438,overdamped
-1.2349999999999999,-0.2723333333333334,0.9476104613105535,0.9676104613105535,99.52962981704815,1.9979523887904693,overdamped
-1.2025,-0.2723333333333334,0.8998604974153898,0.9248953730615423,85.7068963127044,1.9330157683648996,overdamped
-1.17,-0.2723333333333334,0.8493703210775871,0.8870277408081904,62.083882120769005,1.79297886564244,overdamped
-1.1375,-0.2723333333333334,0.7948986881825021,0.8461740161368766,50.99415873534723,1.707520431503927,overdamped
-1.105,-0.2723333333333334,0.7339467323119007,0.8004600492339256,46.026210099301366,1.6630052155908368,overdamped
-1.0724999999999998,-0.2723333333333334,0.6596628403638229,0.7447471302728672,46.84495666570838,1.6706628415385762,overdamped
-1.04,-0.2723333333333334,0.5218556633144203,0.6413917474858153,83.18509627072748,1.9200455235602485,underdamped
-1.0074999999999998,-0.2723333333333334,0.5218556633144201,0.6413917474858151,37.046155358972904,1.5687431436778076,underdamped
-0.9749999999999999,-0.2723333333333334,0.5218556633144201,0.6413917474858151,23.871976592985277,1.3778883799571895,underdamped
-0.9424999999999999,-0.2723333333333334,0.5218556633144201,0.6413917474858151,17.635864756803645,1.246396759716595,underdamped
-0.9099999999999999,-0.2723333333333334,0.52185566331442,0.6413917474858151,14.001563295755101,1.1461765280222944,underdamped
-0.8775,-0.2723333333333334,0.5218556633144202,0.6413917474858152,11.623536491947283,1.0653382834128895,underdamped
-0.845,-0.2723333333333334,0.5218556633144201,0.6413917474858151,9.94780563259292,0.9977272911217213,underdamped
-0.8125,-0.2723333333333334,0.5218556633144202,0.6413917474858152,8.704521651934874,0.9397449099010023,underdamped
-0.78,-0.2723333333333334,0.52185566331442,0.6413917474858151,7.74652420839691,0.8891068824139488,underdamped
-0.7474999999999998,-0.2723333333333334,0.5218556633144202,0.6413917474858152,6.986745702936941,0.8442749364959248,underdamped
-0.7149999999999999,-0.2723333333333334,0.5218556633144202,0.6413917474858152,6.3703921251478475,0.8041661658591395,underdamped
-0.6824999999999999,-0.2723333333333334,0.5218556633144202,0.6413917474858152,5.861269839699785,0.7679917157844501,underdamped
-0.6499999999999999,-0.2723333333333334,0.5218556633144201,0.6413917474858151,5.43452206232481,0.7351613561827701,underdamped
-0.6174999999999999,-0.2723333333333334,0.5218556633144202,0.6413917474858152,5.072523663390061,0.7052240816996184,underdamped
-0.585,-0.2723333333333334,0.5218556633144201,0.6413917474858151,4.762440467174144,0.6778295598250176,underdamped
-0.5525,-0.2723333333333334,0.5218556633144201,0.6413917474858151,4.494715598862234,0.652702217147704,underdamped
-0.5199999999999998,-0.2723333333333334,0.5218556633144201,0.6413917474858151,4.262096601189181,0.6296232888525995,underdamped
-0.4874999999999998,-0.2723333333333334,0.52185566331442,0.6413917474858151,4.0589906513412695,0.6084180510523001,underdamped
-0.45499999999999985,-0.2723333333333334,0.5218556633144201,0.6413917474858151,3.8810257056583923,0.5889465192637516,underdamped
-0.4224999999999999,-0.2723333333333334,0.5218556633144201,0.6413917474858151,3.72474476171586,0.5710965180571338,underdamped
-0.3899999999999999,-0.2723333333333334,0.5218556633144201,0.6413917474858151,3.5873884319268234,0.5547784033582212,underdamped
-0.35749999999999993,-0.2723333333333334,0.5218556633144201,0.6413917474858151,3.4667374679547964,0.5399209542795278,underdamped
-0.32499999999999996,-0.2723333333333334,0.5218556633144202,0.6413917474858152,3.360996832034216,0.5264681031178835,underdamped
-0.2925,-0.2723333333333334,0.5218556633144201,0.6413917474858151,3.2687091072003485,0.514376273055456,underdamped
-0.26,-0.2723333333333334,0.52185566331442,0.6413917474858151,3.188688991177629,0.5036121623906031,underdamped
-0.2274999999999998,-0.2723333333333334,0.52185566331442,0.6413917474858151,3.1199731988579047,0.49415086336520125,underdamped
-0.19499999999999984,-0.2723333333333334,0.5218556633144201,0.6413917474858151,3.0617818189680546,0.4859742398585714,underdamped
-0.16249999999999987,-0.2723333333333334,0.5218556633144202,0.6413917474858152,3.0134883413692664,0.47906951560190997,underdamped
-0.1299999999999999,-0.2723333333333334,0.5218556633144202,0.6413917474858152,2.9745963833962543,0.47342804557531415,underdamped
-0.09749999999999992,-0.2723333333333334,0.52185566331442,0.6413917474858151,2.9447217167434214,0.4690442591933443,underdamped
-0.06499999999999995,-0.2723333333333334,0.5218556633144201,0.6413917474858151,2.9235786074890613,0.46591477538889337,underdamped
-0.03249999999999997,-0.2723333333333334,0.5218556633144201,0.6413917474858151,2.910969781226406,0.46403769705174763,underdamped
2.220446049250313e-16,-0.2723333333333334,0.5218556633144201,0.6413917474858151,2.9067795469297515,0.46341209569116965,underdamped
0.032500000000000195,-0.2723333333333334,0.52185566331442,0.6413917474858151,2.9109697812264064,0.4640376970517477,underdamped
0.06500000000000017,-0.2723333333333334,0.5218556633144201,0.6413917474858151,2.923578607489061,0.4659147753888933,underdamped
0.09749999999999992,-0.2723333333333334,0.52185566331442,0.6413917474858151,2.9447217167434214,0.4690442591933443,underdamped
0.13000000000000012,-0.2723333333333334,0.5218556633144202,0.6413917474858152,2.9745963833962534,0.47342804557531404,underdamped
0.1625000000000003,-0.2723333333333334,0.52185566331442,0.6413917474858151,3.0134883413692677,0.47906951560191013,underdamped
0.19500000000000006,-0.2723333333333334,0.5218556633144201,0.6413917474858151,3.061781818968054,0.48597423985857136,underdamped
0.22750000000000026,-0.2723333333333334,0.5218556633144201,0.6413917474858151,3.1199731988579065,0.4941508633652015,underdamped
0.26,-0.2723333333333334,0.52185566331442,0.6413917474858151,3.188688991177629,0.5036121623906031,underdamped
0.2925000000000002,-0.2723333333333334,0.5218556633144201,0.6413917474858151,3.268709107200349,0.514376273055456,underdamped
0.32499999999999996,-0.2723333333333334,0.5218556633144202,0.6413917474858152,3.360996832034216,0.5264681031178835,underdamped
0.35750000000000015,-0.2723333333333334,0.5218556633144201,0.6413917474858151,3.4667374679547978,0.539920954279528,underdamped
0.3899999999999999,-0.2723333333333334,0.5218556633144201,0.6413917474858151,3.5873884319268234,0.5547784033582212,underdamped
0.4225000000000001,-0.2723333333333334,0.5218556633144201,0.6413917474858151,3.7247447617158636,0.5710965180571342,underdamped
0.4550000000000003,-0.2723333333333334,0.5218556633144201,0.6413917474858151,3.8810257056583954,0.588946519263752,underdamped
0.48750000000000004,-0.2723333333333334,0.5218556633144201,0.6413917474858151,4.058990651341271,0.6084180510523003,underdamped
0.5200000000000002,-0.2723333333333334,0.5218556633144202,0.6413917474858152,4.262096601189182,0.6296232888525997,underdamped
0.5525,-0.2723333333333334,0.5218556633144201,0.6413917474858151,4.494715598862234,0.652702217147704,underdamped
0.5850000000000002,-0.2723333333333334,0.5218556633144201,0.6413917474858151,4.762440467174145,0.6778295598250177,underdamped
0.6174999999999999,-0.2723333333333334,0.5218556633144202,0.6413917474858152,5.072523663390061,0.7052240816996184,underdamped
0.6500000000000001,-0.2723333333333334,0.52185566331442,0.6413917474858151,5.434522062324811,0.7351613561827702,underdamped
0.6825000000000003,-0.2723333333333334,0.5218556633144201,0.6413917474858151,5.8612698396997915,0.7679917157844506,underdamped
0.7150000000000001,-0.2723333333333334,0.52185566331442,0.6413917474858151,6.37039212514785,0.8041661658591396,underdamped
0.7475000000000003,-0.2723333333333334,0.5218556633144201,0.6413917474858151,6.98674570293695,0.8442749364959253,underdamped
0.78,-0.2723333333333334,0.52185566331442,0.6413917474858151,7.74652420839691,0.8891068824139488,underdamped
0.8125000000000002,-0.2723333333333334,0.5218556633144201,0.6413917474858151,8.704521651934883,0.9397449099010028,underdamped
0.845,-0.2723333333333334,0.5218556633144201,0.6413917474858151,9.94780563259292,0.9977272911217213,underdamped
0.8775000000000002,-0.2723333333333334,0.5218556633144201,0.6413917474858151,11.623536491947316,1.0653382834128908,underdamped
0.9100000000000004,-0.2723333333333334,0.52185566331442,0.6413917474858151,14.001563295755137,1.1461765280222955,underdamped
0.9425000000000001,-0.2723333333333334,0.5218556633144201,0.6413917474858151,17.63586475680364,1.2463967597165948,underdamped
0.9750000000000003,-0.2723333333333334,0.5218556633144201,0.6413917474858151,23.871976592985416,1.3778883799571922,underdamped
1.0075,-0.2723333333333334,0.5218556633144201,0.6413917474858151,37.046155358973024,1.568743143677809,underdamped
1.0400000000000003,-0.2723333333333334,0.5218556633144202,0.6413917474858152,83.18509627072773,1.9200455235602498,underdamped
1.0725,-0.2723333333333334,0.6596628403638236,0.7447471302728677,46.84495666570828,1.6706628415385754,overdamped
1.1050000000000002,-0.2723333333333334,0.7339467323119011,0.8004600492339258,46.02621009930121,1.6630052155908355,overdamped
1.1375,-0.2723333333333334,0.7948986881825021,0.8461740161368766,50.99415873534723,1.707520431503927,overdamped
1.1700000000000002,-0.2723333333333334,0.8493703210775876,0.8870277408081907,62.083882120769346,1.7929788656424424,overdamped
1.2025000000000003,-0.2723333333333334,0.8998604974153904,0.9248953730615428,85.70689631270521,1.9330157683649039,overdamped
1.235,-0.2723333333333334,0.9476104613105538,0.9676104613105538,99.52962981704827,1.99795238879047,overdamped
1.2675000000000003,-0.2723333333333334,0.9933410582407005,0.999,333.4365631073634,2.5230132208222806,overdamped
-1.2349999999999999,-0.2562500000000001,0.9711329311588497,0.9911329311588497,92.06648369407,1.9641015564085254,overdamped
-1.2025,-0.2562500000000001,0.9256749720659614,0.9456749720659614,98.18686377019732,1.992053388258139,overdamped
-1.17,-0.2562500000000001,0.8782149382279147,0.9086612036709361,69.15820842456033,1.839843734147787,overdamped
-1.1375,-0.2562500000000001,0.828030856408644,0.871023142306483,53.347222839573234,1.7271118157597014,overdamped
-1.105,-0.2562500000000001,0.7738735530726286,0.8304051648044715,45.36103792171542,1.6566829832419174,overdamped
-1.0724999999999998,-0.2562500000000001,0.7132077986413703,0.7849058489810277,41.87439017451306,1.6219484953697403,overdamped
-1.04,-0.2562500000000001,0.638953772533703,0.7292153294002772,43.397593519269904,1.637465647708862,overdamped
-1.0074999999999998,-0.2562500000000001,0.5062114182829147,0.6296585637121861,73.26031443917306,1.864868778359439,underdamped
-0.9749999999999999,-0.2562500000000001,0.5062114182829148,0.6296585637121861,34.7343873061513,1.5407596425826382,underdamped
-0.9424999999999999,-0.2562500000000001,0.5062114182829148,0.6296585637121861,22.818380185632943,1.3582848117995638,underdamped
-0.9099999999999999,-0.2562500000000001,0.5062114182829148,0.6296585637121861,17.023362248113514,1.2310453408009734,underdamped
-0.8775,-0.2562500000000001,0.5062114182829146,0.629658563712186,13.599217141137611,1.133513908291548,underdamped
-0.845,-0.2562500000000001,0.5062114182829147,0.6296585637121861,11.339968183280506,1.0546118360520296,underdamped
-0.8125,-0.2562500000000001,0.5062114182829148,0.6296585637121861,9.739174816937995,0.9885221614338422,underdamped
-0.78,-0.2562500000000001,0.5062114182829148,0.6296585637121861,8.546975584266741,0.9318124633327942,underdamped
-0.7474999999999998,-0.2562500000000001,0.5062114182829147,0.6296585637121861,7.625883007721655,0.8822901382716865,underdamped
-0.7149999999999999,-0.2562500000000001,0.5062114182829147,0.6296585637121861,6.894009675523267,0.8384718885908461,underdamped
-0.6824999999999999,-0.2562500000000001,0.5062114182829146,0.629658563712186,6.299557271538131,0.7993100286148083,underdamped
-0.6499999999999999,-0.2562500000000001,0.5062114182829147,0.6296585637121861,5.808172656292291,0.7640395179125087,underdamped
-0.6174999999999999,-0.2562500000000001,0.5062114182829147,0.6296585637121861,5.396186808630151,0.732086975942959,underdamped
-0.585,-0.2562500000000001,0.5062114182829147,0.6296585637121861,5.046773225092249,0.7030137903085267,underdamped
-0.5525,-0.2562500000000001,0.5062114182829148,0.6296585637121861,4.747653871427472,0.6764790491181557,underdamped
-0.5199999999999998,-0.2562500000000001,0.5062114182829147,0.6296585637121861,4.489671212623192,0.6522145379361173,underdamped
-0.4874999999999998,-0.2562500000000001,0.5062114182829146,0.629658563712186,4.265867510684956,0.6300073630046535,underdamped
-0.45499999999999985,-0.2562500000000001,0.5062114182829147,0.6296585637121861,4.070872975227799,0.6096875511589851,underdamped
-0.4224999999999999,-0.2562500000000001,0.5062114182829148,0.6296585637121861,3.90048835432125,0.5911189855673228,underdamped
-0.3899999999999999,-0.2562500000000001,0.5062114182829148,0.6296585637121861,3.751393558760886,0.5741926283821845,underdamped
-0.35749999999999993,-0.2562500000000001,0.5062114182829147,0.6296585637121861,3.620940106472074,0.5588213412644558,underdamped
-0.32499999999999996,-0.2562500000000001,0.5062114182829148,0.6296585637121861,3.507000604385384,0.5449358407264454,underdamped
-0.2925,-0.2562500000000001,0.5062114182829147,0.6296585637121861,3.4078578547537415,0.5324814716041895,underdamped
-0.26,-0.2562500000000001,0.5062114182829148,0.6296585637121861,3.322122019079221,0.5214155797227201,underdamped
-0.2274999999999998,-0.2562500000000001,0.5062114182829148,0.6296585637121861,3.2486680119364193,0.5117053321665048,underdamped
-0.19499999999999984,-0.2562500000000001,0.5062114182829148,0.6296585637121861,3.1865877435977117,0.5033258814023169,underdamped
-0.16249999999999987,-0.2562500000000001,0.5062114182829149,0.6296585637121862,3.1351534656632016,0.4962588043882418,underdamped
-0.1299999999999999,-0.2562500000000001,0.5062114182829147,0.6296585637121861,3.0937895890118283,0.4904907736689572,underdamped
-0.09749999999999992,-0.2562500000000001,0.5062114182829148,0.6296585637121861,3.062051118366728,0.48601243660368054,underdamped
-0.06499999999999995,-0.2562500000000001,0.5062114182829147,0.6296585637121861,3.039607396327138,0.48281749261543105,underdamped
-0.03249999999999997,-0.2562500000000001,0.5062114182829148,0.6296585637121861,3.0262302453501775,0.4809019674680753,underdamped
2.220446049250313e-16,-0.2562500000000001,0.5062114182829147,0.6296585637121861,3.021785887762896,0.48026368864053676,underdamped
0.032500000000000195,-0.2562500000000001,0.5062114182829148,0.6296585637121861,3.0262302453501784,0.4809019674680754,underdamped
0.06500000000000017,-0.2562500000000001,0.5062114182829146,0.629658563712186,3.039607396327141,0.4828174926154315,underdamped
0.09749999999999992,-0.2562500000000001,0.5062114182829148,0.6296585637121861,3.062051118366728,0.48601243660368054,underdamped
0.13000000000000012,-0.2562500000000001,0.5062114182829147,0.6296585637121861,3.093789589011828,0.49049077366895716,underdamped
0.1625000000000003,-0.2562500000000001,0.5062114182829148,0.6296585637121861,3.135153465663202,0.4962588043882419,underdamped
0.19500000000000006,-0.2562500000000001,0.5062114182829148,0.6296585637121861,3.1865877435977135,0.5033258814023172,underdamped
0.22750000000000026,-0.2562500000000001,0.5062114182829148,0.6296585637121861,3.248668011936421,0.511705332166505,underdamped
0.26,-0.2562500000000001,0.5062114182829148,0.6296585637121861,3.322122019079221,0.5214155797227201,underdamped
0.2925000000000002,-0.2562500000000001,0.5062114182829147,0.6296585637121861,3.407857854753743,0.5324814716041896,underdamped
0.32499999999999996,-0.2562500000000001,0.5062114182829148,0.6296585637121861,3.507000604385384,0.5449358407264454,underdamped
0.35750000000000015,-0.2562500000000001,0.5062114182829147,0.6296585637121861,3.6209401064720748,0.5588213412644559,underdamped
0.3899999999999999,-0.2562500000000001,0.5062114182829148,0.6296585637121861,3.751393558760886,0.5741926283821845,underdamped
0.4225000000000001,-0.2562500000000001,0.5062114182829148,0.6296585637121861,3.90048835432125,0.5911189855673228,underdamped
0.4550000000000003,-0.2562500000000001,0.5062114182829147,0.6296585637121861,4.0708729752278,0.6096875511589853,underdamped
0.48750000000000004,-0.2562500000000001,0.5062114182829146,0.629658563712186,4.2658675106849575,0.6300073630046538,underdamped
0.5200000000000002,-0.2562500000000001,0.5062114182829147,0.6296585637121861,4.489671212623195,0.6522145379361176,underdamped
0.5525,-0.2562500000000001,0.5062114182829148,0.6296585637121861,4.747653871427472,0.6764790491181557,underdamped
0.5850000000000002,-0.2562500000000001,0.5062114182829147,0.6296585637121861,5.046773225092251,0.703013790308527,underdamped
0.6174999999999999,-0.2562500000000001,0.5062114182829147,0.6296585637121861,5.396186808630151,0.732086975942959,underdamped
0.6500000000000001,-0.2562500000000001,0.5062114182829148,0.6296585637121861,5.808172656292296,0.7640395179125091,underdamped
0.6825000000000003,-0.2562500000000001,0.5062114182829147,0.6296585637121861,6.299557271538136,0.7993100286148087,underdamped
0.7150000000000001,-0.2562500000000001,0.5062114182829146,0.629658563712186,6.894009675523276,0.8384718885908466,underdamped
0.7475000000000003,-0.2562500000000001,0.5062114182829147,0.6296585637121861,7.625883007721668,0.8822901382716872,underdamped
0.78,-0.2562500000000001,0.5062114182829148,0.6296585637121861,8.546975584266741,0.9318124633327942,underdamped
0.8125000000000002,-0.2562500000000001,0.5062114182829148,0.6296585637121861,9.739174816938002,0.9885221614338425,underdamped
0.845,-0.2562500000000001,0.5062114182829147,0.6296585637121861,11.339968183280506,1.0546118360520296,underdamped
0.8775000000000002,-0.2562500000000001,0.5062114182829146,0.629658563712186,13.599217141137622,1.1335139082915484,underdamped
0.9100000000000004,-0.2562500000000001,0.5062114182829148,0.6296585637121861,17.02336224811358,1.231045340800975,underdamped
0.9425000000000001,-0.2562500000000001,0.5062114182829149,0.6296585637121862,22.81838018563297,1.3582848117995643,underdamped
0.9750000000000003,-0.2562500000000001,0.5062114182829147,0.6296585637121861,34.73438730615162,1.5407596425826422,underdamped
1.0075,-0.2562500000000001,0.5062114182829148,0.6296585637121861,73.26031443917377,1.8648687783594433,underdamped
1.0400000000000003,-0.2562500000000001,0.6389537725337036,0.7292153294002777,43.39759351926984,1.6374656477088614,overdamped
1.0725,-0.2562500000000001,0.7132077986413707,0.7849058489810281,41.87439017451286,1.6219484953697383,overdamped
1.1050000000000002,-0.2562500000000001,0.773873553072629,0.8304051648044717,45.36103792171543,1.6566829832419177,overdamped
1.1375,-0.2562500000000001,0.828030856408644,0.871023142306483,53.347222839573234,1.7271118157597014,overdamped
1.1700000000000002,-0.2562500000000001,0.8782149382279151,0.9086612036709363,69.15820842456083,1.83984373414779,overdamped
1.2025000000000003,-0.2562500000000001,0.925674972065962,0.9456749720659621,98.18686377019753,1.99205338825814,overdamped
1.235,-0.2562500000000001,0.9711329311588501,0.9911329311588502,92.06648369406989,1.964101556408525,overdamped
-1.2349999999999999,-0.24016666666666675,0.9931854845922758,0.999,298.19732143654954,2.474503738075559,overdamped
-1.2025,-0.24016666666666675,0.9495815889111023,0.9695815889111024,90.59991826369163,1.9571278058705912,overdamped
-1.17,-0.24016666666666675,0.9044656997759434,0.9283492748319575,80.6486540652403,1.9065971239020825,overdamped
-1.1375,-0.24016666666666675,0.8573845367992771,0.8930384025994578,57.80905223084178,1.761995849252478,overdamped
-1.105,-0.24016666666666675,0.8076266025590692,0.8557199519193018,46.63504105566306,1.6687123634348882,overdamped
-1.0724999999999998,-0.24016666666666675,0.7539594298217996,0.8154695723663498,40.712795434908465,1.6097309230690298,overdamped
-1.04,-0.24016666666666675,0.6938773514099329,0.7704080135574497,38.232001138685085,1.5824270304475734,overdamped
-1.0074999999999998,-0.24016666666666675,0.6203578720898942,0.7152684040674206,40.07110284202914,1.602831295305588,overdamped
-0.9749999999999999,-0.24016666666666675,0.49006802248939557,0.6175510168670466,66.9732867647188,1.8259016127894596,underdamped
-0.9424999999999999,-0.24016666666666675,0.4900680224893956,0.6175510168670467,33.07627740788378,1.5195166256632355,underdamped
-0.9099999999999999,-0.24016666666666675,0.49006802248939574,0.6175510168670468,22.02839859044055,1.3429829261741777,underdamped
-0.8775,-0.24016666666666675,0.49006802248939557,0.6175510168670466,16.55409507770938,1.2189054452210482,underdamped
-0.845,-0.24016666666666675,0.49006802248939557,0.6175510168670466,13.287938159876392,1.1234575983049473,underdamped
-0.8125,-0.24016666666666675,0.4900680224893957,0.6175510168670468,11.120267552095473,1.0461152364367616,underdamped
-0.78,-0.24016666666666675,0.4900680224893956,0.6175510168670467,9.578480024606444,0.9812965978782209,underdamped
-0.7474999999999998,-0.24016666666666675,0.49006802248939557,0.6175510168670466,8.427261556675234,0.9256864733158003,underdamped
-0.7149999999999999,-0.24016666666666675,0.4900680224893958,0.6175510168670468,7.536289278142153,0.8771575603646604,underdamped
-0.6824999999999999,-0.24016666666666675,0.49006802248939546,0.6175510168670466,6.827569110615109,0.8342661048874758,underdamped
-0.6499999999999999,-0.24016666666666675,0.49006802248939557,0.6175510168670466,6.2515829727205245,0.795989999627551,underdamped
-0.6174999999999999,-0.24016666666666675,0.49006802248939557,0.6175510168670466,5.775394735119877,0.7615816726205928,underdamped
-0.585,-0.24016666666666675,0.49006802248939574,0.6175510168670468,5.376259609058363,0.7304802317829888,underdamped
-0.5525,-0.24016666666666675,0.4900680224893956,0.6175510168670467,5.03797891314918,0.702256345392718,underdamped
-0.5199999999999998,-0.24016666666666675,0.49006802248939557,0.6175510168670466,4.74871629187733,0.676576223792863,underdamped
-0.4874999999999998,-0.24016666666666675,0.4900680224893956,0.6175510168670467,4.499634717741258,0.6531772589957062,underdamped
-0.45499999999999985,-0.24016666666666675,0.4900680224893957,0.6175510168670468,4.2840156728926555,0.6318510510109723,underdamped
-0.4224999999999999,-0.24016666666666675,0.49006802248939546,0.6175510168670466,4.0966726685977894,0.6124312644410775,underdamped
-0.3899999999999999,-0.24016666666666675,0.49006802248939546,0.6175510168670466,3.933550490206322,0.594784729051296,underdamped
-0.35749999999999993,-0.24016666666666675,0.4900680224893957,0.6175510168670468,3.7914450767421193,0.578804769134241,underdamped
-0.32499999999999996,-0.24016666666666675,0.4900680224893955,0.6175510168670466,3.6678037886719075,0.5644060947797964,underdamped
-0.2925,-0.24016666666666675,0.49006802248939546,0.6175510168670466,3.560580487989102,0.5515208075737109,underdamped
-0.26,-0.24016666666666675,0.4900680224893956,0.6175510168670467,3.468128782265853,0.5400952157906198,underdamped
-0.2274999999999998,-0.24016666666666675,0.49006802248939557,0.6175510168670466,3.3891223660633716,0.5300872495534321,underdamped
-0.19499999999999984,-0.24016666666666675,0.4900680224893957,0.6175510168670468,3.3224949700918067,0.5214643321390656,underdamped
-0.16249999999999987,-0.24016666666666675,0.4900680224893955,0.6175510168670466,3.267394773608865,0.5142016100316533,underdamped
-0.1299999999999999,-0.24016666666666675,0.4900680224893955,0.6175510168670466,3.2231497061912098,0.5082804777316356,underdamped
-0.09749999999999992,-0.24016666666666675,0.4900680224893957,0.6175510168670468,3.189241138671294,0.5036873575104657,underdamped
-0.06499999999999995,-0.24016666666666675,0.49006802248939546,0.6175510168670466,3.1652842119535447,0.5004127115544681,underdamped
-0.03249999999999997,-0.24016666666666675,0.49006802248939557,0.6175510168670466,3.1510135861364925,0.49845027571331696,underdamped
2.220446049250313e-16,-0.24016666666666675,0.4900680224893956,0.6175510168670467,3.1462737825035703,0.49779651137597564,underdamped
0.032500000000000195,-0.24016666666666675,0.4900680224893955,0.6175510168670466,3.151013586136494,0.4984502757133171,underdamped
0.06500000000000017,-0.24016666666666675,0.49006802248939557,0.6175510168670466,3.1652842119535465,0.5004127115544683,underdamped
0.09749999999999992,-0.24016666666666675,0.4900680224893957,0.6175510168670468,3.189241138671294,0.5036873575104657,underdamped
0.13000000000000012,-0.24016666666666675,0.49006802248939557,0.6175510168670466,3.2231497061912107,0.5082804777316359,underdamped
0.1625000000000003,-0.24016666666666675,0.4900680224893956,0.6175510168670467,3.2673947736088644,0.5142016100316532,underdamped
0.19500000000000006,-0.24016666666666675,0.4900680224893957,0.6175510168670468,3.322494970091811,0.5214643321390663,underdamped
0.22750000000000026,-0.24016666666666675,0.49006802248939557,0.6175510168670466,3.3891223660633734,0.5300872495534323,underdamped
0.26,-0.24016666666666675,0.4900680224893956,0.6175510168670467,3.468128782265853,0.5400952157906198,underdamped
0.2925000000000002,-0.24016666666666675,0.49006802248939546,0.6175510168670466,3.5605804879891014,0.5515208075737108,underdamped
0.32499999999999996,-0.24016666666666675,0.4900680224893955,0.6175510168670466,3.6678037886719075,0.5644060947797964,underdamped
0.35750000000000015,-0.24016666666666675,0.49006802248939557,0.6175510168670466,3.791445076742123,0.5788047691342414,underdamped
0.3899999999999999,-0.24016666666666675,0.49006802248939546,0.6175510168670466,3.933550490206322,0.594784729051296,underdamped
0.4225000000000001,-0.24016666666666675,0.49006802248939546,0.6175510168670466,4.09667266859779,0.6124312644410776,underdamped
0.4550000000000003,-0.24016666666666675,0.4900680224893956,0.6175510168670467,4.284015672892658,0.6318510510109725,underdamped
0.48750000000000004,-0.24016666666666675,0.49006802248939557,0.6175510168670466,4.4996347177412614,0.6531772589957066,underdamped
0.5200000000000002,-0.24016666666666675,0.4900680224893957,0.6175510168670468,4.748716291877331,0.6765762237928631,underdamped
0.5525,-0.24016666666666675,0.4900680224893956,0.6175510168670467,5.03797891314918,0.702256345392718,underdamped
0.5850000000000002,-0.24016666666666675,0.49006802248939574,0.6175510168670468,5.376259609058366,0.730480231782989,underdamped
0.6174999999999999,-0.24016666666666675,0.49006802248939557,0.6175510168670466,5.775394735119877,0.7615816726205928,underdamped
0.6500000000000001,-0.24016666666666675,0.49006802248939557,0.6175510168670466,6.251582972720527,0.7959899996275512,underdamped
0.6825000000000003,-0.24016666666666675,0.4900680224893955,0.6175510168670466,6.827569110615112,0.834266104887476,underdamped
0.7150000000000001,-0.24016666666666675,0.4900680224893957,0.6175510168670468,7.536289278142159,0.8771575603646609,underdamped
0.7475000000000003,-0.24016666666666675,0.4900680224893956,0.6175510168670467,8.427261556675244,0.9256864733158009,underdamped
0.78,-0.24016666666666675,0.4900680224893956,0.6175510168670467,9.578480024606444,0.9812965978782209,underdamped
0.8125000000000002,-0.24016666666666675,0.4900680224893956,0.6175510168670467,11.12026755209549,1.0461152364367623,underdamped
0.845,-0.24016666666666675,0.49006802248939557,0.6175510168670466,13.287938159876392,1.1234575983049473,underdamped
0.8775000000000002,-0.24016666666666675,0.4900680224893956,0.6175510168670467,16.554095077709405,1.2189054452210488,underdamped
0.9100000000000004,-0.24016666666666675,0.49006802248939574,0.6175510168670468,22.028398590440627,1.3429829261741792,underdamped
0.9425000000000001,-0.24016666666666675,0.4900680224893956,0.6175510168670467,33.076277407883865,1.5195166256632366,underdamped
0.9750000000000003,-0.24016666666666675,0.49006802248939557,0.6175510168670466,66.97328676471992,1.8259016127894667,underdamped
1.0075,-0.24016666666666675,0.6203578720898949,0.7152684040674212,40.07110284202906,1.6028312953055872,overdamped
1.0400000000000003,-0.24016666666666675,0.6938773514099332,0.7704080135574499,38.23200113868515,1.582427030447574,overdamped
1.0725,-0.24016666666666675,0.7539594298218,0.81546957236635,40.71279543490848,1.6097309230690298,overdamped
1.1050000000000002,-0.24016666666666675,0.8076266025590695,0.8557199519193022,46.63504105566294,1.668712363434887,overdamped
1.1375,-0.24016666666666675,0.8573845367992771,0.8930384025994578,57.80905223084178,1.761995849252478,overdamped
1.1700000000000002,-0.24016666666666675,0.9044656997759437,0.9283492748319577,80.64865406524083,1.9065971239020856,overdamped
1.2025000000000003,-0.24016666666666675,0.949581588911103,0.969581588911103,90.59991826369128,1.9571278058705894,overdamped
1.235,-0.24016666666666675,0.9931854845922761,0.999,298.1973214365689,2.4745037380755868,overdamped
-1.2025,-0.2240833333333334,0.9719496481879454,0.9919496481879454,84.48677125873067,1.9267887134574448,overdamped
-1.17,-0.2240833333333334,0.9287174226987431,0.9487174226987432,88.97727084122758,1.9492790807020643,overdamped
-1.1375,-0.2240833333333334,0.884016917336194,0.9130126880021455,64.93362869292382,1.8124696732759413,overdamped
-1.105,-0.2240833333333334,0.8374086110784764,0.8780564583088573,49.50348466405644,1.6946357709962947,overdamped
-1.0724999999999998,-0.2240833333333334,0.7882038234809434,0.8411528676107076,41.28367315716527,1.615778331083282,overdamped
-1.04,-0.2240833333333334,0.7352130727132221,0.8014098045349166,36.77893457020997,1.5655991442337442,overdamped
-1.0074999999999998,-0.2240833333333334,0.6760309599655937,0.7570232199741953,34.97366082160279,1.5437410938880098,overdamped
-0.9749999999999999,-0.2240833333333334,0.6040028611951934,0.7030021458963951,36.82397420361177,1.5661306576486544,overdamped
-0.9424999999999999,-0.2240833333333334,0.47337441136307046,0.6050308085223028,63.23127077318434,1.8009319100155896,underdamped
-0.9099999999999999,-0.2240833333333334,0.47337441136307035,0.6050308085223027,31.97584458915693,1.5048220244741028,underdamped
-0.8775,-0.2240833333333334,0.4733744113630705,0.6050308085223028,21.479318925098045,1.3320205064613588,underdamped
-0.845,-0.2240833333333334,0.4733744113630704,0.6050308085223028,16.220508093408615,1.2100644539878123,underdamped
-0.8125,-0.2240833333333334,0.47337441136307035,0.6050308085223027,13.064908254459361,1.1161063643333835,underdamped
-0.78,-0.2240833333333334,0.4733744113630704,0.6050308085223028,10.963471411429332,1.0399480884660213,underdamped
-0.7474999999999998,-0.2240833333333334,0.4733744113630704,0.6050308085223028,9.465596580135578,0.9761479910727637,underdamped
-0.7149999999999999,-0.2240833333333334,0.4733744113630704,0.6050308085223028,8.345674907135617,0.9214614634350102,underdamped
-0.6824999999999999,-0.2240833333333334,0.4733744113630703,0.6050308085223027,7.478267012501238,0.8738009676362861,underdamped
-0.6499999999999999,-0.2240833333333334,0.4733744113630704,0.6050308085223028,6.788082692234227,0.8317471242411414,underdamped
-0.6174999999999999,-0.2240833333333334,0.4733744113630704,0.6050308085223028,6.227214381184763,0.7942938172169702,underdamped
-0.585,-0.2240833333333334,0.47337441136307046,0.6050308085223028,5.763742557662643,0.760704574452251,underdamped
-0.5525,-0.2240833333333334,0.4733744113630704,0.6050308085223028,5.375595508704785,0.7304265824143549,underdamped
-0.5199999999999998,-0.2240833333333334,0.47337441136307046,0.6050308085223028,5.047038583782354,0.7030366248564748,underdamped
-0.4874999999999998,-0.2240833333333334,0.4733744113630704,0.6050308085223028,4.766566856837605,0.6782056889037568,underdamped
-0.45499999999999985,-0.2240833333333334,0.4733744113630704,0.6050308085223028,4.525587690416019,0.6556749844543636,underdamped
-0.4224999999999999,-0.2240833333333334,0.4733744113630704,0.6050308085223028,4.3175682006403635,0.6352392064428172,underdamped
-0.3899999999999999,-0.2240833333333334,0.47337441136307046,0.6050308085223028,4.137466974621774,0.616734540246792,underdamped
-0.35749999999999993,-0.2240833333333334,0.4733744113630705,0.6050308085223028,3.981345414265888,0.6000298578157219,underdamped
-0.32499999999999996,-0.2240833333333334,0.4733744113630705,0.6050308085223028,3.846095917726152,0.5850201109008345,underdamped
-0.2925,-0.2240833333333334,0.4733744113630704,0.6050308085223028,3.7292480322710313,0.5716212692460931,underdamped
-0.26,-0.2240833333333334,0.4733744113630704,0.6050308085223028,3.6288278598417443,0.5597663671275351,underdamped
-0.2274999999999998,-0.2240833333333334,0.4733744113630703,0.6050308085223027,3.54325461804564,0.5494023618276768,underdamped
-0.19499999999999984,-0.2240833333333334,0.47337441136307035,0.6050308085223027,3.471263657277229,0.540487601442065,underdamped
-0.16249999999999987,-0.2240833333333334,0.4733744113630706,0.605030808522303,3.4118486989764865,0.5329897638036452,underdamped
-0.1299999999999999,-0.2240833333333334,0.47337441136307035,0.6050308085223027,3.3642183351708286,0.5268841734168674,underdamped
-0.09749999999999992,-0.2240833333333334,0.4733744113630704,0.6050308085223028,3.327763356850343,0.5221524352664724,underdamped
-0.06499999999999995,-0.2240833333333334,0.4733744113630705,0.6050308085223028,3.3020325269010526,0.5187813469958434,underdamped
-0.03249999999999997,-0.2240833333333334,0.4733744113630704,0.6050308085223028,3.2867151497810325,0.5167620666496623,underdamped
2.220446049250313e-16,-0.2240833333333334,0.4733744113630704,0.6050308085223028,3.281629322356699,0.5160895235949935,underdamped
0.032500000000000195,-0.2240833333333334,0.4733744113630704,0.6050308085223028,3.2867151497810325,0.5167620666496623,underdamped
0.06500000000000017,-0.2240833333333334,0.4733744113630704,0.6050308085223028,3.3020325269010526,0.5187813469958434,underdamped
0.09749999999999992,-0.2240833333333334,0.4733744113630704,0.6050308085223028,3.327763356850343,0.5221524352664724,underdamped
0.13000000000000012,-0.2240833333333334,0.4733744113630704,0.6050308085223028,3.3642183351708304,0.5268841734168678,underdamped
0.1625000000000003,-0.2240833333333334,0.47337441136307046,0.6050308085223028,3.4118486989764873,0.5329897638036453,underdamped
0.19500000000000006,-0.2240833333333334,0.4733744113630705,0.6050308085223028,3.4712636572772286,0.5404876014420649,underdamped
0.22750000000000026,-0.2240833333333334,0.47337441136307046,0.6050308085223028,3.5432546180456397,0.5494023618276768,underdamped
0.26,-0.2240833333333334,0.4733744113630704,0.6050308085223028,3.6288278598417443,0.5597663671275351,underdamped
0.2925000000000002,-0.2240833333333334,0.4733744113630705,0.6050308085223028,3.7292480322710313,0.5716212692460931,underdamped
0.32499999999999996,-0.2240833333333334,0.4733744113630705,0.6050308085223028,3.846095917726152,0.5850201109008345,underdamped
0.35750000000000015,-0.2240833333333334,0.47337441136307046,0.6050308085223028,3.9813454142658897,0.6000298578157222,underdamped
0.3899999999999999,-0.2240833333333334,0.47337441136307046,0.6050308085223028,4.137466974621774,0.616734540246792,underdamped
0.4225000000000001,-0.2240833333333334,0.47337441136307035,0.6050308085223027,4.317568200640367,0.6352392064428175,underdamped
0.4550000000000003,-0.2240833333333334,0.47337441136307046,0.6050308085223028,4.525587690416022,0.6556749844543639,underdamped
0.48750000000000004,-0.2240833333333334,0.4733744113630705,0.6050308085223028,4.766566856837603,0.6782056889037564,underdamped
0.5200000000000002,-0.2240833333333334,0.47337441136307035,0.6050308085223027,5.04703858378236,0.7030366248564753,underdamped
0.5525,-0.2240833333333334,0.4733744113630704,0.6050308085223028,5.375595508704785,0.7304265824143549,underdamped
0.5850000000000002,-0.2240833333333334,0.4733744113630705,0.6050308085223028,5.763742557662645,0.7607045744522513,underdamped
0.6174999999999999,-0.2240833333333334,0.4733744113630704,0.6050308085223028,6.227214381184763,0.7942938172169702,underdamped
0.6500000000000001,-0.2240833333333334,0.47337441136307046,0.6050308085223028,6.788082692234231,0.8317471242411417,underdamped
0.6825000000000003,-0.2240833333333334,0.47337441136307024,0.6050308085223026,7.47826701250125,0.8738009676362868,underdamped
0.7150000000000001,-0.2240833333333334,0.47337441136307035,0.6050308085223027,8.34567490713563,0.9214614634350109,underdamped
0.7475000000000003,-0.2240833333333334,0.4733744113630704,0.6050308085223028,9.465596580135593,0.9761479910727644,underdamped
0.78,-0.2240833333333334,0.4733744113630704,0.6050308085223028,10.963471411429332,1.0399480884660213,underdamped
0.8125000000000002,-0.2240833333333334,0.4733744113630704,0.6050308085223028,13.064908254459366,1.1161063643333837,underdamped
0.845,-0.2240833333333334,0.4733744113630704,0.6050308085223028,16.220508093408615,1.2100644539878123,underdamped
0.8775000000000002,-0.2240833333333334,0.47337441136307057,0.605030808522303,21.47931892509809,1.3320205064613597,underdamped
0.9100000000000004,-0.2240833333333334,0.4733744113630704,0.6050308085223028,31.975844589157102,1.504822024474105,underdamped
0.9425000000000001,-0.2240833333333334,0.47337441136307046,0.6050308085223028,63.2312707731842,1.8009319100155887,underdamped
0.9750000000000003,-0.2240833333333334,0.6040028611951946,0.703002145896396,36.82397420361167,1.5661306576486533,overdamped
1.0075,-0.2240833333333334,0.6760309599655941,0.7570232199741956,34.973660821602756,1.5437410938880094,overdamped
1.0400000000000003,-0.2240833333333334,0.7352130727132224,0.8014098045349168,36.77893457021002,1.5655991442337447,overdamped
1.0725,-0.2240833333333334,0.7882038234809439,0.8411528676107078,41.28367315716518,1.6157783310832812,overdamped
1.1050000000000002,-0.2240833333333334,0.8374086110784769,0.8780564583088577,49.503484664056245,1.6946357709962931,overdamped
1.1375,-0.2240833333333334,0.884016917336194,0.9130126880021455,64.93362869292382,1.8124696732759413,overdamped
1.1700000000000002,-0.2240833333333334,0.9287174226987436,0.9487174226987436,88.9772708412271,1.949279080702062,overdamped
1.2025000000000003,-0.2240833333333334,0.9719496481879459,0.991949648187946,84.48677125873085,1.9267887134574457,overdamped
-1.2025,-0.20800000000000007,0.993042754527186,0.999,268.2242910576057,2.4284981060829556,overdamped
-1.17,-0.20800000000000007,0.9513673020344472,0.9713673020344472,82.83530704339584,1.918215486371947,overdamped
-1.1375,-0.20800000000000007,0.9085684257805923,0.9314263193354442,76.14215707110792,1.881625176008812,overdamped
-1.105,-0.20800000000000007,0.8643593432943768,0.8982695074707826,54.14926775053756,1.7335925881256768,overdamped
-1.0724999999999998,-0.20800000000000007,0.818321023857467,0.8637407678931002,43.13192668220941,1.634798858302759,overdamped
-1.04,-0.20800000000000007,0.7697999199359359,0.8273499399519519,36.89115145355055,1.5669222107193204,overdamped
-1.0074999999999998,-0.20800000000000007,0.7176753666585611,0.7882565249939208,33.38158356644446,1.5235069350351338,overdamped
-0.9749999999999999,-0.20800000000000007,0.6597099009929448,0.7447824257447087,32.0186760366415,1.5054033699983804,overdamped
-0.9424999999999999,-0.20800000000000007,0.5898946901466723,0.6924210176100042,33.6663659643906,1.5271962400355819,overdamped
-0.9099999999999999,-0.20800000000000007,0.4560701700396554,0.5920526275297415,61.56485208006566,1.7893328403432942,underdamped
-0.8775,-0.20800000000000007,0.4560701700396553,0.5920526275297415,31.391997063150924,1.4968189450698401,underdamped
-0.845,-0.20800000000000007,0.4560701700396553,0.5920526275297415,21.16347877646201,1.3255870569946882,underdamped
-0.8125,-0.20800000000000007,0.45607017003965533,0.5920526275297415,16.021372310019085,1.2046997128183445,underdamped
-0.78,-0.20800000000000007,0.4560701700396552,0.5920526275297414,12.930642593405619,1.1116201078529917,underdamped
-0.7474999999999998,-0.20800000000000007,0.4560701700396553,0.5920526275297415,10.870639570475642,1.0362550964098625,underdamped
-0.7149999999999999,-0.20800000000000007,0.4560701700396553,0.5920526275297415,9.401754359609638,0.9732089001536934,underdamped
-0.6824999999999999,-0.20800000000000007,0.4560701700396552,0.5920526275297414,8.303487206809844,0.9192605208837935,underdamped
-0.6499999999999999,-0.20800000000000007,0.4560701700396553,0.5920526275297415,7.453085996583585,0.8723361323165576,underdamped
-0.6174999999999999,-0.20800000000000007,0.4560701700396553,0.5920526275297415,6.77680695783919,0.8310251146293595,underdamped
-0.585,-0.20800000000000007,0.4560701700396553,0.5920526275297415,6.227696008326607,0.7943274052563218,underdamped
-0.5525,-0.20800000000000007,0.4560701700396552,0.5920526275297414,5.774454929349252,0.7615109959498133,underdamped
-0.5199999999999998,-0.20800000000000007,0.4560701700396552,0.5920526275297414,5.395435942121046,0.7320265406980272,underdamped
-0.4874999999999998,-0.20800000000000007,0.45607017003965516,0.5920526275297413,5.075205417390602,0.7054536248776238,underdamped
-0.45499999999999985,-0.20800000000000007,0.4560701700396552,0.5920526275297414,4.802479958118476,0.6814655611242123,underdamped
-0.4224999999999999,-0.20800000000000007,0.4560701700396552,0.5920526275297414,4.568835478586871,0.6598055196165906,underdamped
-0.3899999999999999,-0.20800000000000007,0.45607017003965533,0.5920526275297415,4.367871526625711,0.6402698558647033,underdamped
-0.35749999999999993,-0.20800000000000007,0.45607017003965533,0.5920526275297415,4.194654120705472,0.6226961559485245,underdamped
-0.32499999999999996,-0.20800000000000007,0.45607017003965533,0.5920526275297415,4.045334696234798,0.6069544593758753,underdamped
-0.2925,-0.20800000000000007,0.4560701700396554,0.5920526275297415,3.9168836832762386,0.592940674825543,underdamped
-0.26,-0.20800000000000007,0.4560701700396552,0.5920526275297414,3.8069006543289503,0.5805715435231413,underdamped
-0.2274999999999998,-0.20800000000000007,0.4560701700396552,0.5920526275297414,3.7134768372658096,0.569780719357307,underdamped
-0.19499999999999984,-0.20800000000000007,0.4560701700396553,0.5920526275297415,3.6350942380808187,0.5605156742178827,underdamped
-0.16249999999999987,-0.20800000000000007,0.45607017003965516,0.5920526275297413,3.570550912675689,0.5527352300830934,underdamped
-0.1299999999999999,-0.20800000000000007,0.4560701700396552,0.5920526275297414,3.518905328834312,0.5464075829142138,underdamped
-0.09749999999999992,-0.20800000000000007,0.45607017003965533,0.5920526275297415,3.4794349980436823,0.5415087275231927,underdamped
-0.06499999999999995,-0.20800000000000007,0.45607017003965533,0.5920526275297415,3.451606065097083,0.5380212234518724,underdamped
-0.03249999999999997,-0.20800000000000007,0.45607017003965533,0.5920526275297415,3.435051585844823,0.5359332634565673,underdamped
2.220446049250313e-16,-0.20800000000000007,0.45607017003965533,0.5920526275297415,3.429556966125021,0.5352380210356722,underdamped
0.032500000000000195,-0.20800000000000007,0.4560701700396553,0.5920526275297415,3.435051585844823,0.5359332634565673,underdamped
0.06500000000000017,-0.20800000000000007,0.4560701700396554,0.5920526275297415,3.4516060650970837,0.5380212234518725,underdamped
0.09749999999999992,-0.20800000000000007,0.45607017003965533,0.5920526275297415,3.4794349980436823,0.5415087275231927,underdamped
0.13000000000000012,-0.20800000000000007,0.4560701700396553,0.5920526275297415,3.5189053288343115,0.5464075829142137,underdamped
0.1625000000000003,-0.20800000000000007,0.4560701700396552,0.5920526275297414,3.5705509126756896,0.5527352300830936,underdamped
0.19500000000000006,-0.20800000000000007,0.45607017003965516,0.5920526275297413,3.6350942380808213,0.560515674217883,underdamped
0.22750000000000026,-0.20800000000000007,0.45607017003965533,0.5920526275297415,3.7134768372658087,0.5697807193573069,underdamped
0.26,-0.20800000000000007,0.4560701700396552,0.5920526275297414,3.8069006543289503,0.5805715435231413,underdamped
0.2925000000000002,-0.20800000000000007,0.4560701700396552,0.5920526275297414,3.916883683276241,0.5929406748255432,underdamped
0.32499999999999996,-0.20800000000000007,0.45607017003965533,0.5920526275297415,4.045334696234798,0.6069544593758753,underdamped
0.35750000000000015,-0.20800000000000007,0.45607017003965533,0.5920526275297415,4.194654120705475,0.6226961559485248,underdamped
0.3899999999999999,-0.20800000000000007,0.45607017003965533,0.5920526275297415,4.367871526625711,0.6402698558647033,underdamped
0.4225000000000001,-0.20800000000000007,0.45607017003965533,0.5920526275297415,4.568835478586871,0.6598055196165906,underdamped
0.4550000000000003,-0.20800000000000007,0.4560701700396553,0.5920526275297415,4.802479958118477,0.6814655611242124,underdamped
0.48750000000000004,-0.20800000000000007,0.4560701700396553,0.5920526275297415,5.0752054173906,0.7054536248776235,underdamped
0.5200000000000002,-0.20800000000000007,0.4560701700396552,0.5920526275297414,5.39543594212105,0.7320265406980274,underdamped
0.5525,-0.20800000000000007,0.4560701700396552,0.5920526275297414,5.774454929349252,0.7615109959498133,underdamped
0.5850000000000002,-0.20800000000000007,0.4560701700396553,0.5920526275297415,6.227696008326612,0.7943274052563223,underdamped
0.6174999999999999,-0.20800000000000007,0.4560701700396553,0.5920526275297415,6.77680695783919,0.8310251146293595,underdamped
0.6500000000000001,-0.20800000000000007,0.45607017003965516,0.5920526275297413,7.453085996583597,0.8723361323165583,underdamped
0.6825000000000003,-0.20800000000000007,0.4560701700396552,0.5920526275297414,8.303487206809859,0.9192605208837942,underdamped
0.7150000000000001,-0.20800000000000007,0.45607017003965533,0.5920526275297415,9.401754359609647,0.9732089001536938,underdamped
0.7475000000000003,-0.20800000000000007,0.45607017003965533,0.5920526275297415,10.87063957047567,1.0362550964098636,underdamped
0.78,-0.20800000000000007,0.4560701700396552,0.5920526275297414,12.930642593405619,1.1116201078529917,underdamped
0.8125000000000002,-0.20800000000000007,0.45607017003965516,0.5920526275297413,16.02137231001913,1.2046997128183459,underdamped
0.845,-0.20800000000000007,0.4560701700396553,0.5920526275297415,21.16347877646201,1.3255870569946882,underdamped
0.8775000000000002,-0.20800000000000007,0.4560701700396553,0.5920526275297415,31.391997063151017,1.4968189450698415,underdamped
0.9100000000000004,-0.20800000000000007,0.4560701700396553,0.5920526275297415,61.564852080066316,1.7893328403432986,underdamped
0.9425000000000001,-0.20800000000000007,0.5898946901466727,0.6924210176100045,33.666365964390515,1.5271962400355807,overdamped
0.9750000000000003,-0.20800000000000007,0.6597099009929457,0.7447824257447093,32.01867603664154,1.5054033699983809,overdamped
1.0075,-0.20800000000000007,0.7176753666585615,0.7882565249939211,33.38158356644451,1.5235069350351345,overdamped
1.0400000000000003,-0.20800000000000007,0.7697999199359361,0.827349939951952,36.89115145355073,1.5669222107193226,overdamped
1.0725,-0.20800000000000007,0.8183210238574674,0.8637407678931006,43.13192668220925,1.6347988583027573,overdamped
1.1050000000000002,-0.20800000000000007,0.864359343294377,0.8982695074707827,54.1492677505377,1.7335925881256782,overdamped
1.1375,-0.20800000000000007,0.9085684257805923,0.9314263193354442,76.14215707110792,1.881625176008812,overdamped
1.1700000000000002,-0.20800000000000007,0.9513673020344475,0.9713673020344475,82.83530704339624,1.918215486371949,overdamped
1.2025000000000003,-0.20800000000000007,0.9930427545271865,0.999,268.2242910576263,2.428498106082989,overdamped
-1.17,-0.19191666666666674,0.9726961868955293,0.9926961868955293,77.79389198999105,1.890945499570957,overdamped
-1.1375,-0.19191666666666674,0.9314618633755081,0.9514618633755081,81.05693016378638,1.9087901518585026,overdamped
-1.105,-0.19191666666666674,0.8891594471173105,0.9168695853379829,61.21333808500211,1.7868460630863134,overdamped
-1.0724999999999998,-0.19191666666666674,0.8455191317175593,0.8841393487881695,46.26011345786936,1.6652066935895113,overdamped
-1.04,-0.19191666666666674,0.8001487700014642,0.8501115775010981,38.06606956555244,1.5805380369374649,overdamped
-1.0074999999999998,-0.19191666666666674,0.7524413666240409,0.8143310249680307,33.201081554264725,1.5211522314569974,overdamped
-0.9749999999999999,-0.19191666666666674,0.7013681447372029,0.7760261085529021,30.400925500118255,1.4828868051046795,overdamped
-0.9424999999999999,-0.19191666666666674,0.6449160468638968,0.7336870351479226,29.31680292298105,1.467116607558,overdamped
-0.9099999999999999,-0.19191666666666674,0.5779159604499482,0.6834369703374612,30.63962232277692,1.4862834076921319,overdamped
-0.8775,-0.19191666666666674,0.4629346197682171,0.5972009648261628,47.424785559010644,1.6760053758126996,overdamped
-0.845,-0.19191666666666674,0.4380829449621005,0.5785622087215754,31.33446254214527,1.4960222499540574,underdamped
-0.8125,-0.19191666666666674,0.43808294496210043,0.5785622087215754,21.088848839759663,1.3240528738985713,underdamped
-0.78,-0.19191666666666674,0.4380829449621005,0.5785622087215754,15.962434036838136,1.2030991155966777,underdamped
-0.7474999999999998,-0.19191666666666674,0.4380829449621004,0.5785622087215753,12.889468437459938,1.1102350073892369,underdamped
-0.7149999999999999,-0.19191666666666674,0.43808294496210054,0.5785622087215754,10.845203414777636,1.0352377021396986,underdamped
-0.6824999999999999,-0.19191666666666674,0.4380829449621005,0.5785622087215754,9.389800070410374,0.972656345275491,underdamped
-0.6499999999999999,-0.19191666666666674,0.4380829449621006,0.5785622087215754,8.303151624736504,0.9192429686934707,underdamped
-0.6174999999999999,-0.19191666666666674,0.4380829449621005,0.5785622087215754,7.462928994891491,0.8729093095992898,underdamped
-0.585,-0.19191666666666674,0.43808294496210043,0.5785622087215754,6.795737464848543,0.8322365927146747,underdamped
-0.5525,-0.19191666666666674,0.43808294496210043,0.5785622087215754,6.254895039962207,0.7962200264278899,underdamped
-0.5199999999999998,-0.19191666666666674,0.43808294496210054,0.5785622087215754,5.809314157213168,0.7641248629721723,underdamped
-0.4874999999999998,-0.19191666666666674,0.43808294496210043,0.5785622087215754,5.437511949440824,0.7354002243664656,underdamped
-0.45499999999999985,-0.19191666666666674,0.4380829449621005,0.5785622087215754,5.124186376399181,0.7096249174757892,underdamped
-0.4224999999999999,-0.19191666666666674,0.4380829449621004,0.5785622087215753,4.858161539468992,0.6864719515011416,underdamped
-0.3899999999999999,-0.19191666666666674,0.4380829449621005,0.5785622087215754,4.6311035336152315,0.6656844902521899,underdamped
-0.35749999999999993,-0.19191666666666674,0.43808294496210043,0.5785622087215754,4.436689781225685,0.6470590633769399,underdamped
-0.32499999999999996,-0.19191666666666674,0.4380829449621004,0.5785622087215753,4.270055659526492,0.6304335360244798,underdamped
-0.2925,-0.19191666666666674,0.4380829449621004,0.5785622087215753,4.127416409996577,0.6156782865272397,underdamped
-0.26,-0.19191666666666674,0.43808294496210054,0.5785622087215754,4.005803137192556,0.6026896023385444,underdamped
-0.2274999999999998,-0.19191666666666674,0.4380829449621004,0.5785622087215753,3.90287504557893,0.5913846471346289,underdamped
-0.19499999999999984,-0.19191666666666674,0.4380829449621003,0.5785622087215753,3.816783869608868,0.5816975681508848,underdamped
-0.16249999999999987,-0.19191666666666674,0.4380829449621005,0.5785622087215754,3.746074870467801,0.5735764530995722,underdamped
-0.1299999999999999,-0.19191666666666674,0.43808294496210043,0.5785622087215754,3.689614049512549,0.5669809393478434,underdamped
-0.09749999999999992,-0.19191666666666674,0.4380829449621004,0.5785622087215753,3.646534622893066,0.5618803414311772,underdamped
-0.06499999999999995,-0.19191666666666674,0.43808294496210043,0.5785622087215754,3.6161980420543247,0.5582522067082466,underdamped
-0.03249999999999997,-0.19191666666666674,0.4380829449621005,0.5785622087215754,3.5981663640376294,0.556081239418986,underdamped
2.220446049250313e-16,-0.19191666666666674,0.4380829449621005,0.5785622087215754,3.592183839503484,0.5553585547321432,underdamped
0.032500000000000195,-0.19191666666666674,0.4380829449621004,0.5785622087215753,3.5981663640376302,0.5560812394189861,underdamped
0.06500000000000017,-0.19191666666666674,0.4380829449621003,0.5785622087215753,3.6161980420543256,0.5582522067082466,underdamped
0.09749999999999992,-0.19191666666666674,0.4380829449621004,0.5785622087215753,3.646534622893066,0.5618803414311772,underdamped
0.13000000000000012,-0.19191666666666674,0.4380829449621005,0.5785622087215754,3.6896140495125502,0.5669809393478435,underdamped
0.1625000000000003,-0.19191666666666674,0.4380829449621003,0.5785622087215753,3.746074870467804,0.5735764530995725,underdamped
0.19500000000000006,-0.19191666666666674,0.43808294496210054,0.5785622087215754,3.8167838696088676,0.5816975681508847,underdamped
0.22750000000000026,-0.19191666666666674,0.4380829449621005,0.5785622087215754,3.9028750455789303,0.5913846471346289,underdamped
0.26,-0.19191666666666674,0.43808294496210054,0.5785622087215754,4.005803137192556,0.6026896023385444,underdamped
0.2925000000000002,-0.19191666666666674,0.43808294496210054,0.5785622087215754,4.127416409996577,0.6156782865272397,underdamped
0.32499999999999996,-0.19191666666666674,0.4380829449621004,0.5785622087215753,4.270055659526492,0.6304335360244798,underdamped
0.35750000000000015,-0.19191666666666674,0.4380829449621004,0.5785622087215753,4.436689781225686,0.64705906337694,underdamped
0.3899999999999999,-0.19191666666666674,0.4380829449621005,0.5785622087215754,4.6311035336152315,0.6656844902521899,underdamped
0.4225000000000001,-0.19191666666666674,0.4380829449621005,0.5785622087215754,4.858161539468991,0.6864719515011415,underdamped
0.4550000000000003,-0.19191666666666674,0.4380829449621005,0.5785622087215754,5.1241863763991855,0.7096249174757896,underdamped
0.48750000000000004,-0.19191666666666674,0.43808294496210043,0.5785622087215754,5.437511949440827,0.7354002243664658,underdamped
0.5200000000000002,-0.19191666666666674,0.43808294496210043,0.5785622087215754,5.809314157213173,0.7641248629721726,underdamped
0.5525,-0.19191666666666674,0.43808294496210043,0.5785622087215754,6.254895039962207,0.7962200264278899,underdamped
0.5850000000000002,-0.19191666666666674,0.43808294496210043,0.5785622087215754,6.795737464848545,0.8322365927146749,underdamped
0.6174999999999999,-0.19191666666666674,0.4380829449621005,0.5785622087215754,7.462928994891491,0.8729093095992898,underdamped
0.6500000000000001,-0.19191666666666674,0.4380829449621005,0.5785622087215754,8.30315162473651,0.9192429686934709,underdamped
0.6825000000000003,-0.19191666666666674,0.43808294496210043,0.5785622087215754,9.389800070410388,0.9726563452754917,underdamped
0.7150000000000001,-0.19191666666666674,0.4380829449621006,0.5785622087215754,10.845203414777648,1.035237702139699,underdamped
0.7475000000000003,-0.19191666666666674,0.4380829449621005,0.5785622087215754,12.889468437459968,1.110235007389238,underdamped
0.78,-0.19191666666666674,0.4380829449621005,0.5785622087215754,15.962434036838136,1.2030991155966777,underdamped
0.8125000000000002,-0.19191666666666674,0.4380829449621005,0.5785622087215754,21.088848839759702,1.3240528738985722,underdamped
0.845,-0.19191666666666674,0.4380829449621005,0.5785622087215754,31.33446254214527,1.4960222499540574,underdamped
0.8775000000000002,-0.19191666666666674,0.4629346197682195,0.5972009648261646,47.424785559009784,1.6760053758126918,overdamped
0.9100000000000004,-0.19191666666666674,0.5779159604499492,0.6834369703374619,30.639622322776912,1.4862834076921319,overdamped
0.9425000000000001,-0.19191666666666674,0.6449160468638973,0.733687035147923,29.316802922980965,1.4671166075579987,overdamped
0.9750000000000003,-0.19191666666666674,0.7013681447372037,0.7760261085529028,30.400925500118205,1.4828868051046789,overdamped
1.0075,-0.19191666666666674,0.7524413666240413,0.8143310249680309,33.20108155426477,1.521152231456998,overdamped
1.0400000000000003,-0.19191666666666674,0.8001487700014644,0.8501115775010983,38.066069565552404,1.5805380369374644,overdamped
1.0725,-0.19191666666666674,0.8455191317175597,0.8841393487881697,46.2601134578694,1.6652066935895116,overdamped
1.1050000000000002,-0.19191666666666674,0.8891594471173109,0.9168695853379831,61.213338085002306,1.7868460630863148,overdamped
1.1375,-0.19191666666666674,0.9314618633755081,0.9514618633755081,81.05693016378638,1.9087901518585026,overdamped
1.1700000000000002,-0.19191666666666674,0.9726961868955296,0.9926961868955296,77.79389198999118,1.8909454995709576,overdamped
-1.17,-0.1758333333333334,0.9929113465774966,0.999,242.52715696419716,2.384760375760338,overdamped
-1.1375,-0.1758333333333334,0.952993710640352,0.972993710640352,76.04177373512887,1.8810522385773423,overdamped
-1.105,-0.1758333333333334,0.9122539668532741,0.9341904751399556,72.09687749602229,1.8579164559037182,overdamped
-1.0724999999999998,-0.1758333333333334,0.8705114682649893,0.902883601198742,50.96277828210066,1.7072530959304268,overdamped
-1.04,-0.1758333333333334,0.8275169372029233,0.8706377029021924,40.21598371232166,1.6043986963285761,overdamped
-1.0074999999999998,-0.1758333333333334,0.7829107586439514,0.8371830689829636,33.92435693263499,1.5305116239587429,overdamped
-0.9749999999999999,-0.1758333333333334,0.7361421457972612,0.8021066093479459,30.0432910361755,1.4777475049154885,overdamped
-0.9424999999999999,-0.1758333333333334,0.6862923892321384,0.7647192919241038,27.754769225780795,1.4433376206289086,overdamped
-0.9099999999999999,-0.1758333333333334,0.631611626646341,0.7237087199847557,26.837748900544657,1.4287460852275125,overdamped
-0.8775,-0.1758333333333334,0.5678554962682324,0.6758916222011743,27.792603680003744,1.4439292344668369,overdamped
-0.845,-0.1758333333333334,0.47420025789748615,0.6056501934231147,36.07801296896494,1.5572426103450276,overdamped
-0.8125,-0.1758333333333334,0.4193248541803043,0.5644936406352282,31.873607206279935,1.5034312163175327,underdamped
-0.78,-0.1758333333333334,0.41932485418030424,0.5644936406352281,21.282709531041707,1.3280269177710813,underdamped
-0.7474999999999998,-0.1758333333333334,0.41932485418030424,0.5644936406352281,16.058203088881275,1.2056969461578302,underdamped
-0.7149999999999999,-0.1758333333333334,0.41932485418030424,0.5644936406352281,12.95055084872536,1.1122882414268387,underdamped
-0.6824999999999999,-0.1758333333333334,0.41932485418030424,0.5644936406352281,10.893624241191297,1.037172390875464,underdamped
-0.6499999999999999,-0.1758333333333334,0.41932485418030424,0.5644936406352281,9.434656246835434,0.974726081202362,underdamped
-0.6174999999999999,-0.1758333333333334,0.41932485418030424,0.5644936406352281,8.348644404448386,0.9216159634522308,underdamped
-0.585,-0.1758333333333334,0.4193248541803043,0.5644936406352282,7.511159783168635,0.8757070007247617,underdamped
-0.5525,-0.1758333333333334,0.41932485418030424,0.5644936406352281,6.847829088935825,0.8355529124958581,underdamped
-0.5199999999999998,-0.1758333333333334,0.41932485418030413,0.5644936406352281,6.311489927855471,0.800131893485776,underdamped
-0.4874999999999998,-0.1758333333333334,0.41932485418030413,0.5644936406352281,5.87081353388376,0.7686982867323944,underdamped
-0.45499999999999985,-0.1758333333333334,0.4193248541803042,0.5644936406352281,5.504197966654678,0.7406940455544143,underdamped
-0.4224999999999999,-0.1758333333333334,0.41932485418030435,0.5644936406352283,5.196287789255448,0.7156931958699009,underdamped
-0.3899999999999999,-0.1758333333333334,0.4193248541803042,0.5644936406352281,4.935890783758955,0.6933655415163564,underdamped
-0.35749999999999993,-0.1758333333333334,0.41932485418030413,0.5644936406352281,4.714678803046609,0.6734521108981594,underdamped
-0.32499999999999996,-0.1758333333333334,0.41932485418030435,0.5644936406352283,4.526349101476933,0.6557480465250778,underdamped
-0.2925,-0.1758333333333334,0.41932485418030424,0.5644936406352281,4.366066740418034,0.6400903701211131,underdamped
-0.26,-0.1758333333333334,0.41932485418030413,0.5644936406352281,4.230084428305427,0.6263490355502775,underdamped
-0.2274999999999998,-0.1758333333333334,0.41932485418030424,0.5644936406352281,4.115477755927314,0.6144202586780926,underdamped
-0.19499999999999984,-0.1758333333333334,0.41932485418030424,0.5644936406352281,4.0199575327453925,0.6042214651760731,underdamped
-0.16249999999999987,-0.1758333333333334,0.41932485418030413,0.5644936406352281,3.9417349558196646,0.5956874187524487,underdamped
-0.1299999999999999,-0.1758333333333334,0.41932485418030413,0.5644936406352281,3.879423887427059,0.5887672356229225,underdamped
-0.09749999999999992,-0.1758333333333334,0.41932485418030424,0.5644936406352281,3.8319698738379797,0.5834220860856935,underdamped
-0.06499999999999995,-0.1758333333333334,0.4193248541803041,0.5644936406352281,3.798598990005913,0.5796234484323308,underdamped
-0.03249999999999997,-0.1758333333333334,0.4193248541803042,0.5644936406352281,3.778781885627571,0.5773518248087466,underdamped
2.220446049250313e-16,-0.1758333333333334,0.4193248541803043,0.5644936406352282,3.7722099804842255,0.5765958597883595,underdamped
0.032500000000000195,-0.1758333333333334,0.4193248541803043,0.5644936406352282,3.778781885627571,0.5773518248087466,underdamped
0.06500000000000017,-0.1758333333333334,0.41932485418030413,0.5644936406352281,3.7985989900059116,0.5796234484323306,underdamped
0.09749999999999992,-0.1758333333333334,0.41932485418030424,0.5644936406352281,3.8319698738379797,0.5834220860856935,underdamped
0.13000000000000012,-0.1758333333333334,0.41932485418030424,0.5644936406352281,3.879423887427059,0.5887672356229225,underdamped
0.1625000000000003,-0.1758333333333334,0.4193248541803043,0.5644936406352282,3.9417349558196633,0.5956874187524485,underdamped
0.19500000000000006,-0.1758333333333334,0.41932485418030424,0.5644936406352281,4.019957532745393,0.6042214651760732,underdamped
0.22750000000000026,-0.1758333333333334,0.41932485418030413,0.5644936406352281,4.115477755927314,0.6144202586780926,underdamped
0.26,-0.1758333333333334,0.41932485418030413,0.5644936406352281,4.230084428305427,0.6263490355502775,underdamped
0.2925000000000002,-0.1758333333333334,0.4193248541803042,0.5644936406352281,4.366066740418034,0.6400903701211131,underdamped
0.32499999999999996,-0.1758333333333334,0.41932485418030435,0.5644936406352283,4.526349101476933,0.6557480465250778,underdamped
0.35750000000000015,-0.1758333333333334,0.41932485418030424,0.5644936406352281,4.714678803046614,0.6734521108981598,underdamped
0.3899999999999999,-0.1758333333333334,0.4193248541803042,0.5644936406352281,4.935890783758955,0.6933655415163564,underdamped
0.4225000000000001,-0.1758333333333334,0.41932485418030424,0.5644936406352281,5.196287789255455,0.7156931958699013,underdamped
0.4550000000000003,-0.1758333333333334,0.41932485418030424,0.5644936406352281,5.504197966654679,0.7406940455544144,underdamped
0.48750000000000004,-0.1758333333333334,0.4193248541803042,0.5644936406352281,5.870813533883763,0.7686982867323946,underdamped
0.5200000000000002,-0.1758333333333334,0.41932485418030413,0.5644936406352281,6.311489927855472,0.8001318934857762,underdamped
0.5525,-0.1758333333333334,0.41932485418030424,0.5644936406352281,6.847829088935825,0.8355529124958581,underdamped
0.5850000000000002,-0.1758333333333334,0.41932485418030424,0.5644936406352281,7.511159783168643,0.8757070007247623,underdamped
0.6174999999999999,-0.1758333333333334,0.41932485418030424,0.5644936406352281,8.348644404448386,0.9216159634522308,underdamped
0.6500000000000001,-0.1758333333333334,0.41932485418030424,0.5644936406352281,9.43465624683544,0.9747260812023624,underdamped
0.6825000000000003,-0.1758333333333334,0.41932485418030424,0.5644936406352281,10.893624241191317,1.0371723908754649,underdamped
0.7150000000000001,-0.1758333333333334,0.41932485418030424,0.5644936406352281,12.95055084872538,1.1122882414268394,underdamped
0.7475000000000003,-0.1758333333333334,0.4193248541803043,0.5644936406352282,16.05820308888132,1.2056969461578313,underdamped
0.78,-0.1758333333333334,0.41932485418030424,0.5644936406352281,21.282709531041707,1.3280269177710813,underdamped
0.8125000000000002,-0.1758333333333334,0.4193248541803043,0.5644936406352282,31.873607206279996,1.5034312163175336,underdamped
0.845,-0.1758333333333334,0.47420025789748615,0.6056501934231147,36.07801296896494,1.5572426103450276,overdamped
0.8775000000000002,-0.1758333333333334,0.567855496268233,0.6758916222011747,27.792603680003715,1.4439292344668364,overdamped
0.9100000000000004,-0.1758333333333334,0.6316116266463419,0.7237087199847564,26.83774890054462,1.428746085227512,overdamped
0.9425000000000001,-0.1758333333333334,0.6862923892321388,0.764719291924104,27.754769225780798,1.4433376206289088,overdamped
0.9750000000000003,-0.1758333333333334,0.7361421457972619,0.8021066093479464,30.04329103617552,1.4777475049154887,overdamped
1.0075,-0.1758333333333334,0.7829107586439517,0.8371830689829638,33.92435693263496,1.5305116239587422,overdamped
1.0400000000000003,-0.1758333333333334,0.8275169372029234,0.8706377029021926,40.21598371232187,1.6043986963285786,overdamped
1.0725,-0.1758333333333334,0.8705114682649895,0.9028836011987421,50.962778282100814,1.7072530959304282,overdamped
1.1050000000000002,-0.1758333333333334,0.9122539668532743,0.9341904751399557,72.09687749602274,1.857916455903721,overdamped
1.1375,-0.1758333333333334,0.952993710640352,0.972993710640352,76.04177373512887,1.8810522385773423,overdamped
1.1700000000000002,-0.1758333333333334,0.9929113465774968,0.999,242.52715696421,2.384760375760361,overdamped
-1.1375,-0.15975000000000006,0.973381390897938,0.993381390897938,71.85995767295738,1.8564869570600242,overdamped
-1.105,-0.15975000000000006,0.9339528149063787,0.9539528149063787,74.18991031879847,1.8703448461035437,overdamped
-1.0724999999999998,-0.15975000000000006,0.8937609264064523,0.9203206948048392,57.90410038800322,1.762709318698603,overdamped
-1.04,-0.15975000000000006,0.852640947569598,0.8894807106771985,43.46648221077818,1.6381544936928532,overdamped
-1.0074999999999998,-0.15975000000000006,0.8103671268862844,0.8577753451647133,35.420849896149356,1.549258977542357,overdamped
-0.9749999999999999,-0.15975000000000006,0.7666169109889256,0.8249626832416942,30.46239442347187,1.483764037018122,overdamped
-0.9424999999999999,-0.15975000000000006,0.720902884020994,0.7906771630157455,27.301184687104413,1.4361814928982317,overdamped
-0.9099999999999999,-0.15975000000000006,0.6724281490515888,0.7543211117886915,25.385730131806618,1.4045896588832123,overdamped
-0.8775,-0.15975000000000006,0.6197239276802046,0.7147929457601534,24.563162726433628,1.390284285360229,overdamped
-0.845,-0.15975000000000006,0.5594534592480231,0.6695900944360174,25.163849983162965,1.4007770874302028,overdamped
-0.8125,-0.15975000000000006,0.4789759410389439,0.609231955779208,29.823891463511572,1.474564310172151,overdamped
-0.78,-0.15975000000000006,0.39968737783422686,0.5497655333756701,33.171850505947006,1.5207696994997268,underdamped
-0.7474999999999998,-0.15975000000000006,0.3996873778342268,0.5497655333756701,21.80031376952413,1.3384627444024153,underdamped
-0.7149999999999999,-0.15975000000000006,0.3996873778342269,0.5497655333756701,16.335590989187576,1.2131348510061417,underdamped
-0.6824999999999999,-0.15975000000000006,0.39968737783422686,0.5497655333756701,13.129805591930284,1.1182582957028093,underdamped
-0.6499999999999999,-0.15975000000000006,0.39968737783422686,0.5497655333756701,11.02655194949273,1.0424397279055762,underdamped
-0.6174999999999999,-0.15975000000000006,0.39968737783422686,0.5497655333756701,9.544096317990878,0.9797348135374816,underdamped
-0.585,-0.15975000000000006,0.399687377834227,0.5497655333756702,8.446023845026444,0.9266523032016981,underdamped
-0.5525,-0.15975000000000006,0.399687377834227,0.5497655333756702,7.602751503615808,0.8809707957778091,underdamped
-0.5199999999999998,-0.15975000000000006,0.39968737783422686,0.5497655333756701,6.937341550608741,0.8411930769261008,underdamped
-0.4874999999999998,-0.15975000000000006,0.3996873778342269,0.5497655333756701,6.401261894588221,0.8062655958331542,underdamped
-0.45499999999999985,-0.15975000000000006,0.399687377834227,0.5497655333756702,5.9624133463304485,0.7754220803527424,underdamped
-0.4224999999999999,-0.15975000000000006,0.399687377834227,0.5497655333756702,5.598744995301266,0.7480906872385866,underdamped
-0.3899999999999999,-0.15975000000000006,0.39968737783422686,0.5497655333756701,5.294634867093261,0.7238360153076533,underdamped
-0.35749999999999993,-0.15975000000000006,0.399687377834227,0.5497655333756702,5.038733078293082,0.7023213526612259,underdamped
-0.32499999999999996,-0.15975000000000006,0.39968737783422686,0.5497655333756701,4.822622014949962,0.6832832243406249,underdamped
-0.2925,-0.15975000000000006,0.39968737783422703,0.5497655333756702,4.639954434964393,0.6665137157400759,underdamped
-0.26,-0.15975000000000006,0.3996873778342269,0.5497655333756701,4.48588236411928,0.6518478806415704,underdamped
-0.2274999999999998,-0.15975000000000006,0.39968737783422703,0.5497655333756702,4.356669106065552,0.6391545760323842,underdamped
-0.19499999999999984,-0.15975000000000006,0.3996873778342269,0.5497655333756701,4.249420142814052,0.6283296721780547,underdamped
-0.16249999999999987,-0.15975000000000006,0.3996873778342269,0.5497655333756701,4.1618934263444745,0.6192909550339195,underdamped
-0.1299999999999999,-0.15975000000000006,0.39968737783422675,0.5497655333756701,4.092364129697843,0.6119742693418835,underdamped
-0.09749999999999992,-0.15975000000000006,0.3996873778342268,0.5497655333756701,4.039527787975851,0.6063305999961103,underdamped
-0.06499999999999995,-0.15975000000000006,0.3996873778342269,0.5497655333756701,4.00243131731068,0.6023238880569451,underdamped
-0.03249999999999997,-0.15975000000000006,0.3996873778342269,0.5497655333756701,3.980424995729728,0.5999294447988948,underdamped
2.220446049250313e-16,-0.15975000000000006,0.399687377834227,0.5497655333756702,3.973130901150339,0.599132873817194,underdamped
0.032500000000000195,-0.15975000000000006,0.3996873778342269,0.5497655333756701,3.980424995729729,0.5999294447988949,underdamped
0.06500000000000017,-0.15975000000000006,0.3996873778342268,0.5497655333756701,4.0024313173106805,0.6023238880569453,underdamped
0.09749999999999992,-0.15975000000000006,0.3996873778342268,0.5497655333756701,4.039527787975851,0.6063305999961103,underdamped
0.13000000000000012,-0.15975000000000006,0.399687377834227,0.5497655333756702,4.092364129697838,0.6119742693418829,underdamped
0.1625000000000003,-0.15975000000000006,0.3996873778342268,0.5497655333756701,4.161893426344476,0.6192909550339197,underdamped
0.19500000000000006,-0.15975000000000006,0.399687377834227,0.5497655333756702,4.249420142814051,0.6283296721780547,underdamped
0.22750000000000026,-0.15975000000000006,0.399687377834227,0.5497655333756702,4.356669106065553,0.6391545760323842,underdamped
0.26,-0.15975000000000006,0.3996873778342269,0.5497655333756701,4.48588236411928,0.6518478806415704,underdamped
0.2925000000000002,-0.15975000000000006,0.399687377834227,0.5497655333756702,4.639954434964393,0.6665137157400759,underdamped
0.32499999999999996,-0.15975000000000006,0.39968737783422686,0.5497655333756701,4.822622014949962,0.6832832243406249,underdamped
0.35750000000000015,-0.15975000000000006,0.399687377834227,0.5497655333756702,5.038733078293084,0.702321352661226,underdamped
0.3899999999999999,-0.15975000000000006,0.39968737783422686,0.5497655333756701,5.294634867093261,0.7238360153076533,underdamped
0.4225000000000001,-0.15975000000000006,0.3996873778342269,0.5497655333756701,5.598744995301275,0.7480906872385873,underdamped
0.4550000000000003,-0.15975000000000006,0.3996873778342269,0.5497655333756701,5.962413346330455,0.7754220803527428,underdamped
0.48750000000000004,-0.15975000000000006,0.3996873778342269,0.5497655333756701,6.401261894588225,0.8062655958331545,underdamped
0.5200000000000002,-0.15975000000000006,0.399687377834227,0.5497655333756702,6.937341550608744,0.841193076926101,underdamped
0.5525,-0.15975000000000006,0.399687377834227,0.5497655333756702,7.602751503615808,0.8809707957778091,underdamped
0.5850000000000002,-0.15975000000000006,0.3996873778342269,0.5497655333756701,8.446023845026453,0.9266523032016987,underdamped
0.6174999999999999,-0.15975000000000006,0.39968737783422686,0.5497655333756701,9.544096317990878,0.9797348135374816,underdamped
0.6500000000000001,-0.15975000000000006,0.3996873778342269,0.5497655333756701,11.026551949492738,1.0424397279055766,underdamped
0.6825000000000003,-0.15975000000000006,0.399687377834227,0.5497655333756702,13.129805591930303,1.11825829570281,underdamped
0.7150000000000001,-0.15975000000000006,0.39968737783422686,0.5497655333756701,16.335590989187605,1.2131348510061424,underdamped
0.7475000000000003,-0.15975000000000006,0.39968737783422686,0.5497655333756701,21.800313769524244,1.3384627444024175,underdamped
0.78,-0.15975000000000006,0.39968737783422686,0.5497655333756701,33.171850505947006,1.5207696994997268,underdamped
0.8125000000000002,-0.15975000000000006,0.4789759410389446,0.6092319557792084,29.823891463511508,1.4745643101721502,overdamped
0.845,-0.15975000000000006,0.5594534592480231,0.6695900944360174,25.163849983162965,1.4007770874302028,overdamped
0.8775000000000002,-0.15975000000000006,0.6197239276802049,0.7147929457601536,24.56316272643365,1.3902842853602293,overdamped
0.9100000000000004,-0.15975000000000006,0.6724281490515894,0.7543211117886921,25.385730131806625,1.4045896588832125,overdamped
0.9425000000000001,-0.15975000000000006,0.7209028840209943,0.7906771630157458,27.301184687104342,1.4361814928982306,overdamped
0.9750000000000003,-0.15975000000000006,0.7666169109889263,0.8249626832416947,30.46239442347188,1.4837640370181222,overdamped
1.0075,-0.15975000000000006,0.8103671268862846,0.8577753451647134,35.42084989614947,1.5492589775423584,overdamped
1.0400000000000003,-0.15975000000000006,0.8526409475695982,0.8894807106771987,43.466482210778224,1.6381544936928536,overdamped
1.0725,-0.15975000000000006,0.8937609264064525,0.9203206948048395,57.90410038800313,1.762709318698602,overdamped
1.1050000000000002,-0.15975000000000006,0.9339528149063788,0.9539528149063788,74.18991031879892,1.8703448461035463,overdamped
1.1375,-0.15975000000000006,0.973381390897938,0.993381390897938,71.85995767295738,1.8564869570600242,overdamped
-1.1375,-0.14366666666666672,0.992789969617645,0.999,220.34022925609844,2.34309379696419,overdamped
-1.105,-0.14366666666666672,0.9544820684226266,0.9744820684226266,70.0650232903579,1.8455012707075864,overdamped
-1.0724999999999998,-0.14366666666666672,0.9155881022693779,0.9366910767020334,68.4436716034596,1.8353332988578432,overdamped
-1.04,-0.14366666666666672,0.8759962546619464,0.9069971909964598,48.15315382495867,1.68262473681717,overdamped
-1.0074999999999998,-0.14366666666666672,0.835559276291868,0.876669457218901,37.729229509929716,1.5766779363167498,overdamped
-0.9749999999999999,-0.14366666666666672,0.7940772061542298,0.8455579046156724,31.511817193945706,1.498473448383374,overdamped
-0.9424999999999999,-0.14366666666666672,0.7512676705733644,0.8134507529300233,27.51690989059828,1.4395996616560558,overdamped
-0.9099999999999999,-0.14366666666666672,0.7067108129050741,0.7800331096788056,24.892671482334666,1.3960715076080843,overdamped
-0.8775,-0.14366666666666672,0.6597361892366427,0.744802141927482,23.25281002270102,1.366475443402785,overdamped
-0.845,-0.14366666666666672,0.6091536453791708,0.7068652340343782,22.480757870181513,1.3518109480576024,overdamped
-0.8125,-0.14366666666666672,0.5524430088387721,0.664332256629079,22.77383930311641,1.3574362518537242,overdamped
-0.78,-0.14366666666666672,0.4818331820930392,0.6113748865697795,25.433324759408524,1.4054031368285786,overdamped
-0.7474999999999998,-0.14366666666666672,0.37903385952532886,0.5342753946439966,35.56187934628082,1.5509847041584766,underdamped
-0.7149999999999999,-0.14366666666666672,0.37903385952532886,0.5342753946439966,22.74332314736543,1.3568539220544262,underdamped
-0.6824999999999999,-0.14366666666666672,0.3790338595253288,0.5342753946439966,16.84098700144412,1.226367540650544,underdamped
-0.6499999999999999,-0.14366666666666672,0.37903385952532886,0.5342753946439966,13.453405414611622,1.1288322297345226,underdamped
-0.6174999999999999,-0.14366666666666672,0.37903385952532875,0.5342753946439965,11.260860915441668,1.0515715944702995,underdamped
-0.585,-0.14366666666666672,0.3790338595253289,0.5342753946439966,9.73006377615494,0.9881156868810338,underdamped
-0.5525,-0.14366666666666672,0.3790338595253288,0.5342753946439966,8.604358382356166,0.9347184910039275,underdamped
-0.5199999999999998,-0.14366666666666672,0.37903385952532886,0.5342753946439966,7.744983980195932,0.8890205237970061,underdamped
-0.4874999999999998,-0.14366666666666672,0.3790338595253288,0.5342753946439966,7.070393100670374,0.8494435604314101,underdamped
-0.45499999999999985,-0.14366666666666672,0.37903385952532886,0.5342753946439966,6.529556271301777,0.8148836689515047,underdamped
-0.4224999999999999,-0.14366666666666672,0.37903385952532886,0.5342753946439966,6.088942188292656,0.7845418506476118,underdamped
-0.3899999999999999,-0.14366666666666672,0.3790338595253288,0.5342753946439966,5.725643599889274,0.7578243113036972,underdamped
-0.35749999999999993,-0.14366666666666672,0.3790338595253288,0.5342753946439966,5.423511923997245,0.7342805993228217,underdamped
-0.32499999999999996,-0.14366666666666672,0.37903385952532886,0.5342753946439966,5.170869345752679,0.7135635644331588,underdamped
-0.2925,-0.14366666666666672,0.3790338595253289,0.5342753946439966,4.959095887310323,0.6954025057355856,underdamped
-0.26,-0.14366666666666672,0.37903385952532886,0.5342753946439966,4.781725273263694,0.6795846207690917,underdamped
-0.2274999999999998,-0.14366666666666672,0.3790338595253288,0.5342753946439966,4.633848874602145,0.6659418658811023,underdamped
-0.19499999999999984,-0.14366666666666672,0.3790338595253288,0.5342753946439966,4.511712918146367,0.6543414575463281,underdamped
-0.16249999999999987,-0.14366666666666672,0.37903385952532886,0.5342753946439966,4.412440859871901,0.6446788975679095,underdamped
-0.1299999999999999,-0.14366666666666672,0.3790338595253288,0.5342753946439966,4.333839269156004,0.636872800427953,underdamped
-0.09749999999999992,-0.14366666666666672,0.37903385952532875,0.5342753946439965,4.27426109960362,0.6308610481634704,underdamped
-0.06499999999999995,-0.14366666666666672,0.3790338595253288,0.5342753946439966,4.232509653127306,0.6265979572818923,underdamped
-0.03249999999999997,-0.14366666666666672,0.3790338595253289,0.5342753946439966,4.20777246896069,0.6240522477458587,underdamped
2.220446049250313e-16,-0.14366666666666672,0.37903385952532886,0.5342753946439966,4.199578235267485,0.6232056762803779,underdamped
0.032500000000000195,-0.14366666666666672,0.37903385952532886,0.5342753946439966,4.207772468960691,0.6240522477458588,underdamped
0.06500000000000017,-0.14366666666666672,0.3790338595253288,0.5342753946439966,4.232509653127305,0.6265979572818922,underdamped
0.09749999999999992,-0.14366666666666672,0.37903385952532875,0.5342753946439965,4.27426109960362,0.6308610481634704,underdamped
0.13000000000000012,-0.14366666666666672,0.3790338595253288,0.5342753946439966,4.333839269156004,0.636872800427953,underdamped
0.1625000000000003,-0.14366666666666672,0.3790338595253288,0.5342753946439966,4.412440859871903,0.6446788975679097,underdamped
0.19500000000000006,-0.14366666666666672,0.37903385952532886,0.5342753946439966,4.511712918146366,0.654341457546328,underdamped
0.22750000000000026,-0.14366666666666672,0.3790338595253288,0.5342753946439966,4.633848874602146,0.6659418658811024,underdamped
0.26,-0.14366666666666672,0.37903385952532886,0.5342753946439966,4.781725273263694,0.6795846207690917,underdamped
0.2925000000000002,-0.14366666666666672,0.3790338595253288,0.5342753946439966,4.959095887310327,0.6954025057355859,underdamped
0.32499999999999996,-0.14366666666666672,0.37903385952532886,0.5342753946439966,5.170869345752679,0.7135635644331588,underdamped
0.35750000000000015,-0.14366666666666672,0.37903385952532886,0.5342753946439966,5.423511923997246,0.7342805993228217,underdamped
0.3899999999999999,-0.14366666666666672,0.3790338595253288,0.5342753946439966,5.725643599889274,0.7578243113036972,underdamped
0.4225000000000001,-0.14366666666666672,0.37903385952532886,0.5342753946439966,6.088942188292659,0.7845418506476121,underdamped
0.4550000000000003,-0.14366666666666672,0.37903385952532886,0.5342753946439966,6.529556271301786,0.8148836689515053,underdamped
0.48750000000000004,-0.14366666666666672,0.37903385952532886,0.5342753946439966,7.070393100670379,0.8494435604314104,underdamped
0.5200000000000002,-0.14366666666666672,0.37903385952532886,0.5342753946439966,7.744983980195941,0.8890205237970067,underdamped
0.5525,-0.14366666666666672,0.3790338595253288,0.5342753946439966,8.604358382356166,0.9347184910039275,underdamped
0.5850000000000002,-0.14366666666666672,0.37903385952532886,0.5342753946439966,9.730063776154951,0.9881156868810342,underdamped
0.6174999999999999,-0.14366666666666672,0.37903385952532875,0.5342753946439965,11.260860915441668,1.0515715944702995,underdamped
0.6500000000000001,-0.14366666666666672,0.37903385952532886,0.5342753946439966,13.453405414611643,1.1288322297345232,underdamped
0.6825000000000003,-0.14366666666666672,0.37903385952532886,0.5342753946439966,16.84098700144417,1.2263675406505452,underdamped
0.7150000000000001,-0.14366666666666672,0.3790338595253288,0.5342753946439966,22.743323147365494,1.3568539220544273,underdamped
0.7475000000000003,-0.14366666666666672,0.37903385952532875,0.5342753946439965,35.5618793462812,1.5509847041584814,underdamped
0.78,-0.14366666666666672,0.4818331820930392,0.6113748865697795,25.433324759408524,1.4054031368285786,overdamped
0.8125000000000002,-0.14366666666666672,0.5524430088387724,0.6643322566290792,22.77383930311642,1.3574362518537242,overdamped
0.845,-0.14366666666666672,0.6091536453791708,0.7068652340343782,22.480757870181513,1.3518109480576024,overdamped
0.8775000000000002,-0.14366666666666672,0.659736189236643,0.7448021419274823,23.252810022701002,1.3664754434027848,overdamped
0.9100000000000004,-0.14366666666666672,0.7067108129050748,0.780033109678806,24.892671482334638,1.3960715076080836,overdamped
0.9425000000000001,-0.14366666666666672,0.7512676705733646,0.8134507529300234,27.516909890598306,1.4395996616560562,overdamped
0.9750000000000003,-0.14366666666666672,0.7940772061542305,0.8455579046156729,31.51181719394568,1.4984734483833737,overdamped
1.0075,-0.14366666666666672,0.8355592762918682,0.8766694572189011,37.729229509929816,1.576677936316751,overdamped
1.0400000000000003,-0.14366666666666672,0.8759962546619465,0.9069971909964599,48.15315382495896,1.6826247368171725,overdamped
1.0725,-0.14366666666666672,0.9155881022693784,0.9366910767020338,68.44367160345925,1.835333298857841,overdamped
1.1050000000000002,-0.14366666666666672,0.954482068422627,0.974482068422627,70.0650232903575,1.845501270707584,overdamped
1.1375,-0.14366666666666672,0.992789969617645,0.999,220.34022925609844,2.34309379696419,overdamped
-1.105,-0.12758333333333338,0.9740126530327016,0.9940126530327016,66.57887295355873,1.8233364391505804,overdamped
-1.0724999999999998,-0.12758333333333338,0.936225910732967,0.956225910732967,68.19403247724723,1.8337463720817806,overdamped
-1.04,-0.12758333333333338,0.8979109242489116,0.9234331931866837,54.93704349646415,1.7398652836298552,overdamped
-1.0074999999999998,-0.12758333333333338,0.8589692691376223,0.8942269518532167,41.02335442357815,1.61303116915004,overdamped
-0.9749999999999999,-0.12758333333333338,0.8192723868357138,0.8644542901267853,33.18491329847309,1.5209406873074605,overdamped
-0.9424999999999999,-0.12758333333333338,0.7786475100202774,0.8339856325152081,28.255662938715176,1.4511055012374674,overdamped
-0.9099999999999999,-0.12758333333333338,0.7368539811084218,0.8026404858313163,24.974984399657384,1.3975052256209497,overdamped
-0.8775,-0.12758333333333338,0.6935405594143287,0.7701554195607465,22.75845790008845,1.3571428311777032,overdamped
-0.845,-0.12758333333333338,0.648161065907849,0.7361207994308868,21.32572793782038,1.3289038644108575,overdamped
-0.8125,-0.12758333333333338,0.5997848267539118,0.6998386200654338,20.58042077917364,1.3134542499310333,overdamped
-0.78,-0.12758333333333338,0.5465779890874405,0.6599334918155804,20.625520448797943,1.314404916019021,overdamped
-0.7474999999999998,-0.12758333333333338,0.483776038584812,0.612832028938609,22.096940066133815,1.344332137739355,overdamped
-0.7149999999999999,-0.12758333333333338,0.3724303940559709,0.5293227955419781,34.46881315319183,1.5374263298282114,overdamped
-0.6824999999999999,-0.12758333333333338,0.3571880923733788,0.517891069280034,24.300410045973955,1.3856136019605072,underdamped
-0.6499999999999999,-0.12758333333333338,0.35718809237337884,0.5178910692800341,17.654458978510387,1.2468544131340231,underdamped
-0.6174999999999999,-0.12758333333333338,0.3571880923733788,0.517891069280034,13.964412201491538,1.1450226598349993,underdamped
-0.585,-0.12758333333333338,0.3571880923733788,0.517891069280034,11.623343938882982,1.0653310889221232,underdamped
-0.5525,-0.12758333333333338,0.3571880923733788,0.517891069280034,10.010992480069014,1.0004771351467299,underdamped
-0.5199999999999998,-0.12758333333333338,0.35718809237337873,0.517891069280034,8.83732005722136,0.9463205839250203,underdamped
-0.4874999999999998,-0.12758333333333338,0.3571880923733788,0.517891069280034,7.948618213773854,0.9002916375506865,underdamped
-0.45499999999999985,-0.12758333333333338,0.35718809237337884,0.5178910692800341,7.255878893506755,0.8606900253860148,underdamped
-0.4224999999999999,-0.12758333333333338,0.35718809237337873,0.517891069280034,6.70403847315049,0.8263364979594837,underdamped
-0.3899999999999999,-0.12758333333333338,0.3571880923733788,0.517891069280034,6.257248514380571,0.7963834038637082,underdamped
-0.35749999999999993,-0.12758333333333338,0.35718809237337884,0.5178910692800341,5.8912093792381075,0.7702044582531901,underdamped
-0.32499999999999996,-0.12758333333333338,0.3571880923733788,0.517891069280034,5.5889088671727665,0.7473270280616611,underdamped
-0.2925,-0.12758333333333338,0.35718809237337873,0.517891069280034,5.338124114270451,0.7273886671502807,underdamped
-0.26,-0.12758333333333338,0.3571880923733789,0.5178910692800341,5.129891612882207,0.7101081892006186,underdamped
-0.2274999999999998,-0.12758333333333338,0.3571880923733788,0.517891069280034,4.957535484332344,0.695265831418859,underdamped
-0.19499999999999984,-0.12758333333333338,0.35718809237337873,0.517891069280034,4.816031472347829,0.682689316335801,underdamped
-0.16249999999999987,-0.12758333333333338,0.35718809237337884,0.5178910692800341,4.701580436344114,0.6722438705756902,underdamped
-0.1299999999999999,-0.12758333333333338,0.35718809237337873,0.517891069280034,4.61131706645348,0.6638249846086975,underdamped
-0.09749999999999992,-0.12758333333333338,0.3571880923733787,0.517891069280034,4.543108760023044,0.6573531337577201,underdamped
-0.06499999999999995,-0.12758333333333338,0.35718809237337873,0.517891069280034,4.495416677180599,0.6527699524014948,underdamped
-0.03249999999999997,-0.12758333333333338,0.35718809237337873,0.517891069280034,4.467201354449836,0.6500355282846093,underdamped
2.220446049250313e-16,-0.12758333333333338,0.35718809237337884,0.5178910692800341,4.457861801195863,0.6491266007282563,underdamped
0.032500000000000195,-0.12758333333333338,0.35718809237337873,0.517891069280034,4.467201354449836,0.6500355282846093,underdamped
0.06500000000000017,-0.12758333333333338,0.3571880923733788,0.517891069280034,4.4954166771806,0.6527699524014949,underdamped
0.09749999999999992,-0.12758333333333338,0.3571880923733787,0.517891069280034,4.543108760023044,0.6573531337577201,underdamped
0.13000000000000012,-0.12758333333333338,0.3571880923733787,0.517891069280034,4.6113170664534815,0.6638249846086978,underdamped
0.1625000000000003,-0.12758333333333338,0.35718809237337884,0.5178910692800341,4.7015804363441145,0.6722438705756902,underdamped
0.19500000000000006,-0.12758333333333338,0.35718809237337873,0.517891069280034,4.81603147234783,0.6826893163358011,underdamped
0.22750000000000026,-0.12758333333333338,0.35718809237337873,0.517891069280034,4.957535484332344,0.695265831418859,underdamped
0.26,-0.12758333333333338,0.3571880923733789,0.5178910692800341,5.129891612882207,0.7101081892006186,underdamped
0.2925000000000002,-0.12758333333333338,0.3571880923733788,0.517891069280034,5.3381241142704505,0.7273886671502806,underdamped
0.32499999999999996,-0.12758333333333338,0.3571880923733788,0.517891069280034,5.5889088671727665,0.7473270280616611,underdamped
0.35750000000000015,-0.12758333333333338,0.35718809237337884,0.5178910692800341,5.891209379238112,0.7702044582531904,underdamped
0.3899999999999999,-0.12758333333333338,0.3571880923733788,0.517891069280034,6.257248514380571,0.7963834038637082,underdamped
0.4225000000000001,-0.12758333333333338,0.3571880923733788,0.517891069280034,6.704038473150495,0.826336497959484,underdamped
0.4550000000000003,-0.12758333333333338,0.35718809237337884,0.5178910692800341,7.25587889350676,0.8606900253860151,underdamped
0.48750000000000004,-0.12758333333333338,0.3571880923733788,0.517891069280034,7.948618213773861,0.9002916375506869,underdamped
0.5200000000000002,-0.12758333333333338,0.3571880923733788,0.517891069280034,8.837320057221373,0.9463205839250208,underdamped
0.5525,-0.12758333333333338,0.3571880923733788,0.517891069280034,10.010992480069014,1.0004771351467299,underdamped
0.5850000000000002,-0.12758333333333338,0.35718809237337873,0.517891069280034,11.623343938882991,1.0653310889221237,underdamped
0.6174999999999999,-0.12758333333333338,0.3571880923733788,0.517891069280034,13.964412201491538,1.1450226598349993,underdamped
0.6500000000000001,-0.12758333333333338,0.3571880923733788,0.517891069280034,17.654458978510423,1.246854413134024,underdamped
0.6825000000000003,-0.12758333333333338,0.35718809237337884,0.5178910692800341,24.30041004597403,1.3856136019605085,underdamped
0.7150000000000001,-0.12758333333333338,0.3724303940559738,0.5293227955419804,34.46881315319109,1.537426329828202,overdamped
0.7475000000000003,-0.12758333333333338,0.483776038584813,0.6128320289386098,22.09694006613378,1.3443321377393542,overdamped
0.78,-0.12758333333333338,0.5465779890874405,0.6599334918155804,20.625520448797943,1.314404916019021,overdamped
0.8125000000000002,-0.12758333333333338,0.5997848267539121,0.6998386200654341,20.580420779173643,1.3134542499310333,overdamped
0.845,-0.12758333333333338,0.648161065907849,0.7361207994308868,21.32572793782038,1.3289038644108575,overdamped
0.8775000000000002,-0.12758333333333338,0.6935405594143291,0.7701554195607468,22.758457900088448,1.357142831177703,overdamped
0.9100000000000004,-0.12758333333333338,0.7368539811084223,0.8026404858313168,24.974984399657416,1.3975052256209501,overdamped
0.9425000000000001,-0.12758333333333338,0.7786475100202777,0.8339856325152082,28.255662938715215,1.4511055012374678,overdamped
0.9750000000000003,-0.12758333333333338,0.8192723868357144,0.8644542901267858,33.18491329847316,1.5209406873074613,overdamped
1.0075,-0.12758333333333338,0.8589692691376225,0.8942269518532169,41.023354423578134,1.6130311691500399,overdamped
1.0400000000000003,-0.12758333333333338,0.8979109242489118,0.9234331931866839,54.937043496464284,1.7398652836298563,overdamped
1.0725,-0.12758333333333338,0.9362259107329673,0.9562259107329674,68.19403247724681,1.833746372081778,overdamped
1.1050000000000002,-0.12758333333333338,0.9740126530327017,0.9940126530327017,66.57887295355923,1.8233364391505835,overdamped
-1.105,-0.11150000000000004,0.9926775210071499,0.999,201.06217302537118,2.303330371981115,overdamped
-1.0724999999999998,-0.11150000000000004,0.9558498838179055,0.9758498838179055,64.78046833962323,1.811444083479326,overdamped
-1.04,-0.11150000000000004,0.9186226285598951,0.9389669714199214,65.12785263713398,1.8137667590704805,overdamped
-1.0074999999999998,-0.11150000000000004,0.8809290854488088,0.9106968140866065,45.65121486231417,1.6594523393945007,overdamped
-0.9749999999999999,-0.11150000000000004,0.8426848110491212,0.8820136082868408,35.57052592254635,1.5510902864275924,overdamped
-0.9424999999999999,-0.11150000000000004,0.8037805437098973,0.852835407782423,29.4880567087067,1.4696461530708314,overdamped
-0.9099999999999999,-0.11150000000000004,0.7640711892105116,0.8230533919078837,25.4958921946923,1.4064702141247114,overdamped
-0.8775,-0.11150000000000004,0.7233577344346073,0.7925183008259554,22.756159688456705,1.3570989727127245,overdamped
-0.845,-0.11150000000000004,0.6813556547576274,0.7610167410682205,20.854583001392896,1.3192015103168484,overdamped
-0.8125,-0.11150000000000004,0.637635095673857,0.7282263217553928,19.581100430205158,1.2918370948898266,overdamped
-0.78,-0.11150000000000004,0.5914944167960988,0.6936208125970741,18.8520331890415,1.2753581956645605,overdamped
-0.7474999999999998,-0.11150000000000004,0.5416459871468042,0.6562344903601032,18.708868599218828,1.2720475247542546,overdamped
-0.7149999999999999,-0.11150000000000004,0.4851959278912209,0.6138969459184157,19.45192671396494,1.2889626246746415,overdamped
-0.6824999999999999,-0.11150000000000004,0.4116173397251872,0.5587130047938904,22.752765493377648,1.3570341906863337,overdamped
-0.6499999999999999,-0.11150000000000004,0.3339161571412801,0.5004371178559601,26.845914908471713,1.4288782093024217,underdamped
-0.6174999999999999,-0.11150000000000004,0.33391615714128015,0.5004371178559601,18.92043791468373,1.2769311839542392,underdamped
-0.585,-0.11150000000000004,0.33391615714128003,0.50043711785596,14.736129325974572,1.1683834242880795,underdamped
-0.5525,-0.11150000000000004,0.3339161571412801,0.5004371178559601,12.157801713949627,1.0848550560380794,underdamped
-0.5199999999999998,-0.11150000000000004,0.33391615714128015,0.5004371178559601,10.416107461900696,1.01770545181837,underdamped
-0.4874999999999998,-0.11150000000000004,0.3339161571412801,0.5004371178559601,9.166060721393116,0.9621827299411282,underdamped
-0.45499999999999985,-0.11150000000000004,0.3339161571412801,0.5004371178559601,8.22997265513374,0.9153983922299789,underdamped
-0.4224999999999999,-0.11150000000000004,0.33391615714128003,0.50043711785596,7.507067910706224,0.8754703446144305,underdamped
-0.3899999999999999,-0.11150000000000004,0.3339161571412801,0.5004371178559601,6.935991606714629,0.841108558926094,underdamped
-0.35749999999999993,-0.11150000000000004,0.3339161571412801,0.5004371178559601,6.477308066507446,0.811394552975241,underdamped
-0.32499999999999996,-0.11150000000000004,0.33391615714128003,0.50043711785596,6.104571194102204,0.7856551630268942,underdamped
-0.2925,-0.11150000000000004,0.33391615714128003,0.50043711785596,5.799439765265631,0.763386042079276,underdamped
-0.26,-0.11150000000000004,0.3339161571412801,0.5004371178559601,5.548851703219686,0.7442031181581931,underdamped
-0.2274999999999998,-0.11150000000000004,0.33391615714128003,0.50043711785596,5.3433131081863445,0.7278106237755261,underdamped
-0.19499999999999984,-0.11150000000000004,0.33391615714128003,0.50043711785596,5.175822740152378,0.7139793943430408,underdamped
-0.16249999999999987,-0.11150000000000004,0.33391615714128003,0.50043711785596,5.0411751184944,0.7025317840627947,underdamped
-0.1299999999999999,-0.11150000000000004,0.33391615714128003,0.50043711785596,4.935498251532205,0.6933310023892838,underdamped
-0.09749999999999992,-0.11150000000000004,0.33391615714128,0.50043711785596,4.8559422020755765,0.6862735089014215,underdamped
-0.06499999999999995,-0.11150000000000004,0.33391615714128,0.50043711785596,4.8004682665850575,0.6812836031411862,underdamped
-0.03249999999999997,-0.11150000000000004,0.33391615714128003,0.50043711785596,4.767708072644018,0.6783096556413258,underdamped
2.220446049250313e-16,-0.11150000000000004,0.3339161571412801,0.5004371178559601,4.75687376669799,0.6773216266871077,underdamped
0.032500000000000195,-0.11150000000000004,0.3339161571412801,0.5004371178559601,4.767708072644017,0.6783096556413257,underdamped
0.06500000000000017,-0.11150000000000004,0.33391615714128,0.50043711785596,4.800468266585059,0.6812836031411864,underdamped
0.09749999999999992,-0.11150000000000004,0.33391615714128,0.50043711785596,4.8559422020755765,0.6862735089014215,underdamped
0.13000000000000012,-0.11150000000000004,0.33391615714128003,0.50043711785596,4.935498251532205,0.6933310023892838,underdamped
0.1625000000000003,-0.11150000000000004,0.3339161571412801,0.5004371178559601,5.041175118494402,0.7025317840627949,underdamped
0.19500000000000006,-0.11150000000000004,0.33391615714128,0.50043711785596,5.175822740152378,0.7139793943430408,underdamped
0.22750000000000026,-0.11150000000000004,0.33391615714128003,0.50043711785596,5.343313108186347,0.7278106237755263,underdamped
0.26,-0.11150000000000004,0.3339161571412801,0.5004371178559601,5.548851703219686,0.7442031181581931,underdamped
0.2925000000000002,-0.11150000000000004,0.33391615714128003,0.50043711785596,5.7994397652656335,0.7633860420792762,underdamped
0.32499999999999996,-0.11150000000000004,0.33391615714128003,0.50043711785596,6.104571194102204,0.7856551630268942,underdamped
0.35750000000000015,-0.11150000000000004,0.33391615714128003,0.50043711785596,6.4773080665074545,0.8113945529752415,underdamped
0.3899999999999999,-0.11150000000000004,0.3339161571412801,0.5004371178559601,6.935991606714629,0.841108558926094,underdamped
0.4225000000000001,-0.11150000000000004,0.3339161571412801,0.5004371178559601,7.507067910706222,0.8754703446144304,underdamped
0.4550000000000003,-0.11150000000000004,0.3339161571412801,0.5004371178559601,8.229972655133755,0.9153983922299798,underdamped
0.48750000000000004,-0.11150000000000004,0.33391615714128003,0.50043711785596,9.166060721393125,0.9621827299411286,underdamped
0.5200000000000002,-0.11150000000000004,0.3339161571412801,0.5004371178559601,10.416107461900713,1.0177054518183706,underdamped
0.5525,-0.11150000000000004,0.3339161571412801,0.5004371178559601,12.157801713949627,1.0848550560380794,underdamped
0.5850000000000002,-0.11150000000000004,0.3339161571412801,0.5004371178559601,14.736129325974588,1.16838342428808,underdamped
0.6174999999999999,-0.11150000000000004,0.33391615714128015,0.5004371178559601,18.92043791468373,1.2769311839542392,underdamped
0.6500000000000001,-0.11150000000000004,0.3339161571412801,0.5004371178559601,26.845914908471784,1.4288782093024228,underdamped
0.6825000000000003,-0.11150000000000004,0.4116173397251885,0.5587130047938913,22.75276549337754,1.3570341906863317,overdamped
0.7150000000000001,-0.11150000000000004,0.48519592789122135,0.613896945918416,19.451926713964927,1.2889626246746413,overdamped
0.7475000000000003,-0.11150000000000004,0.541645987146805,0.6562344903601037,18.70886859921882,1.2720475247542546,overdamped
0.78,-0.11150000000000004,0.5914944167960988,0.6936208125970741,18.8520331890415,1.2753581956645605,overdamped
0.8125000000000002,-0.11150000000000004,0.6376350956738573,0.728226321755393,19.581100430205158,1.2918370948898266,overdamped
0.845,-0.11150000000000004,0.6813556547576274,0.7610167410682205,20.854583001392896,1.3192015103168484,overdamped
0.8775000000000002,-0.11150000000000004,0.7233577344346076,0.7925183008259558,22.756159688456705,1.3570989727127245,overdamped
0.9100000000000004,-0.11150000000000004,0.7640711892105122,0.8230533919078842,25.495892194692317,1.4064702141247118,overdamped
0.9425000000000001,-0.11150000000000004,0.8037805437098975,0.8528354077824232,29.48805670870671,1.4696461530708314,overdamped
0.9750000000000003,-0.11150000000000004,0.8426848110491216,0.8820136082868413,35.57052592254641,1.551090286427593,overdamped
1.0075,-0.11150000000000004,0.8809290854488091,0.9106968140866069,45.65121486231399,1.6594523393944989,overdamped
1.0400000000000003,-0.11150000000000004,0.9186226285598952,0.9389669714199214,65.12785263713471,1.8137667590704853,overdamped
1.0725,-0.11150000000000004,0.9558498838179057,0.9758498838179057,64.78046833962335,1.8114440834793268,overdamped
1.1050000000000002,-0.11150000000000004,0.9926775210071501,0.999,201.06217302537817,2.30333037198113,overdamped
-1.0724999999999998,-0.0954166666666667,0.9745962054510487,0.9945962054510488,61.861771870196755,1.7914223550856638,overdamped
-1.04,-0.0954166666666667,0.9383100923158959,0.9583100923158959,62.925839398689256,1.7988290175265174,overdamped
-1.0074999999999998,-0.0954166666666667,0.9016788828840314,0.9262591621630236,52.25923721931537,1.7181630664349374,overdamped
-0.9749999999999999,-0.0954166666666667,0.8646466337292873,0.8984849752969655,38.861345115230826,1.5895178288425609,overdamped
-0.9424999999999999,-0.0954166666666667,0.827143096074275,0.8703573220557063,31.256444772248305,1.494939578174458,overdamped
-0.9099999999999999,-0.0954166666666667,0.7890783341273917,0.8418087505955438,26.416045459124483,1.4218678032926557,overdamped
-0.8775,-0.0954166666666667,0.7503344922863351,0.8127508692147514,23.123680317611367,1.3640569566701666,overdamped
-0.845,-0.0954166666666667,0.7107526380336063,0.7830644785252048,20.801537603251678,1.3180954382284742,overdamped
-0.8125,-0.0954166666666667,0.670110561345066,0.7525829210087995,19.147530385190226,1.2821127673778268,overdamped
-0.78,-0.0954166666666667,0.6280826187131965,0.7210619640348974,17.99992351257824,1.2552706596513181,overdamped
-0.7474999999999998,-0.0954166666666667,0.5841600659030675,0.6881200494273005,17.284580652462953,1.2376588474288701,overdamped
-0.7149999999999999,-0.0954166666666667,0.5374710624887602,0.6531032968665702,17.00607329504995,1.2306040465250276,overdamped
-0.6824999999999999,-0.0954166666666667,0.48628411954892975,0.6147130896616972,17.296321757190462,1.2379537557068636,overdamped
-0.6499999999999999,-0.0954166666666667,0.42603629710818414,0.5695272228311381,18.700840426928664,1.2718611244282605,overdamped
-0.6174999999999999,-0.0954166666666667,0.3088958832141774,0.481671912410633,31.220668526837812,1.494442198355103,underdamped
-0.585,-0.0954166666666667,0.3088958832141774,0.481671912410633,20.921938763408612,1.320601926621457,underdamped
-0.5525,-0.0954166666666667,0.3088958832141774,0.481671912410633,15.901559990717747,1.201439732001413,underdamped
-0.5199999999999998,-0.0954166666666667,0.3088958832141774,0.481671912410633,12.939777620236937,1.1119268127211,underdamped
-0.4874999999999998,-0.0954166666666667,0.3088958832141775,0.4816719124106331,10.993995457709216,1.0411555531961816,underdamped
-0.45499999999999985,-0.0954166666666667,0.3088958832141773,0.481671912410633,9.624766930291676,0.9833902215972887,underdamped
-0.4224999999999999,-0.0954166666666667,0.3088958832141774,0.481671912410633,8.614837570136938,0.9352470933849473,underdamped
-0.3899999999999999,-0.0954166666666667,0.3088958832141773,0.481671912410633,7.844557298920247,0.8945684395659054,underdamped
-0.35749999999999993,-0.0954166666666667,0.3088958832141774,0.481671912410633,7.242682021331975,0.8598994185967815,underdamped
-0.32499999999999996,-0.0954166666666667,0.3088958832141774,0.481671912410633,6.7642204363675535,0.8302177521986344,underdamped
-0.2925,-0.0954166666666667,0.3088958832141774,0.481671912410633,6.379438990628244,0.8047824884410433,underdamped
-0.26,-0.0954166666666667,0.3088958832141773,0.481671912410633,6.067978396151078,0.7830440258969809,underdamped
-0.2274999999999998,-0.0954166666666667,0.30889588321417744,0.48167191241063306,5.8155114188221155,0.7645879128058309,underdamped
-0.19499999999999984,-0.0954166666666667,0.3088958832141773,0.481671912410633,5.611750462802498,0.7490983510524437,underdamped
-0.16249999999999987,-0.0954166666666667,0.3088958832141774,0.481671912410633,5.449212697370259,0.7363337599120748,underdamped
-0.1299999999999999,-0.0954166666666667,0.30889588321417744,0.48167191241063306,5.322430994263871,0.7261100394847719,underdamped
-0.09749999999999992,-0.0954166666666667,0.3088958832141773,0.481671912410633,5.22743869616126,0.7182889484098439,underdamped
-0.06499999999999995,-0.0954166666666667,0.3088958832141774,0.481671912410633,5.161429700318639,0.712770016541164,underdamped
-0.03249999999999997,-0.0954166666666667,0.3088958832141774,0.481671912410633,5.122535888149719,0.7094850097224842,underdamped
2.220446049250313e-16,-0.0954166666666667,0.3088958832141774,0.481671912410633,5.10968742733794,0.7083943340418974,underdamped
0.032500000000000195,-0.0954166666666667,0.3088958832141774,0.481671912410633,5.122535888149719,0.7094850097224842,underdamped
0.06500000000000017,-0.0954166666666667,0.3088958832141774,0.481671912410633,5.16142970031864,0.7127700165411641,underdamped
0.09749999999999992,-0.0954166666666667,0.3088958832141773,0.481671912410633,5.22743869616126,0.7182889484098439,underdamped
0.13000000000000012,-0.0954166666666667,0.3088958832141774,0.481671912410633,5.3224309942638754,0.7261100394847723,underdamped
0.1625000000000003,-0.0954166666666667,0.3088958832141773,0.481671912410633,5.449212697370259,0.7363337599120748,underdamped
0.19500000000000006,-0.0954166666666667,0.3088958832141773,0.481671912410633,5.611750462802498,0.7490983510524437,underdamped
0.22750000000000026,-0.0954166666666667,0.3088958832141774,0.481671912410633,5.815511418822118,0.7645879128058312,underdamped
0.26,-0.0954166666666667,0.3088958832141773,0.481671912410633,6.067978396151078,0.7830440258969809,underdamped
0.2925000000000002,-0.0954166666666667,0.3088958832141774,0.481671912410633,6.379438990628245,0.8047824884410434,underdamped
0.32499999999999996,-0.0954166666666667,0.3088958832141774,0.481671912410633,6.7642204363675535,0.8302177521986344,underdamped
0.35750000000000015,-0.0954166666666667,0.30889588321417744,0.48167191241063306,7.242682021331978,0.8598994185967818,underdamped
0.3899999999999999,-0.0954166666666667,0.3088958832141773,0.481671912410633,7.844557298920247,0.8945684395659054,underdamped
0.4225000000000001,-0.0954166666666667,0.3088958832141774,0.481671912410633,8.614837570136947,0.9352470933849477,underdamped
0.4550000000000003,-0.0954166666666667,0.3088958832141773,0.481671912410633,9.624766930291688,0.9833902215972893,underdamped
0.48750000000000004,-0.0954166666666667,0.3088958832141773,0.481671912410633,10.99399545770924,1.0411555531961825,underdamped
0.5200000000000002,-0.0954166666666667,0.30889588321417727,0.48167191241063295,12.93977762023697,1.111926812721101,underdamped
0.5525,-0.0954166666666667,0.3088958832141774,0.481671912410633,15.901559990717747,1.201439732001413,underdamped
0.5850000000000002,-0.0954166666666667,0.3088958832141774,0.481671912410633,20.921938763408647,1.3206019266214577,underdamped
0.6174999999999999,-0.0954166666666667,0.3088958832141774,0.481671912410633,31.220668526837812,1.494442198355103,underdamped
0.6500000000000001,-0.0954166666666667,0.4260362971081846,0.5695272228311384,18.700840426928636,1.2718611244282598,overdamped
0.6825000000000003,-0.0954166666666667,0.48628411954893047,0.6147130896616979,17.296321757190434,1.2379537557068627,overdamped
0.7150000000000001,-0.0954166666666667,0.5374710624887605,0.6531032968665704,17.006073295049955,1.2306040465250279,overdamped
0.7475000000000003,-0.0954166666666667,0.5841600659030681,0.6881200494273011,17.284580652462957,1.2376588474288703,overdamped
0.78,-0.0954166666666667,0.6280826187131965,0.7210619640348974,17.99992351257824,1.2552706596513181,overdamped
0.8125000000000002,-0.0954166666666667,0.6701105613450662,0.7525829210087996,19.14753038519024,1.282112767377827,overdamped
0.845,-0.0954166666666667,0.7107526380336063,0.7830644785252048,20.801537603251678,1.3180954382284742,overdamped
0.8775000000000002,-0.0954166666666667,0.7503344922863355,0.8127508692147516,23.123680317611395,1.364056956670167,overdamped
0.9100000000000004,-0.0954166666666667,0.7890783341273924,0.8418087505955443,26.416045459124522,1.4218678032926564,overdamped
0.9425000000000001,-0.0954166666666667,0.8271430960742754,0.8703573220557066,31.256444772248216,1.4949395781744568,overdamped
0.9750000000000003,-0.0954166666666667,0.8646466337292877,0.8984849752969658,38.86134511523105,1.5895178288425633,overdamped
1.0075,-0.0954166666666667,0.9016788828840316,0.9262591621630237,52.25923721931563,1.7181630664349397,overdamped
1.0400000000000003,-0.0954166666666667,0.9383100923158961,0.9583100923158961,62.92583939868929,1.7988290175265176,overdamped
1.0725,-0.0954166666666667,0.9745962054510491,0.9945962054510491,61.86177187019637,1.7914223550856612,overdamped
-1.0724999999999998,-0.07933333333333348,0.9925730535121651,0.999,184.21415550477437,2.265322999484092,overdamped
-1.04,-0.07933333333333348,0.95711173247428,0.9771117324742801,60.08616355026214,1.7787744755702164,overdamped
-1.0074999999999998,-0.07933333333333348,0.92139905024035,0.94139905024035,61.02016777569529,1.785473397406003,overdamped
-0.9749999999999999,-0.07933333333333348,0.8853981234771866,0.91404859260789,43.40509049879892,1.6375406660538665,overdamped
-0.9424999999999999,-0.07933333333333348,0.8490637493086592,0.8867978119814944,33.67073079040179,1.5272525424289174,overdamped
-0.9099999999999999,-0.07933333333333348,0.8123397076545881,0.8592547807409411,27.751977530493736,1.4432939352057772,overdamped
-0.8775,-0.07933333333333348,0.7751548590116772,0.8313661442587579,23.819045090916404,1.3769243465649559,overdamped
-0.845,-0.07933333333333348,0.7374173171908247,0.8030629878931186,21.061002016257255,1.323479029706976,overdamped
-0.8125,-0.07933333333333348,0.6990054084328188,0.7742540563246141,19.066887645821218,1.2802798074372415,overdamped
-0.78,-0.07933333333333348,0.6597529734158023,0.7448147300618517,17.610978666907567,1.2457834909943986,overdamped
-0.7474999999999998,-0.07933333333333348,0.6194240303057416,0.7145680227293062,16.565978741214067,1.2192170997019274,overdamped
-0.7149999999999999,-0.07933333333333348,0.5776656573279912,0.6832492429959934,15.866073308016242,1.2004694565802723,overdamped
-0.6824999999999999,-0.07933333333333348,0.5339109175901186,0.6504331881925889,15.495727934200088,1.1902119826650506,overdamped
-0.6499999999999999,-0.07933333333333348,0.4871470525993811,0.6153602894495358,15.503832562552335,1.190439069462092,overdamped
-0.6174999999999999,-0.07933333333333348,0.43521433950591165,0.5764107546294337,16.08333472146902,1.20637610044365,overdamped
-0.585,-0.07933333333333348,0.3713854654969248,0.5285390991226936,18.056576941214608,1.2566354228077914,overdamped
-0.5525,-0.07933333333333348,0.28166173565703506,0.4612463017427763,24.29230293622016,1.3854686883367622,underdamped
-0.5199999999999998,-0.07933333333333348,0.281661735657035,0.46124630174277625,17.7273247515275,1.2486432007271127,underdamped
-0.4874999999999998,-0.07933333333333348,0.28166173565703506,0.4612463017427763,14.110720340123503,1.1495491846796133,underdamped
-0.45499999999999985,-0.07933333333333348,0.2816617356570351,0.46124630174277637,11.831436849235791,1.0730374900042297,underdamped
-0.4224999999999999,-0.07933333333333348,0.28166173565703506,0.4612463017427763,10.272400608484444,1.011671947899781,underdamped
-0.3899999999999999,-0.07933333333333348,0.281661735657035,0.46124630174277625,9.146509633156514,0.9612553961154483,underdamped
-0.35749999999999993,-0.07933333333333348,0.281661735657035,0.46124630174277625,8.302201193878552,0.9191932537753958,underdamped
-0.32499999999999996,-0.07933333333333348,0.28166173565703495,0.4612463017427762,7.652024705399225,0.8837763635247873,underdamped
-0.2925,-0.07933333333333348,0.28166173565703506,0.4612463017427763,7.142095612034986,0.8538256598446173,underdamped
-0.26,-0.07933333333333348,0.28166173565703506,0.4612463017427763,6.737513619166458,0.8284996560757395,underdamped
-0.2274999999999998,-0.07933333333333348,0.28166173565703495,0.4612463017427762,6.4147954921822565,0.8071828153434488,underdamped
-0.19499999999999984,-0.07933333333333348,0.281661735657035,0.46124630174277625,6.157682754240848,0.7894173101547514,underdamped
-0.16249999999999987,-0.07933333333333348,0.28166173565703495,0.4612463017427762,5.954695392569787,0.7748595504183589,underdamped
-0.1299999999999999,-0.07933333333333348,0.28166173565703506,0.4612463017427763,5.797644926333453,0.7632516136998854,underdamped
-0.09749999999999992,-0.07933333333333348,0.28166173565703506,0.4612463017427763,5.680702846981465,0.754402072274711,underdamped
-0.06499999999999995,-0.07933333333333348,0.281661735657035,0.46124630174277625,5.5998064794535285,0.7481730187280431,underdamped
-0.03249999999999997,-0.07933333333333348,0.281661735657035,0.46124630174277625,5.552280261945196,0.7444713798431071,underdamped
2.220446049250313e-16,-0.07933333333333348,0.281661735657035,0.46124630174277625,5.5366027789766985,0.7432433663714737,underdamped
0.032500000000000195,-0.07933333333333348,0.28166173565703495,0.4612463017427762,5.552280261945197,0.7444713798431072,underdamped
0.06500000000000017,-0.07933333333333348,0.281661735657035,0.46124630174277625,5.599806479453529,0.7481730187280432,underdamped
0.09749999999999992,-0.07933333333333348,0.28166173565703506,0.4612463017427763,5.680702846981465,0.754402072274711,underdamped
0.13000000000000012,-0.07933333333333348,0.28166173565703506,0.4612463017427763,5.7976449263334535,0.7632516136998855,underdamped
0.1625000000000003,-0.07933333333333348,0.281661735657035,0.46124630174277625,5.954695392569791,0.7748595504183591,underdamped
0.19500000000000006,-0.07933333333333348,0.281661735657035,0.46124630174277625,6.15768275424085,0.7894173101547515,underdamped
0.22750000000000026,-0.07933333333333348,0.281661735657035,0.46124630174277625,6.414795492182259,0.807182815343449,underdamped
0.26,-0.07933333333333348,0.28166173565703506,0.4612463017427763,6.737513619166458,0.8284996560757395,underdamped
0.2925000000000002,-0.07933333333333348,0.281661735657035,0.46124630174277625,7.14209561203499,0.8538256598446177,underdamped
0.32499999999999996,-0.07933333333333348,0.28166173565703495,0.4612463017427762,7.652024705399225,0.8837763635247873,underdamped
0.35750000000000015,-0.07933333333333348,0.281661735657035,0.46124630174277625,8.302201193878558,0.9191932537753962,underdamped
0.3899999999999999,-0.07933333333333348,0.281661735657035,0.46124630174277625,9.146509633156514,0.9612553961154483,underdamped
0.4225000000000001,-0.07933333333333348,0.28166173565703506,0.4612463017427763,10.27240060848446,1.0116719478997818,underdamped
0.4550000000000003,-0.07933333333333348,0.281661735657035,0.46124630174277625,11.831436849235821,1.0730374900042308,underdamped
0.48750000000000004,-0.07933333333333348,0.28166173565703506,0.4612463017427763,14.110720340123521,1.1495491846796138,underdamped
0.5200000000000002,-0.07933333333333348,0.28166173565703506,0.4612463017427763,17.72732475152755,1.2486432007271138,underdamped
0.5525,-0.07933333333333348,0.28166173565703506,0.4612463017427763,24.29230293622016,1.3854686883367622,underdamped
0.5850000000000002,-0.07933333333333348,0.37138546549692525,0.5285390991226939,18.056576941214594,1.2566354228077912,overdamped
0.6174999999999999,-0.07933333333333348,0.43521433950591165,0.5764107546294337,16.08333472146902,1.20637610044365,overdamped
0.6500000000000001,-0.07933333333333348,0.4871470525993815,0.6153602894495361,15.503832562552322,1.1904390694620919,overdamped
0.6825000000000003,-0.07933333333333348,0.5339109175901192,0.6504331881925894,15.495727934200072,1.1902119826650501,overdamped
0.7150000000000001,-0.07933333333333348,0.5776656573279915,0.6832492429959935,15.866073308016267,1.200469456580273,overdamped
0.7475000000000003,-0.07933333333333348,0.6194240303057421,0.7145680227293065,16.565978741214096,1.219217099701928,overdamped
0.78,-0.07933333333333348,0.6597529734158023,0.7448147300618517,17.610978666907567,1.2457834909943986,overdamped
0.8125000000000002,-0.07933333333333348,0.699005408432819,0.7742540563246143,19.0668876458212,1.280279807437241,overdamped
0.845,-0.07933333333333348,0.7374173171908247,0.8030629878931186,21.061002016257255,1.323479029706976,overdamped
0.8775000000000002,-0.07933333333333348,0.7751548590116777,0.8313661442587583,23.81904509091635,1.376924346564955,overdamped
0.9100000000000004,-0.07933333333333348,0.8123397076545886,0.8592547807409414,27.75197753049382,1.4432939352057785,overdamped
0.9425000000000001,-0.07933333333333348,0.8490637493086595,0.8867978119814945,33.67073079040185,1.5272525424289183,overdamped
0.9750000000000003,-0.07933333333333348,0.885398123477187,0.9140485926078903,43.40509049879925,1.6375406660538696,overdamped
1.0075,-0.07933333333333348,0.9213990502403503,0.9413990502403503,61.020167775694915,1.7854733974060002,overdamped
1.0400000000000003,-0.07933333333333348,0.9571117324742803,0.9771117324742803,60.086163550262164,1.7787744755702166,overdamped
1.0725,-0.07933333333333348,0.9925730535121653,0.999,184.21415550478054,2.2653229994841064,overdamped
-1.04,-0.06325000000000014,0.975137341909011,0.995137341909011,57.633576150351416,1.7606755682917197,overdamped
-1.0074999999999998,-0.06325000000000014,0.9402291661694745,0.9602291661694745,58.270448201459324,1.765448358585636,overdamped
-0.9749999999999999,-0.06325000000000014,0.9051197433072337,0.9288398074804253,49.82859579840216,1.6974786486481162,overdamped
-0.9424999999999999,-0.06325000000000014,0.869780503851336,0.9023353778885019,36.92952565876339,1.567373729391986,overdamped
-0.9099999999999999,-0.06325000000000014,0.8341767397929358,0.8756325548447019,29.56717171440935,1.4708097835193163,overdamped
-0.8775,-0.06325000000000014,0.7982657333135781,0.8486992999851836,24.844591604277994,1.3952318622018476,overdamped
-0.845,-0.06325000000000014,0.761994108932688,0.821495581699516,21.59250364261646,1.3343030015344848,overdamped
-0.8125,-0.06325000000000014,0.7252939820777065,0.7939704865582798,19.25037697408227,1.2844392385801415,overdamped
-0.78,-0.06325000000000014,0.6880771712157774,0.766057878411833,17.518161472907355,1.2434885251157999,overdamped
-0.7474999999999998,-0.06325000000000014,0.6502261517744339,0.7376696138308254,16.22362963479043,1.2101480233655961,overdamped
-0.7149999999999999,-0.06325000000000014,0.6115792199295326,0.7086844149471494,15.264879349917777,1.183693376084925,overdamped
-0.6824999999999999,-0.06325000000000014,0.5719046390168638,0.6789284792626479,14.58387434181523,1.1638729136768597,overdamped
-0.6499999999999999,-0.06325000000000014,0.5308518885023885,0.6481389163767914,14.155652204016405,1.150929883738574,overdamped
-0.6174999999999999,-0.06325000000000014,0.4878493090438928,0.6158869817829196,13.989523781361674,1.1458029308858992,overdamped
-0.585,-0.06325000000000014,0.4418527703124379,0.5813895777343284,14.149816340717814,1.1507508029182283,overdamped
-0.5525,-0.06325000000000014,0.39054812990596066,0.5429110974294705,14.84307751044667,1.171523955339107,overdamped
-0.5199999999999998,-0.06325000000000014,0.325954529791363,0.49446589734352225,16.99175775970637,1.230238307995259,overdamped
-0.4874999999999998,-0.06325000000000014,0.25149552679918613,0.4386216450993896,20.83734891652088,1.3188424639477996,underdamped
-0.45499999999999985,-0.06325000000000014,0.25149552679918613,0.4386216450993896,15.970365683334695,1.2033148605615345,underdamped
-0.4224999999999999,-0.06325000000000014,0.2514955267991861,0.43862164509938956,13.100759068891131,1.1172964597687602,underdamped
-0.3899999999999999,-0.06325000000000014,0.25149552679918613,0.4386216450993896,11.220761744740681,1.0500223409048117,underdamped
-0.35749999999999993,-0.06325000000000014,0.25149552679918613,0.4386216450993896,9.904296093586192,0.9958236153077507,underdamped
-0.32499999999999996,-0.06325000000000014,0.25149552679918613,0.4386216450993896,8.940387901353226,0.951356362169807,underdamped
-0.2925,-0.06325000000000014,0.2514955267991862,0.4386216450993896,8.212810760773989,0.9144918159481631,underdamped
-0.26,-0.06325000000000014,0.25149552679918613,0.4386216450993896,7.652439413434934,0.8837998998485885,underdamped
-0.2274999999999998,-0.06325000000000014,0.2514955267991862,0.4386216450993896,7.215761518243815,0.8582821712880082,underdamped
-0.19499999999999984,-0.06325000000000014,0.2514955267991861,0.43862164509938956,6.874205877781667,0.8372225348197696,underdamped
-0.16249999999999987,-0.06325000000000014,0.25149552679918613,0.4386216450993896,6.608436148270649,0.8200986981344301,underdamped
-0.1299999999999999,-0.06325000000000014,0.2514955267991861,0.43862164509938956,6.405119710061145,0.806527251010158,underdamped
-0.09749999999999992,-0.06325000000000014,0.25149552679918613,0.4386216450993896,6.255017058572354,0.7962284984313157,underdamped
-0.06499999999999995,-0.06325000000000014,0.2514955267991862,0.4386216450993896,6.151818934095016,0.7890035444330649,underdamped
-0.03249999999999997,-0.06325000000000014,0.2514955267991861,0.43862164509938956,6.091431948231793,0.7847193967567495,underdamped
2.220446049250313e-16,-0.06325000000000014,0.25149552679918613,0.4386216450993896,6.071551109058572,0.78329965516915,underdamped
0.032500000000000195,-0.06325000000000014,0.25149552679918613,0.4386216450993896,6.091431948231791,0.7847193967567493,underdamped
0.06500000000000017,-0.06325000000000014,0.25149552679918613,0.4386216450993896,6.151818934095014,0.7890035444330648,underdamped
0.09749999999999992,-0.06325000000000014,0.25149552679918613,0.4386216450993896,6.255017058572354,0.7962284984313157,underdamped
0.13000000000000012,-0.06325000000000014,0.25149552679918613,0.4386216450993896,6.405119710061144,0.806527251010158,underdamped
0.1625000000000003,-0.06325000000000014,0.25149552679918613,0.4386216450993896,6.6084361482706555,0.8200986981344305,underdamped
0.19500000000000006,-0.06325000000000014,0.25149552679918613,0.4386216450993896,6.874205877781667,0.8372225348197696,underdamped
0.22750000000000026,-0.06325000000000014,0.25149552679918613,0.4386216450993896,7.215761518243822,0.8582821712880087,underdamped
0.26,-0.06325000000000014,0.25149552679918613,0.4386216450993896,7.652439413434934,0.8837998998485885,underdamped
0.2925000000000002,-0.06325000000000014,0.25149552679918613,0.4386216450993896,8.212810760773994,0.9144918159481634,underdamped
0.32499999999999996,-0.06325000000000014,0.25149552679918613,0.4386216450993896,8.940387901353226,0.951356362169807,underdamped
0.35750000000000015,-0.06325000000000014,0.25149552679918613,0.4386216450993896,9.904296093586202,0.9958236153077511,underdamped
0.3899999999999999,-0.06325000000000014,0.25149552679918613,0.4386216450993896,11.220761744740681,1.0500223409048117,underdamped
0.4225000000000001,-0.06325000000000014,0.251495526799186,0.4386216450993895,13.100759068891158,1.1172964597687611,underdamped
0.4550000000000003,-0.06325000000000014,0.2514955267991861,0.43862164509938956,15.970365683334753,1.203314860561536,underdamped
0.48750000000000004,-0.06325000000000014,0.25149552679918613,0.4386216450993896,20.83734891652092,1.3188424639478005,underdamped
0.5200000000000002,-0.06325000000000014,0.3259545297913642,0.49446589734352314,16.991757759706285,1.2302383079952568,overdamped
0.5525,-0.06325000000000014,0.39054812990596066,0.5429110974294705,14.84307751044667,1.171523955339107,overdamped
0.5850000000000002,-0.06325000000000014,0.4418527703124383,0.5813895777343288,14.14981634071781,1.150750802918228,overdamped
0.6174999999999999,-0.06325000000000014,0.4878493090438928,0.6158869817829196,13.989523781361674,1.1458029308858992,overdamped
0.6500000000000001,-0.06325000000000014,0.5308518885023888,0.6481389163767917,14.155652204016405,1.150929883738574,overdamped
0.6825000000000003,-0.06325000000000014,0.5719046390168645,0.6789284792626484,14.583874341815209,1.163872913676859,overdamped
0.7150000000000001,-0.06325000000000014,0.6115792199295329,0.7086844149471496,15.264879349917782,1.183693376084925,overdamped
0.7475000000000003,-0.06325000000000014,0.6502261517744343,0.7376696138308257,16.223629634790466,1.210148023365597,overdamped
0.78,-0.06325000000000014,0.6880771712157774,0.766057878411833,17.518161472907355,1.2434885251157999,overdamped
0.8125000000000002,-0.06325000000000014,0.7252939820777067,0.79397048655828,19.250376974082318,1.2844392385801426,overdamped
0.845,-0.06325000000000014,0.761994108932688,0.821495581699516,21.59250364261646,1.3343030015344848,overdamped
0.8775000000000002,-0.06325000000000014,0.7982657333135783,0.8486992999851837,24.844591604278076,1.395231862201849,overdamped
0.9100000000000004,-0.06325000000000014,0.8341767397929363,0.8756325548447021,29.567171714409536,1.470809783519319,overdamped
0.9425000000000001,-0.06325000000000014,0.8697805038513363,0.9023353778885023,36.92952565876325,1.5673737293919843,overdamped
0.9750000000000003,-0.06325000000000014,0.9051197433072341,0.9288398074804256,49.82859579840254,1.6974786486481195,overdamped
1.0075,-0.06325000000000014,0.9402291661694747,0.9602291661694747,58.27044820145935,1.765448358585636,overdamped
1.0400000000000003,-0.06325000000000014,0.975137341909011,0.995137341909011,57.6335761503521,1.7606755682917248,overdamped
-1.04,-0.0471666666666668,0.9924757489367398,0.999,169.41016277640583,2.2289394597451366,overdamped
-1.0074999999999998,-0.0471666666666668,0.9582798624219679,0.978279862421968,55.89771068092545,1.747394021500003,overdamped
-0.9749999999999999,-0.0471666666666668,0.9239511236476923,0.9439511236476923,56.41972256057486,1.7514309462165887,overdamped
-0.9424999999999999,-0.0471666666666668,0.8894723043231112,0.9171042282423334,41.37440022522097,1.6167317111761643,overdamped
-0.9099999999999999,-0.0471666666666668,0.8548228774511698,0.8911171580883773,31.980012625366545,1.5048786308650608,overdamped
-0.8775,-0.0471666666666668,0.8199781414498846,0.8649836060874134,26.236874792471315,1.4189121027609248,overdamped
-0.845,-0.0471666666666668,0.7849080343112349,0.8386810257334262,22.390916644678185,1.3500718731938968,overdamped
-0.8125,-0.0471666666666668,0.7495754954606972,0.8121816215955229,19.661188849893556,1.2936097747035646,overdamped
-0.78,-0.0471666666666668,0.7139341496868357,0.7854506122651268,17.648400028307332,1.2467053391644254,overdamped
-0.7474999999999998,-0.0471666666666668,0.6779249428097802,0.7584437071073351,16.128510342802436,1.2075942570494316,overdamped
-0.7149999999999999,-0.0471666666666668,0.6414710959469874,0.7311033219602405,14.967759045911658,1.1751567831856164,overdamped
-0.6824999999999999,-0.0471666666666668,0.604470242066094,0.7033526815495705,14.083538266657264,1.1487117781469385,overdamped
-0.6499999999999999,-0.0471666666666668,0.5667815818736678,0.6750861864052509,13.42515621707239,1.1279193479148182,overdamped
-0.6174999999999999,-0.0471666666666668,0.5282036302578136,0.6461527226933602,12.964551525609284,1.1127574980955823,overdamped
-0.585,-0.0471666666666668,0.48843259895518454,0.6163244492163884,12.693341220293314,1.1035759548401063,overdamped
-0.5525,-0.0471666666666668,0.44697608422069895,0.5852320631655242,12.626457369057952,1.101281516755985,overdamped
-0.5199999999999998,-0.0471666666666668,0.4029452109492764,0.5522089082119572,12.818983410864835,1.1078535855137275,overdamped
-0.4874999999999998,-0.0471666666666668,0.35441795305477164,0.5158134647910787,13.428607769880298,1.1280309889009723,overdamped
-0.45499999999999985,-0.0471666666666668,0.29524646362234086,0.47143484771675565,15.075327468569338,1.1782667547258214,overdamped
-0.4224999999999999,-0.0471666666666668,0.21717888172349264,0.4128841612926195,19.29190893063047,1.2853752031245076,underdamped
-0.3899999999999999,-0.0471666666666668,0.21717888172349267,0.4128841612926195,15.204907893759627,1.1819837936775794,underdamped
-0.35749999999999993,-0.0471666666666668,0.21717888172349264,0.4128841612926195,12.71456027384511,1.1043013449328927,underdamped
-0.32499999999999996,-0.0471666666666668,0.21717888172349264,0.4128841612926195,11.05373701953269,1.0435091280289668,underdamped
-0.2925,-0.0471666666666668,0.21717888172349262,0.41288416129261946,9.880780579534695,0.9947912551133097,underdamped
-0.26,-0.0471666666666668,0.21717888172349264,0.4128841612926195,9.020748415287876,0.9552425707066865,underdamped
-0.2274999999999998,-0.0471666666666668,0.21717888172349262,0.41288416129261946,8.375077852587305,0.9229888528183657,underdamped
-0.19499999999999984,-0.0471666666666668,0.21717888172349262,0.41288416129261946,7.884310054459079,0.8967636947922034,underdamped
-0.16249999999999987,-0.0471666666666668,0.21717888172349262,0.41288416129261946,7.510773769691432,0.8756846808918938,underdamped
-0.1299999999999999,-0.0471666666666668,0.21717888172349264,0.4128841612926195,7.2298022708941545,0.8591264198624641,underdamped
-0.09749999999999992,-0.0471666666666668,0.21717888172349262,0.41288416129261946,7.024975100513756,0.8466447892563144,underdamped
-0.06499999999999995,-0.0471666666666668,0.21717888172349264,0.4128841612926195,6.885416946553005,0.8379302440997732,underdamped
-0.03249999999999997,-0.0471666666666668,0.21717888172349267,0.4128841612926195,6.80422623955185,0.8327787454101762,underdamped
2.220446049250313e-16,-0.0471666666666668,0.21717888172349262,0.41288416129261946,6.777572181449188,0.8310741515329583,underdamped
0.032500000000000195,-0.0471666666666668,0.2171788817234926,0.41288416129261946,6.804226239551853,0.8327787454101764,underdamped
0.06500000000000017,-0.0471666666666668,0.21717888172349264,0.4128841612926195,6.885416946553006,0.8379302440997732,underdamped
0.09749999999999992,-0.0471666666666668,0.21717888172349262,0.41288416129261946,7.024975100513756,0.8466447892563144,underdamped
0.13000000000000012,-0.0471666666666668,0.21717888172349262,0.41288416129261946,7.229802270894158,0.8591264198624643,underdamped
0.1625000000000003,-0.0471666666666668,0.21717888172349264,0.4128841612926195,7.5107737696914345,0.875684680891894,underdamped
0.19500000000000006,-0.0471666666666668,0.21717888172349264,0.4128841612926195,7.88431005445908,0.8967636947922035,underdamped
0.22750000000000026,-0.0471666666666668,0.21717888172349267,0.4128841612926195,8.375077852587308,0.9229888528183658,underdamped
0.26,-0.0471666666666668,0.21717888172349264,0.4128841612926195,9.020748415287876,0.9552425707066865,underdamped
0.2925000000000002,-0.0471666666666668,0.2171788817234926,0.41288416129261946,9.880780579534703,0.99479125511331,underdamped
0.32499999999999996,-0.0471666666666668,0.21717888172349264,0.4128841612926195,11.05373701953269,1.0435091280289668,underdamped
0.35750000000000015,-0.0471666666666668,0.2171788817234926,0.41288416129261946,12.714560273845132,1.1043013449328933,underdamped
0.3899999999999999,-0.0471666666666668,0.21717888172349267,0.4128841612926195,15.204907893759627,1.1819837936775794,underdamped
0.4225000000000001,-0.0471666666666668,0.21717888172349267,0.4128841612926195,19.291908930630512,1.2853752031245085,underdamped
0.4550000000000003,-0.0471666666666668,0.29524646362234186,0.47143484771675637,15.075327468569292,1.17826675472582,overdamped
0.48750000000000004,-0.0471666666666668,0.354417953054772,0.515813464791079,13.428607769880287,1.1280309889009719,overdamped
0.5200000000000002,-0.0471666666666668,0.402945210949277,0.5522089082119577,12.81898341086483,1.1078535855137273,overdamped
0.5525,-0.0471666666666668,0.44697608422069895,0.5852320631655242,12.626457369057952,1.101281516755985,overdamped
0.5850000000000002,-0.0471666666666668,0.4884325989551848,0.6163244492163886,12.693341220293316,1.1035759548401063,overdamped
0.6174999999999999,-0.0471666666666668,0.5282036302578136,0.6461527226933602,12.964551525609284,1.1127574980955823,overdamped
0.6500000000000001,-0.0471666666666668,0.5667815818736681,0.6750861864052511,13.425156217072388,1.127919347914818,overdamped
0.6825000000000003,-0.0471666666666668,0.6044702420660946,0.703352681549571,14.083538266657259,1.1487117781469383,overdamped
0.7150000000000001,-0.0471666666666668,0.6414710959469876,0.7311033219602407,14.967759045911665,1.1751567831856167,overdamped
0.7475000000000003,-0.0471666666666668,0.6779249428097807,0.7584437071073356,16.128510342802436,1.2075942570494316,overdamped
0.78,-0.0471666666666668,0.7139341496868357,0.7854506122651268,17.648400028307332,1.2467053391644254,overdamped
0.8125000000000002,-0.0471666666666668,0.7495754954606975,0.8121816215955231,19.661188849893566,1.2936097747035649,overdamped
0.845,-0.0471666666666668,0.7849080343112349,0.8386810257334262,22.390916644678185,1.3500718731938968,overdamped
0.8775000000000002,-0.0471666666666668,0.8199781414498848,0.8649836060874136,26.236874792471323,1.4189121027609248,overdamped
0.9100000000000004,-0.0471666666666668,0.8548228774511704,0.8911171580883778,31.980012625366562,1.504878630865061,overdamped
0.9425000000000001,-0.0471666666666668,0.8894723043231115,0.9171042282423336,41.37440022522096,1.6167317111761643,overdamped
0.9750000000000003,-0.0471666666666668,0.9239511236476926,0.9439511236476926,56.419722560575245,1.7514309462165916,overdamped
1.0075,-0.0471666666666668,0.9582798624219682,0.9782798624219682,55.897710680925485,1.7473940215000034,overdamped
1.0400000000000003,-0.0471666666666668,0.9924757489367401,0.999,169.41016277641165,2.2289394597451517,overdamped
-1.0074999999999998,-0.031083333333333463,0.9756405902501832,0.9956405902501833,53.83036173041756,1.7310272982068535,overdamped
-0.9749999999999999,-0.031083333333333463,0.9420029336172281,0.9620029336172281,54.13450624395008,1.7334741799716433,overdamped
-0.9424999999999999,-0.031083333333333463,0.9082777212794018,0.9312082909595514,47.61065537138448,1.6777041596769242,overdamped
-0.9099999999999999,-0.031083333333333463,0.874454010192615,0.9058405076444613,35.188956645262586,1.546406390167882,overdamped
-0.8775,-0.031083333333333463,0.8405188753085118,0.8803891564813838,28.068642518260678,1.4482214093895318,overdamped
-0.845,-0.031083333333333463,0.8064569203265732,0.85484269024493,23.476855985391538,1.3706399358626171,overdamped
-0.8125,-0.031083333333333463,0.7722496300089202,0.8291872225066902,20.290678074554066,1.3072965605432798,overdamped
-0.78,-0.031083333333333463,0.7378744984425656,0.8034058738319242,17.969489354676007,1.2545357357846858,overdamped
-0.7474999999999998,-0.031083333333333463,0.7033038334880455,0.7774778751160341,16.221533495432123,1.210091907650953,overdamped
-0.7149999999999999,-0.031083333333333463,0.6685030814423973,0.7513773110817981,14.876270706371589,1.1724940726994184,overdamped
-0.6824999999999999,-0.031083333333333463,0.6334284200906467,0.7250713150679851,13.828254452784362,1.1407673623675798,overdamped
-0.6499999999999999,-0.031083333333333463,0.5980231980375779,0.6985173985281834,13.009895771066196,1.1142738172201465,overdamped
-0.6174999999999999,-0.031083333333333463,0.5622124807869332,0.6716593605901999,12.377326735226074,1.0926268555479044,overdamped
-0.585,-0.031083333333333463,0.525894337263496,0.644420752947622,11.902859018390737,1.075651289693242,overdamped
-0.5525,-0.031083333333333463,0.4889251728967594,0.6166938796725696,11.571231731567664,1.0633795910823234,overdamped
-0.5199999999999998,-0.031083333333333463,0.4510933454274807,0.5883200090706106,11.378634153324901,1.0560901341790718,overdamped
-0.4874999999999998,-0.031083333333333463,0.41206734660059985,0.5590505099504499,11.334882542394794,1.0544170241136963,overdamped
-0.45499999999999985,-0.031083333333333463,0.37128079380315887,0.5284605953523691,11.471626965626964,1.0596250161650944,overdamped
-0.4224999999999999,-0.031083333333333463,0.3276253804147015,0.4957190353110261,11.868159945413613,1.0743833906059148,overdamped
-0.3899999999999999,-0.031083333333333463,0.2783166649996656,0.45873749874974923,12.756655761008915,1.10573683622689,overdamped
-0.35749999999999993,-0.031083333333333463,0.20821572868039273,0.40616179651029455,15.65823244347093,1.1947427357952096,overdamped
-0.32499999999999996,-0.031083333333333463,0.17630466055477226,0.3822284954160792,15.434253692039283,1.1884856344488106,underdamped
-0.2925,-0.031083333333333463,0.17630466055477226,0.3822284954160792,13.02289131529885,1.1147074160967991,underdamped
-0.26,-0.031083333333333463,0.17630466055477223,0.3822284954160792,11.422089780043441,1.057745569488726,underdamped
-0.2274999999999998,-0.031083333333333463,0.17630466055477226,0.3822284954160792,10.302064819779002,1.0129242780997705,underdamped
-0.19499999999999984,-0.031083333333333463,0.17630466055477226,0.3822284954160792,9.493539960532873,0.9774281827812518,underdamped
-0.16249999999999987,-0.031083333333333463,0.17630466055477223,0.3822284954160792,8.901307096532332,0.9494537845247334,underdamped
-0.1299999999999999,-0.031083333333333463,0.17630466055477223,0.3822284954160792,8.468380393141876,0.927800357960037,underdamped
-0.09749999999999992,-0.031083333333333463,0.17630466055477226,0.3822284954160792,8.1593216308912,0.9116540528460939,underdamped
-0.06499999999999995,-0.031083333333333463,0.17630466055477229,0.38222849541607923,7.951823526756963,0.9004667332848691,underdamped
-0.03249999999999997,-0.031083333333333463,0.17630466055477229,0.38222849541607923,7.832234856218008,0.8938857016794375,underdamped
2.220446049250313e-16,-0.031083333333333463,0.17630466055477226,0.3822284954160792,7.7931541156923,0.891713264835734,underdamped
0.032500000000000195,-0.031083333333333463,0.17630466055477226,0.3822284954160792,7.832234856218008,0.8938857016794375,underdamped
0.06500000000000017,-0.031083333333333463,0.17630466055477226,0.3822284954160792,7.951823526756968,0.9004667332848694,underdamped
0.09749999999999992,-0.031083333333333463,0.17630466055477226,0.3822284954160792,8.1593216308912,0.9116540528460939,underdamped
0.13000000000000012,-0.031083333333333463,0.17630466055477229,0.38222849541607923,8.468380393141885,0.9278003579600375,underdamped
0.1625000000000003,-0.031083333333333463,0.1763046605547722,0.3822284954160792,8.901307096532337,0.9494537845247337,underdamped
0.19500000000000006,-0.031083333333333463,0.17630466055477226,0.3822284954160792,9.493539960532875,0.9774281827812519,underdamped
0.22750000000000026,-0.031083333333333463,0.17630466055477223,0.3822284954160792,10.302064819779009,1.0129242780997707,underdamped
0.26,-0.031083333333333463,0.17630466055477223,0.3822284954160792,11.422089780043441,1.057745569488726,underdamped
0.2925000000000002,-0.031083333333333463,0.17630466055477223,0.3822284954160792,13.022891315298873,1.1147074160967998,underdamped
0.32499999999999996,-0.031083333333333463,0.17630466055477226,0.3822284954160792,15.434253692039283,1.1884856344488106,underdamped
0.35750000000000015,-0.031083333333333463,0.20821572868039356,0.40616179651029516,15.658232443470876,1.1947427357952083,overdamped
0.3899999999999999,-0.031083333333333463,0.2783166649996656,0.45873749874974923,12.756655761008915,1.10573683622689,overdamped
0.4225000000000001,-0.031083333333333463,0.32762538041470185,0.4957190353110264,11.868159945413606,1.0743833906059146,overdamped
0.4550000000000003,-0.031083333333333463,0.3712807938031594,0.5284605953523696,11.47162696562696,1.0596250161650942,overdamped
0.48750000000000004,-0.031083333333333463,0.4120673466006001,0.5590505099504501,11.334882542394796,1.0544170241136965,overdamped
0.5200000000000002,-0.031083333333333463,0.4510933454274812,0.5883200090706109,11.378634153324905,1.0560901341790718,overdamped
0.5525,-0.031083333333333463,0.4889251728967594,0.6166938796725696,11.571231731567664,1.0633795910823234,overdamped
0.5850000000000002,-0.031083333333333463,0.5258943372634962,0.6444207529476221,11.902859018390755,1.0756512896932426,overdamped
0.6174999999999999,-0.031083333333333463,0.5622124807869332,0.6716593605901999,12.377326735226074,1.0926268555479044,overdamped
0.6500000000000001,-0.031083333333333463,0.5980231980375781,0.6985173985281836,13.009895771066192,1.1142738172201465,overdamped
0.6825000000000003,-0.031083333333333463,0.6334284200906473,0.7250713150679855,13.828254452784352,1.1407673623675794,overdamped
0.7150000000000001,-0.031083333333333463,0.6685030814423976,0.7513773110817982,14.876270706371619,1.1724940726994193,overdamped
0.7475000000000003,-0.031083333333333463,0.7033038334880459,0.7774778751160345,16.221533495432134,1.2100919076509535,overdamped
0.78,-0.031083333333333463,0.7378744984425656,0.8034058738319242,17.969489354676007,1.2545357357846858,overdamped
0.8125000000000002,-0.031083333333333463,0.7722496300089206,0.8291872225066904,20.29067807455407,1.3072965605432798,overdamped
0.845,-0.031083333333333463,0.8064569203265732,0.85484269024493,23.476855985391538,1.3706399358626171,overdamped
0.8775000000000002,-0.031083333333333463,0.8405188753085121,0.880389156481384,28.068642518260727,1.4482214093895327,overdamped
0.9100000000000004,-0.031083333333333463,0.8744540101926156,0.9058405076444617,35.188956645262735,1.546406390167884,overdamped
0.9425000000000001,-0.031083333333333463,0.908277721279402,0.9312082909595515,47.61065537138473,1.6777041596769264,overdamped
0.9750000000000003,-0.031083333333333463,0.9420029336172285,0.9620029336172286,54.134506243950256,1.7334741799716449,overdamped
1.0075,-0.031083333333333463,0.9756405902501835,0.9956405902501835,53.83036173041758,1.7310272982068537,overdamped
-1.0074999999999998,-0.015000000000000124,0.9923848969322593,0.999,156.335548567724,2.194057741879787,overdamped
-0.9749999999999999,-0.015000000000000124,0.9593646522044216,0.9793646522044216,52.14451184011006,1.7172086060898561,overdamped
-0.9424999999999999,-0.015000000000000124,0.9263066585602279,0.9463066585602279,52.34861141426521,1.7189051661844803,overdamped
-0.9099999999999999,-0.015000000000000124,0.8932065722921095,0.9199049292190822,39.52667517493248,1.5968902847728168,overdamped
-0.8775,-0.015000000000000124,0.8600593430010778,0.8950445072508083,30.460846640097035,1.4837419701100822,overdamped
-0.845,-0.015000000000000124,0.8268590607368652,0.8701442955526489,24.896006059494493,1.3961296810135113,overdamped
-0.8125,-0.015000000000000124,0.793598760808654,0.8451990706064905,21.14994812758203,1.3253093065605877,overdamped
-0.78,-0.015000000000000124,0.7602701716314723,0.8202026287236042,18.471557388964076,1.2665035135733944,overdamped
-0.7474999999999998,-0.015000000000000124,0.7268633847647236,0.7951475385735427,16.475296079351104,1.2168332280899,overdamped
-0.7149999999999999,-0.015000000000000124,0.6933664168981468,0.7700248126736101,14.943302700815506,1.1744465938797612,overdamped
-0.6824999999999999,-0.015000000000000124,0.6597646189737605,0.7448234642303204,13.743587938784037,1.1381001256347947,overdamped
-0.6499999999999999,-0.015000000000000124,0.6260398644698071,0.7195298983523553,12.791979107125796,1.1069377414145865,overdamped
-0.6174999999999999,-0.015000000000000124,0.592169410944275,0.6941270582082062,12.032793256566002,1.080366454862707,overdamped
-0.585,-0.015000000000000124,0.5581242647048643,0.6685931985286482,11.428357342976195,1.0579838114846294,overdamped
-0.5525,-0.015000000000000124,0.5238667653855447,0.6429000740391585,10.953065042797768,1.0395356666563602,overdamped
-0.5199999999999998,-0.015000000000000124,0.48934689882359383,0.6170101741176954,10.58995133995815,1.0248939645611002,overdamped
-0.4874999999999998,-0.015000000000000124,0.45449644125109157,0.5908723309383187,10.328810853964857,1.0140503244926415,overdamped
-0.45499999999999985,-0.015000000000000124,0.4192191957003779,0.5644143967752835,10.16543494070521,1.0071259651980784,overdamped
-0.4224999999999999,-0.015000000000000124,0.38337368372771896,0.5375302627957892,10.101934860776327,1.0044045637708066,overdamped
-0.3899999999999999,-0.015000000000000124,0.3467399090549347,0.510054931791201,10.148620566714934,1.006407015552042,overdamped
-0.35749999999999993,-0.015000000000000124,0.30894816626972843,0.4817111247022963,10.329062329991602,1.0140608981513894,overdamped
-0.32499999999999996,-0.015000000000000124,0.2693000468164685,0.4519750351123514,10.693888950830658,1.0291356699184389,overdamped
-0.2925,-0.015000000000000124,0.22618161139374005,0.41963620854530503,11.368154693303428,1.0556899746652761,overdamped
-0.26,-0.015000000000000124,0.17358898943540535,0.38019174207655404,12.848160535664558,1.1088409544070292,overdamped
-0.2274999999999998,-0.015000000000000124,0.1224744871391594,0.3418558653543695,14.647158147370686,1.1657533707216747,underdamped
-0.19499999999999984,-0.015000000000000124,0.12247448713915943,0.34185586535436957,12.826651904859244,1.1081133088299593,underdamped
-0.16249999999999987,-0.015000000000000124,0.12247448713915941,0.34185586535436957,11.605228355534063,1.0646536904681652,underdamped
-0.1299999999999999,-0.015000000000000124,0.1224744871391594,0.3418558653543695,10.765901827724715,1.032050415246358,underdamped
-0.09749999999999992,-0.015000000000000124,0.12247448713915939,0.3418558653543695,10.192272974285785,1.0082710466277014,underdamped
-0.06499999999999995,-0.015000000000000124,0.12247448713915943,0.34185586535436957,9.818447660577268,0.9920428293615599,underdamped
-0.03249999999999997,-0.015000000000000124,0.12247448713915943,0.34185586535436957,9.60697578742601,0.9825866961455547,underdamped
2.220446049250313e-16,-0.015000000000000124,0.12247448713915943,0.34185586535436957,9.538485827927142,0.9794794387745663,underdamped
0.032500000000000195,-0.015000000000000124,0.1224744871391594,0.3418558653543695,9.60697578742601,0.9825866961455547,underdamped
0.06500000000000017,-0.015000000000000124,0.12247448713915941,0.34185586535436957,9.818447660577272,0.9920428293615601,underdamped
0.09749999999999992,-0.015000000000000124,0.12247448713915939,0.3418558653543695,10.192272974285785,1.0082710466277014,underdamped
0.13000000000000012,-0.015000000000000124,0.12247448713915941,0.34185586535436957,10.765901827724724,1.0320504152463585,underdamped
0.1625000000000003,-0.015000000000000124,0.12247448713915943,0.34185586535436957,11.605228355534074,1.0646536904681654,underdamped
0.19500000000000006,-0.015000000000000124,0.12247448713915943,0.34185586535436957,12.826651904859258,1.10811330882996,underdamped
0.22750000000000026,-0.015000000000000124,0.12247448713915943,0.34185586535436957,14.647158147370718,1.1657533707216756,underdamped
0.26,-0.015000000000000124,0.17358898943540535,0.38019174207655404,12.848160535664558,1.1088409544070292,overdamped
0.2925000000000002,-0.015000000000000124,0.22618161139374035,0.41963620854530526,11.368154693303422,1.055689974665276,overdamped
0.32499999999999996,-0.015000000000000124,0.2693000468164685,0.4519750351123514,10.693888950830658,1.0291356699184389,overdamped
0.35750000000000015,-0.015000000000000124,0.30894816626972865,0.4817111247022965,10.329062329991604,1.0140608981513894,overdamped
0.3899999999999999,-0.015000000000000124,0.3467399090549347,0.510054931791201,10.148620566714934,1.006407015552042,overdamped
0.4225000000000001,-0.015000000000000124,0.3833736837277192,0.5375302627957894,10.101934860776325,1.0044045637708066,overdamped
0.4550000000000003,-0.015000000000000124,0.41921919570037847,0.5644143967752838,10.165434940705211,1.0071259651980784,overdamped
0.48750000000000004,-0.015000000000000124,0.45449644125109184,0.5908723309383188,10.32881085396486,1.0140503244926418,overdamped
0.5200000000000002,-0.015000000000000124,0.4893468988235943,0.6170101741176957,10.589951339958162,1.0248939645611006,overdamped
0.5525,-0.015000000000000124,0.5238667653855447,0.6429000740391585,10.953065042797768,1.0395356666563602,overdamped
0.5850000000000002,-0.015000000000000124,0.5581242647048645,0.6685931985286484,11.428357342976197,1.0579838114846294,overdamped
0.6174999999999999,-0.015000000000000124,0.592169410944275,0.6941270582082062,12.032793256566002,1.080366454862707,overdamped
0.6500000000000001,-0.015000000000000124,0.6260398644698073,0.7195298983523555,12.79197910712579,1.1069377414145862,overdamped
0.6825000000000003,-0.015000000000000124,0.6597646189737609,0.7448234642303206,13.743587938784064,1.1381001256347956,overdamped
0.7150000000000001,-0.015000000000000124,0.693366416898147,0.7700248126736102,14.943302700815526,1.174446593879762,overdamped
0.7475000000000003,-0.015000000000000124,0.7268633847647241,0.7951475385735431,16.47529607935111,1.2168332280899001,overdamped
0.78,-0.015000000000000124,0.7602701716314723,0.8202026287236042,18.471557388964076,1.2665035135733944,overdamped
0.8125000000000002,-0.015000000000000124,0.7935987608086543,0.8451990706064907,21.14994812758203,1.3253093065605877,overdamped
0.845,-0.015000000000000124,0.8268590607368652,0.8701442955526489,24.896006059494493,1.3961296810135113,overdamped
0.8775000000000002,-0.015000000000000124,0.8600593430010781,0.8950445072508086,30.460846640096953,1.4837419701100811,overdamped
0.9100000000000004,-0.015000000000000124,0.89320657229211,0.9199049292190825,39.52667517493266,1.5968902847728188,overdamped
0.9425000000000001,-0.015000000000000124,0.926306658560228,0.946306658560228,52.348611414265335,1.7189051661844812,overdamped
0.9750000000000003,-0.015000000000000124,0.959364652204422,0.979364652204422,52.144511840110084,1.7172086060898564,overdamped
1.0075,-0.015000000000000124,0.9923848969322596,0.999,156.33554856772923,2.194057741879801,overdamped
-0.9749999999999999,0.001083333333333214,0.9761098477654059,0.9961098477654059,50.39731734051378,1.7024074194768855,overdamped
-0.9424999999999999,0.001083333333333214,0.9436480269151567,0.9636480269151567,50.441181200431664,1.7027852480601047,overdamped
-0.9099999999999999,0.001083333333333214,0.9111889228525099,0.9333916921393823,45.57646127498009,1.6587406019235387,overdamped
-0.8775,0.001083333333333214,0.8787328358394599,0.9090496268795949,33.608807000812256,1.5264530967551164,overdamped
-0.845,0.001083333333333214,0.8462801120077879,0.8847100840058408,26.72483082080787,1.4269149646264787,overdamped
-0.8125,0.001083333333333214,0.8138311524510587,0.860373364338294,22.268129690895183,1.3476837419988361,overdamped
-0.78,0.001083333333333214,0.7813864245644364,0.8360398184233273,19.160053442869437,1.282396716115747,overdamped
-0.7474999999999998,0.001083333333333214,0.7489464763071917,0.8117098572303938,16.879989709203546,1.2273721775243829,overdamped
-0.7149999999999999,0.001083333333333214,0.7165119543042169,0.7873839657281627,15.146019819859573,1.1802985208003602,overdamped
-0.6824999999999999,0.001083333333333214,0.6840836270457336,0.7630627202843001,13.792389036543849,1.13963949862865,overdamped
-0.6499999999999999,0.001083333333333214,0.651662414938317,0.7387468112037378,12.715467186335008,1.1043323214696437,overdamped
-0.6174999999999999,0.001083333333333214,0.6192494296827824,0.7144370722620867,11.847351011847463,1.0736212558699096,overdamped
-0.585,0.001083333333333214,0.5868460265288682,0.6901345198966511,11.141919471526949,1.0469600152616518,overdamped
-0.5525,0.001083333333333214,0.5544538745836103,0.6658404059377077,10.567000678625588,1.0239517353143068,overdamped
-0.5199999999999998,0.001083333333333214,0.5220750528633604,0.6415562896475203,10.099753501806166,1.0043107743656372,overdamped
-0.4874999999999998,0.001083333333333214,0.48971218374647174,0.6172841378098538,9.723841907866591,0.9878378893836284,overdamped
-0.45499999999999985,0.001083333333333214,0.45736862189810323,0.5930264664235774,9.42766289536224,0.974404045076148,overdamped
-0.4224999999999999,0.001083333333333214,0.42504872738941446,0.5687865455420609,9.203226508331278,0.9639401109440657,overdamped
-0.3899999999999999,0.001083333333333214,0.3927582699492822,0.5445687024619617,9.045463786188387,0.9564308392575942,overdamped
-0.35749999999999993,0.001083333333333214,0.36050504348802315,0.5203787826160173,8.951837743313,0.951912201779628,overdamped
-0.32499999999999996,0.001083333333333214,0.32829982911129074,0.4962248718334681,8.922192573918084,0.950471592688092,overdamped
-0.2925,0.001083333333333214,0.2961579578719329,0.47211846840394966,8.958816962136988,0.9522506635976365,overdamped
-0.26,0.001083333333333214,0.2641019512659425,0.44807646344945684,9.066728905401542,0.9574506305475888,overdamped
-0.2274999999999998,0.001083333333333214,0.2321661975125581,0.4241246481344186,9.254215439098411,0.966339605702297,overdamped
-0.19499999999999984,0.001083333333333214,0.20040570117021303,0.40030427587765977,9.533673309810219,0.9792602658858017,overdamped
-0.16249999999999987,0.001083333333333214,0.16891353765011535,0.3766851532375865,9.92275239799361,0.9966321545594737,overdamped
-0.1299999999999999,0.001083333333333214,0.1378583099813137,0.35339373248598527,10.445529036259597,1.018930440650448,overdamped
-0.09749999999999992,0.001083333333333214,0.10757087922951514,0.33067815942213635,11.132281027471548,1.0465841612929452,overdamped
-0.06499999999999995,0.001083333333333214,0.07875563028792507,0.3090667227159438,12.01220503899193,1.0796227366590432,overdamped
-0.03249999999999997,0.001083333333333214,0.05295689081539341,0.28971766811154503,13.082580974055212,1.1166934314664725,overdamped
2.220446049250313e-16,0.001083333333333214,0.03291402943021747,0.2746855220726631,14.253213557647864,1.1539127922751349,overdamped
0.032500000000000195,0.001083333333333214,0.052956890815393565,0.2897176681115452,13.0825809740552,1.116693431466472,overdamped
0.06500000000000017,0.001083333333333214,0.07875563028792526,0.30906672271594393,12.012205038991926,1.079622736659043,overdamped
0.09749999999999992,0.001083333333333214,0.10757087922951514,0.33067815942213635,11.132281027471548,1.0465841612929452,overdamped
0.13000000000000012,0.001083333333333214,0.13785830998131393,0.35339373248598543,10.445529036259593,1.0189304406504478,overdamped
0.1625000000000003,0.001083333333333214,0.1689135376501158,0.37668515323758683,9.922752397993605,0.9966321545594735,overdamped
0.19500000000000006,0.001083333333333214,0.20040570117021322,0.40030427587765993,9.533673309810215,0.9792602658858015,overdamped
0.22750000000000026,0.001083333333333214,0.23216619751255851,0.42412464813441886,9.254215439098408,0.9663396057022969,overdamped
0.26,0.001083333333333214,0.2641019512659425,0.44807646344945684,9.066728905401542,0.9574506305475888,overdamped
0.2925000000000002,0.001083333333333214,0.2961579578719331,0.47211846840394983,8.958816962136984,0.9522506635976363,overdamped
0.32499999999999996,0.001083333333333214,0.32829982911129074,0.4962248718334681,8.922192573918084,0.950471592688092,overdamped
0.35750000000000015,0.001083333333333214,0.36050504348802337,0.5203787826160176,8.951837743312998,0.9519122017796279,overdamped
0.3899999999999999,0.001083333333333214,0.3927582699492822,0.5445687024619617,9.045463786188387,0.9564308392575942,overdamped
0.4225000000000001,0.001083333333333214,0.4250487273894147,0.568786545542061,9.203226508331282,0.963940110944066,overdamped
0.4550000000000003,0.001083333333333214,0.4573686218981037,0.5930264664235778,9.427662895362232,0.9744040450761476,overdamped
0.48750000000000004,0.001083333333333214,0.48971218374647196,0.6172841378098539,9.7238419078666,0.9878378893836287,overdamped
0.5200000000000002,0.001083333333333214,0.5220750528633609,0.6415562896475207,10.09975350180617,1.0043107743656372,overdamped
0.5525,0.001083333333333214,0.5544538745836103,0.6658404059377077,10.567000678625588,1.0239517353143068,overdamped
0.5850000000000002,0.001083333333333214,0.5868460265288684,0.6901345198966513,11.141919471526945,1.0469600152616516,overdamped
0.6174999999999999,0.001083333333333214,0.6192494296827824,0.7144370722620867,11.847351011847463,1.0736212558699096,overdamped
0.6500000000000001,0.001083333333333214,0.6516624149383172,0.7387468112037379,12.715467186335015,1.1043323214696439,overdamped
0.6825000000000003,0.001083333333333214,0.684083627045734,0.7630627202843006,13.792389036543842,1.1396394986286498,overdamped
0.7150000000000001,0.001083333333333214,0.7165119543042171,0.7873839657281628,15.14601981985961,1.1802985208003614,overdamped
0.7475000000000003,0.001083333333333214,0.7489464763071922,0.8117098572303942,16.879989709203535,1.2273721775243827,overdamped
0.78,0.001083333333333214,0.7813864245644364,0.8360398184233273,19.160053442869437,1.282396716115747,overdamped
0.8125000000000002,0.001083333333333214,0.8138311524510591,0.8603733643382943,22.268129690895154,1.3476837419988357,overdamped
0.845,0.001083333333333214,0.8462801120077879,0.8847100840058408,26.72483082080787,1.4269149646264787,overdamped
0.8775000000000002,0.001083333333333214,0.8787328358394602,0.9090496268795951,33.60880700081227,1.5264530967551166,overdamped
0.9100000000000004,0.001083333333333214,0.9111889228525103,0.9333916921393828,45.576461274979984,1.6587406019235378,overdamped
0.9425000000000001,0.001083333333333214,0.9436480269151569,0.9636480269151569,50.44118120043149,1.7027852480601031,overdamped
0.9750000000000003,0.001083333333333214,0.9761098477654062,0.9961098477654062,50.39731734051409,1.7024074194768883,overdamped
-0.9749999999999999,0.017166666666666552,0.9922998778393933,0.999,144.73126930768785,2.1605623709302444,overdamped
-0.9424999999999999,0.017166666666666552,0.9603749627310657,0.9803749627310657,48.76696582048829,1.688125735529821,overdamped
-0.9099999999999999,0.017166666666666552,0.9284888242257323,0.9484888242257323,48.724380637186215,1.6877463272650428,overdamped
-0.8775,0.017166666666666552,0.8966454347519381,0.9224840760639537,37.83506465474116,1.577894480451685,overdamped
-0.845,0.017166666666666552,0.8648493152098989,0.8986369864074242,29.083902580418677,1.4636526812593584,overdamped
-0.8125,0.017166666666666552,0.8331056303560567,0.8748292227670424,23.694970776822878,1.374656177417256,overdamped
-0.78,0.017166666666666552,0.8014203041497424,0.8510652281123068,20.053749938707554,1.3021955951812,overdamped
-0.7474999999999998,0.017166666666666552,0.7698001599124363,0.8273501199343273,17.43775845596149,1.2414906576164428,overdamped
-0.7149999999999999,0.017166666666666552,0.7382530914735512,0.8036898186051634,15.4753547877432,1.1896406144348284,overdamped
-0.6824999999999999,0.017166666666666552,0.7067882731899171,0.7800912048924378,13.95593073544414,1.1447588053383368,overdamped
-0.6499999999999999,0.017166666666666552,0.6754164189456118,0.7565623142092088,12.751311529084573,1.1055548561857276,overdamped
-0.6174999999999999,0.017166666666666552,0.6441501031106975,0.7331125773330232,11.77911267164375,1.0711125759924096,overdamped
-0.585,0.017166666666666552,0.6130041601394067,0.709753120104555,10.98406129239249,1.0407629476512745,overdamped
-0.5525,0.017166666666666552,0.5819961842225779,0.6864971381669335,10.327785627214547,1.0140072147459676,overdamped
-0.5199999999999998,0.017166666666666552,0.5511471563774347,0.663360367283076,9.782911129713602,0.990468108309398,overdamped
-0.4874999999999998,0.017166666666666552,0.520482233696522,0.6403616752723915,9.329486407758223,0.9698577363064199,overdamped
-0.45499999999999985,0.017166666666666552,0.4900317441123387,0.617523808084254,8.95273641117654,0.9519557980686164,overdamped
-0.4224999999999999,0.017166666666666552,0.4598324393770938,0.5948743295328203,8.64160629110308,0.9365944761043048,overdamped
-0.3899999999999999,0.017166666666666552,0.4299290673089784,0.5724468004817338,8.387795980095902,0.9236478583936729,overdamped
-0.35749999999999993,0.017166666666666552,0.40037632778320026,0.5502822458374002,8.185112441338305,0.9130246498221628,overdamped
-0.32499999999999996,0.017166666666666552,0.37124126728241,0.5284309504618075,8.02903865892936,0.9046635490002521,overdamped
-0.2925,0.017166666666666552,0.3426061284163714,0.5069545963122786,7.916462842047316,0.8985311776352851,overdamped
-0.26,0.017166666666666552,0.3145715759987614,0.485928681999071,7.845542562553366,0.8946229828210055,overdamped
-0.2274999999999998,0.017166666666666552,0.287260026127214,0.4654450195954105,7.8157056692130675,0.8929681959712737,overdamped
-0.19499999999999984,0.017166666666666552,0.2608184517030042,0.44561383877725314,7.827819639835949,0.8936408105569413,overdamped
-0.16249999999999987,0.017166666666666552,0.23541948195627604,0.42656461146720703,7.884599745931012,0.8967796516857771,overdamped
-0.1299999999999999,0.017166666666666552,0.211258902862925,0.4084441771471937,7.991380527294557,0.9026218110531594,overdamped
-0.09749999999999992,0.017166666666666552,0.18854709999376432,0.39141032499532324,8.157454063098518,0.9115546368333111,overdamped
-0.06499999999999995,0.017166666666666552,0.16749228373009528,0.3756192127975715,8.398306857469644,0.9241917388505182,overdamped
-0.03249999999999997,0.017166666666666552,0.1482754868071561,0.3612066151053671,8.73934559532578,0.9414789137580494,overdamped
2.220446049250313e-16,0.017166666666666552,0.13102162671355666,0.3482662200351675,9.222338940570312,0.9648410794225766,overdamped
0.032500000000000195,0.017166666666666552,0.14827548680715624,0.36120661510536717,8.739345595325776,0.9414789137580493,overdamped
0.06500000000000017,0.017166666666666552,0.16749228373009542,0.3756192127975716,8.398306857469642,0.9241917388505181,overdamped
0.09749999999999992,0.017166666666666552,0.18854709999376432,0.39141032499532324,8.157454063098518,0.9115546368333111,overdamped
0.13000000000000012,0.017166666666666552,0.21125890286292515,0.40844417714719383,7.991380527294557,0.9026218110531594,overdamped
0.1625000000000003,0.017166666666666552,0.23541948195627638,0.42656461146720726,7.884599745931013,0.8967796516857772,overdamped
0.19500000000000006,0.017166666666666552,0.26081845170300433,0.44561383877725325,7.827819639835947,0.8936408105569411,overdamped
0.22750000000000026,0.017166666666666552,0.2872600261272144,0.4654450195954108,7.815705669213066,0.8929681959712736,overdamped
0.26,0.017166666666666552,0.3145715759987614,0.485928681999071,7.845542562553366,0.8946229828210055,overdamped
0.2925000000000002,0.017166666666666552,0.3426061284163716,0.5069545963122787,7.916462842047318,0.8985311776352852,overdamped
0.32499999999999996,0.017166666666666552,0.37124126728241,0.5284309504618075,8.02903865892936,0.9046635490002521,overdamped
0.35750000000000015,0.017166666666666552,0.4003763277832005,0.5502822458374004,8.185112441338303,0.9130246498221627,overdamped
0.3899999999999999,0.017166666666666552,0.4299290673089784,0.5724468004817338,8.387795980095902,0.9236478583936729,overdamped
0.4225000000000001,0.017166666666666552,0.45983243937709395,0.5948743295328205,8.641606291103077,0.9365944761043046,overdamped
0.4550000000000003,0.017166666666666552,0.4900317441123391,0.6175238080842543,8.952736411176542,0.9519557980686164,overdamped
0.48750000000000004,0.017166666666666552,0.5204822336965222,0.6403616752723917,9.329486407758223,0.9698577363064199,overdamped
0.5200000000000002,0.017166666666666552,0.5511471563774353,0.6633603672830765,9.782911129713595,0.9904681083093977,overdamped
0.5525,0.017166666666666552,0.5819961842225779,0.6864971381669335,10.327785627214547,1.0140072147459676,overdamped
0.5850000000000002,0.017166666666666552,0.613004160139407,0.7097531201045553,10.984061292392488,1.0407629476512743,overdamped
0.6174999999999999,0.017166666666666552,0.6441501031106975,0.7331125773330232,11.77911267164375,1.0711125759924096,overdamped
0.6500000000000001,0.017166666666666552,0.675416418945612,0.756562314209209,12.751311529084571,1.1055548561857274,overdamped
0.6825000000000003,0.017166666666666552,0.7067882731899175,0.7800912048924382,13.955930735444133,1.1447588053383366,overdamped
0.7150000000000001,0.017166666666666552,0.7382530914735514,0.8036898186051635,15.475354787743221,1.1896406144348288,overdamped
0.7475000000000003,0.017166666666666552,0.7698001599124369,0.8273501199343276,17.43775845596152,1.2414906576164435,overdamped
0.78,0.017166666666666552,0.8014203041497424,0.8510652281123068,20.053749938707554,1.3021955951812,overdamped
0.8125000000000002,0.017166666666666552,0.8331056303560569,0.8748292227670427,23.69497077682285,1.3746561774172554,overdamped
0.845,0.017166666666666552,0.8648493152098989,0.8986369864074242,29.083902580418677,1.4636526812593584,overdamped
0.8775000000000002,0.017166666666666552,0.8966454347519385,0.9224840760639539,37.83506465474117,1.577894480451685,overdamped
0.9100000000000004,0.017166666666666552,0.9284888242257328,0.9484888242257328,48.724380637186236,1.6877463272650428,overdamped
0.9425000000000001,0.017166666666666552,0.960374962731066,0.9803749627310661,48.76696582048789,1.6881257355298174,overdamped
0.9750000000000003,0.017166666666666552,0.9922998778393938,0.999,144.73126930769746,2.1605623709302733,overdamped
-0.9424999999999999,0.03325,0.9765484885194096,0.9965484885194096,47.28714334299566,1.6747430787046482,overdamped
-0.9099999999999999,0.03325,0.9451785389018983,0.9651785389018983,47.12652138934931,1.673265383804489,overdamped
-0.8775,0.03325,0.9138832050067643,0.9354124037550733,43.70113952501509,1.6404927615235974,overdamped
-0.845,0.03325,0.8826698056152751,0.9120023542114564,32.163916763025874,1.5073689295351644,overdamped
-0.8125,0.03325,0.8515466005933572,0.8886599504450179,25.50787469251634,1.4066742748479772,overdamped
-0.78,0.03325,0.8205229378325852,0.8653922033744389,21.185770467301044,1.3260442627015516,overdamped
-0.7474999999999998,0.03325,0.7896094263690554,0.8422070697767916,18.160785930647855,1.2591346392267941,overdamped
-0.7149999999999999,0.03325,0.758818140631594,0.8191136054736955,15.931583839662594,1.202258953367552,overdamped
-0.6824999999999999,0.03325,0.7281628616368289,0.7961221462276217,14.226191906971856,1.153088662900899,overdamped
-0.6499999999999999,0.03325,0.6976593618842816,0.7732445214132112,12.884341364291657,1.1100622227189227,overdamped
-0.6174999999999999,0.03325,0.6673257416502125,0.7504943062376594,11.80550194350244,1.0720844570360097,overdamped
-0.585,0.03325,0.6371828252176195,0.7278871189132146,10.923462729218288,1.0383603312082712,overdamped
-0.5525,0.03325,0.607254626100603,0.7054409695754522,10.192881100675299,1.0082969582234023,overdamped
-0.5199999999999998,0.03325,0.5775688901640081,0.6831766676230061,9.581706420886842,0.9814428601411942,overdamped
-0.4874999999999998,0.03325,0.5481577241135643,0.6611182930851732,9.06669152022555,0.9574488398015236,overdamped
-0.45499999999999985,0.03325,0.5190583132068094,0.6392937349051071,8.630621944114043,0.9360420931849963,overdamped
-0.4224999999999999,0.03325,0.49031372480134344,0.6177352936010077,8.26054887544032,0.9170089051479118,overdamped
-0.3899999999999999,0.03325,0.4619737814842498,0.5964803361131874,7.94663568095165,0.9001833029402371,overdamped
-0.35749999999999993,0.03325,0.43409596628887637,0.5755719747166572,7.681397588824897,0.8854402447573271,overdamped
-0.32499999999999996,0.03325,0.40674628963404946,0.5550597172255372,7.45920782913977,0.8726927076736036,overdamped
-0.2925,0.03325,0.38,0.535,7.275998874525348,0.8618926232133991,overdamped
-0.26,0.03325,0.35394195676558693,0.5154564675741902,7.129122914044075,0.8530361024996238,overdamped
-0.2274999999999998,0.03325,0.3286664081683852,0.4964998061262889,7.017361569595027,0.8461738541309886,overdamped
-0.19499999999999984,0.03325,0.304275844817522,0.4782068836131415,6.941097627783296,0.8414281528751137,overdamped
-0.16249999999999987,0.03325,0.28087856133329214,0.4606589209999691,6.902687130393455,0.8390181891027766,overdamped
-0.1299999999999999,0.03325,0.2585846068260593,0.4439384551195445,6.907107309937035,0.8392962033279192,overdamped
-0.09749999999999992,0.03325,0.23749999999999996,0.428125,6.963022317903499,0.8427977871800041,overdamped
-0.06499999999999995,0.03325,0.21771946441991455,0.41328959831493595,7.084544592857964,0.8503119382580705,overdamped
-0.03249999999999997,0.03325,0.19931846396908454,0.3994888479768134,7.2942703898242955,0.8629818580498978,overdamped
2.220446049250313e-16,0.03325,0.1823458252881048,0.3867593689660786,7.628875369444103,0.8824605200199194,overdamped
0.032500000000000195,0.03325,0.19931846396908465,0.3994888479768135,7.2942703898242955,0.8629818580498978,overdamped
0.06500000000000017,0.03325,0.2177194644199147,0.413289598314936,7.084544592857965,0.8503119382580705,overdamped
0.09749999999999992,0.03325,0.23749999999999996,0.428125,6.963022317903499,0.8427977871800041,overdamped
0.13000000000000012,0.03325,0.25858460682605944,0.44393845511954455,6.907107309937035,0.8392962033279192,overdamped
0.1625000000000003,0.03325,0.2808785613332924,0.4606589209999693,6.9026871303934545,0.8390181891027766,overdamped
0.19500000000000006,0.03325,0.30427584481752223,0.4782068836131417,6.9410976277832965,0.8414281528751137,overdamped
0.22750000000000026,0.03325,0.32866640816838555,0.4964998061262892,7.017361569595028,0.8461738541309887,overdamped
0.26,0.03325,0.35394195676558693,0.5154564675741902,7.129122914044075,0.8530361024996238,overdamped
0.2925000000000002,0.03325,0.38000000000000017,0.5350000000000001,7.275998874525346,0.861892623213399,overdamped
0.32499999999999996,0.03325,0.40674628963404946,0.5550597172255372,7.45920782913977,0.8726927076736036,overdamped
0.35750000000000015,0.03325,0.43409596628887653,0.5755719747166574,7.6813975888248915,0.8854402447573269,overdamped
0.3899999999999999,0.03325,0.4619737814842498,0.5964803361131874,7.94663568095165,0.9001833029402371,overdamped
0.4225000000000001,0.03325,0.4903137248013436,0.6177352936010077,8.260548875440332,0.9170089051479124,overdamped
0.4550000000000003,0.03325,0.5190583132068097,0.6392937349051073,8.630621944114052,0.9360420931849968,overdamped
0.48750000000000004,0.03325,0.5481577241135646,0.6611182930851734,9.066691520225547,0.9574488398015234,overdamped
0.5200000000000002,0.03325,0.5775688901640086,0.6831766676230064,9.581706420886846,0.9814428601411943,overdamped
0.5525,0.03325,0.607254626100603,0.7054409695754522,10.192881100675299,1.0082969582234023,overdamped
0.5850000000000002,0.03325,0.6371828252176196,0.7278871189132147,10.923462729218295,1.0383603312082714,overdamped
0.6174999999999999,0.03325,0.6673257416502125,0.7504943062376594,11.80550194350244,1.0720844570360097,overdamped
0.6500000000000001,0.03325,0.6976593618842818,0.7732445214132113,12.884341364291682,1.1100622227189234,overdamped
0.6825000000000003,0.03325,0.7281628616368293,0.796122146227622,14.226191906971879,1.1530886629008996,overdamped
0.7150000000000001,0.03325,0.7588181406315943,0.8191136054736957,15.931583839662594,1.202258953367552,overdamped
0.7475000000000003,0.03325,0.789609426369056,0.8422070697767919,18.16078593064788,1.2591346392267946,overdamped
0.78,0.03325,0.8205229378325852,0.8653922033744389,21.185770467301044,1.3260442627015516,overdamped
0.8125000000000002,0.03325,0.8515466005933575,0.8886599504450181,25.5078746925163,1.4066742748479766,overdamped
0.845,0.03325,0.8826698056152751,0.9120023542114564,32.163916763025874,1.5073689295351644,overdamped
0.8775000000000002,0.03325,0.9138832050067647,0.9354124037550735,43.701139525015094,1.6404927615235974,overdamped
0.9100000000000004,0.03325,0.9451785389018987,0.9651785389018988,47.12652138934919,1.673265383804488,overdamped
0.9425000000000001,0.03325,0.9765484885194098,0.9965484885194098,47.28714334299557,1.6747430787046473,overdamped
-0.9424999999999999,0.04933333333333323,0.9922201486969604,0.999,134.38212133123386,2.1283414924999398,overdamped
-0.9099999999999999,0.04933333333333323,0.9613184110155714,0.9813184110155714,45.71433729374271,1.6600524283201066,overdamped
-0.8775,0.04933333333333323,0.9305171154452412,0.9505171154452412,45.47927820091902,1.657813563406958,overdamped
-0.845,0.04933333333333323,0.8998254480261169,0.9248690860195876,36.27681482250433,1.5596291481306994,overdamped
-0.8125,0.04933333333333323,0.8692536671921003,0.9019402503940752,27.82550771136406,1.4444430973277589,overdamped
-0.78,0.04933333333333323,0.8388132499529546,0.879109937464716,22.60738923459724,1.3542504116830407,overdamped
-0.7474999999999998,0.04933333333333323,0.808517059278107,0.8563877944585803,19.071552861820233,1.28038605601733,overdamped
-0.7149999999999999,0.04933333333333323,0.778379535417598,0.8337846515631985,16.52265063272485,1.2180797199107831,overdamped
-0.6824999999999999,0.04933333333333323,0.7484169139718171,0.8113126854788628,14.602456299548603,1.1644259152100849,overdamped
-0.6499999999999999,0.04933333333333323,0.7186474734242977,0.7889856050682232,13.107666295291192,1.1175253762594362,overdamped
-0.6174999999999999,0.04933333333333323,0.6890918144686871,0.7668188608515153,11.914342003817561,1.076070062460739,overdamped
-0.585,0.04933333333333323,0.6597731726294928,0.7448298794721195,10.942647137336722,1.0391223949473682,overdamped
-0.5525,0.04933333333333323,0.6307177641666915,0.7230383231250186,10.138858023636647,1.0059890415887796,overdamped
-0.5199999999999998,0.04933333333333323,0.6019551627528572,0.7014663720646429,9.465524009611938,0.9761446614253911,overdamped
-0.4874999999999998,0.04933333333333323,0.5735187005058744,0.6801390253794057,8.89577705398902,0.9491838900837978,overdamped
-0.45499999999999985,0.04933333333333323,0.5454458811391227,0.6590844108543421,8.409889289306976,0.9247902786326869,overdamped
-0.4224999999999999,0.04933333333333323,0.5177787846733699,0.6383340885050275,7.993114656997077,0.9027160427389249,overdamped
-0.3899999999999999,0.04933333333333323,0.49056443177982895,0.6179233238348717,7.63429963141298,0.8827692011613624,overdamped
-0.35749999999999993,0.04933333333333323,0.4638550610447545,0.5978912957835658,7.3249763922311315,0.8648062293346425,overdamped
-0.32499999999999996,0.04933333333333323,0.4377082544789186,0.5782811908591889,7.058774490456761,0.8487293075346335,overdamped
-0.2925,0.04933333333333323,0.41218682677157226,0.5591401200786792,6.831056760409279,0.8344878939763111,overdamped
-0.26,0.04933333333333323,0.387358375292768,0.540518781469576,6.6387277093087365,0.8220848562098385,overdamped
-0.2274999999999998,0.04933333333333323,0.3632943764810843,0.5224707823608132,6.480191551444465,0.8115878436029691,overdamped
-0.19499999999999984,0.04933333333333323,0.34006871878569417,0.5050515390892707,6.355461000184876,0.8031470580489656,overdamped
-0.16249999999999987,0.04933333333333323,0.31775559366182693,0.4883166952463702,6.266444343645569,0.7970211867715667,overdamped
-0.1299999999999999,0.04933333333333323,0.2964267342666642,0.47232005069999816,6.217477274700553,0.7936142065692053,overdamped
-0.09749999999999992,0.04933333333333323,0.27614809988945205,0.457111074917089,6.216235990062907,0.7935274934435426,overdamped
-0.06499999999999995,0.04933333333333323,0.25697624224699867,0.44273218168524897,6.275309329993345,0.7976351384396274,overdamped
-0.03249999999999997,0.04933333333333323,0.23895472790969935,0.4292160459322745,6.415016050574148,0.8071977473309104,overdamped
2.220446049250313e-16,0.04933333333333323,0.22211108331943563,0.4165833124895767,6.668781144158451,0.824046464990412,overdamped
0.032500000000000195,0.04933333333333323,0.23895472790969946,0.4292160459322746,6.415016050574146,0.8071977473309103,overdamped
0.06500000000000017,0.04933333333333323,0.2569762422469988,0.4427321816852491,6.27530932999334,0.7976351384396271,overdamped
0.09749999999999992,0.04933333333333323,0.27614809988945205,0.457111074917089,6.216235990062907,0.7935274934435426,overdamped
0.13000000000000012,0.04933333333333323,0.2964267342666643,0.4723200506999983,6.217477274700553,0.7936142065692053,overdamped
0.1625000000000003,0.04933333333333323,0.31775559366182726,0.48831669524637045,6.266444343645569,0.7970211867715667,overdamped
0.19500000000000006,0.04933333333333323,0.34006871878569433,0.5050515390892707,6.355461000184877,0.8031470580489657,overdamped
0.22750000000000026,0.04933333333333323,0.36329437648108465,0.5224707823608135,6.4801915514444675,0.8115878436029692,overdamped
0.26,0.04933333333333323,0.387358375292768,0.540518781469576,6.6387277093087365,0.8220848562098385,overdamped
0.2925000000000002,0.04933333333333323,0.4121868267715724,0.5591401200786793,6.831056760409278,0.8344878939763111,overdamped
0.32499999999999996,0.04933333333333323,0.4377082544789186,0.5782811908591889,7.058774490456761,0.8487293075346335,overdamped
0.35750000000000015,0.04933333333333323,0.4638550610447547,0.597891295783566,7.324976392231129,0.8648062293346422,overdamped
0.3899999999999999,0.04933333333333323,0.49056443177982895,0.6179233238348717,7.63429963141298,0.8827692011613624,overdamped
0.4225000000000001,0.04933333333333323,0.5177787846733701,0.6383340885050276,7.993114656997079,0.902716042738925,overdamped
0.4550000000000003,0.04933333333333323,0.5454458811391231,0.6590844108543423,8.409889289306989,0.9247902786326876,overdamped
0.48750000000000004,0.04933333333333323,0.5735187005058746,0.680139025379406,8.895777053989018,0.9491838900837977,overdamped
0.5200000000000002,0.04933333333333323,0.6019551627528577,0.7014663720646432,9.465524009611945,0.9761446614253915,overdamped
0.5525,0.04933333333333323,0.6307177641666915,0.7230383231250186,10.138858023636647,1.0059890415887796,overdamped
0.5850000000000002,0.04933333333333323,0.659773172629493,0.7448298794721198,10.942647137336722,1.0391223949473682,overdamped
0.6174999999999999,0.04933333333333323,0.6890918144686871,0.7668188608515153,11.914342003817561,1.076070062460739,overdamped
0.6500000000000001,0.04933333333333323,0.7186474734242979,0.7889856050682235,13.10766629529119,1.1175253762594362,overdamped
0.6825000000000003,0.04933333333333323,0.7484169139718175,0.8113126854788631,14.602456299548612,1.164425915210085,overdamped
0.7150000000000001,0.04933333333333323,0.7783795354175982,0.8337846515631986,16.52265063272487,1.2180797199107836,overdamped
0.7475000000000003,0.04933333333333323,0.8085170592781075,0.8563877944585806,19.07155286182027,1.2803860560173308,overdamped
0.78,0.04933333333333323,0.8388132499529546,0.879109937464716,22.60738923459724,1.3542504116830407,overdamped
0.8125000000000002,0.04933333333333323,0.8692536671921005,0.9019402503940754,27.825507711364022,1.4444430973277582,overdamped
0.845,0.04933333333333323,0.8998254480261169,0.9248690860195876,36.27681482250433,1.5596291481306994,overdamped
0.8775000000000002,0.04933333333333323,0.9305171154452414,0.9505171154452414,45.47927820091903,1.6578135634069582,overdamped
0.9100000000000004,0.04933333333333323,0.9613184110155719,0.9813184110155719,45.71433729374236,1.6600524283201032,overdamped
0.9425000000000001,0.04933333333333323,0.9922201486969607,0.999,134.38212133123739,2.128341492499951,overdamped
-0.9099999999999999,0.06541666666666646,0.9769594492550799,0.99695944925508,44.45878240315319,1.6479575644620996,overdamped
-0.8775,0.06541666666666646,0.9466065045036506,0.9666065045036506,44.13676146487237,1.6448004636345561,overdamped
-0.845,0.06541666666666646,0.9163855299223358,0.9372891474417518,41.96290489583107,1.6228655447398777,overdamped
-0.8125,0.06541666666666646,0.8863080477053442,0.9147310357790082,30.833207489854324,1.489018705481855,overdamped
-0.78,0.06541666666666646,0.8563868208543918,0.8922901156407939,24.395487665623694,1.3873095040786407,overdamped
-0.7474999999999998,0.06541666666666646,0.8266360001884208,0.8699770001413156,20.204909345071734,1.3054569062004224,overdamped
-0.7149999999999999,0.06541666666666646,0.7970712873546979,0.8478034655160234,17.264063418396194,1.2371430226938476,overdamped
-0.6824999999999999,0.06541666666666646,0.7677101143913301,0.8257825857934975,15.089917095669984,1.1786868537588928,overdamped
-0.6499999999999999,0.06541666666666646,0.7385718397892516,0.8039288798419386,13.420102445056912,1.1277558311200895,overdamped
-0.6174999999999999,0.06541666666666646,0.7096779600709664,0.7822584700532248,12.099833705776263,1.0827794016255392,overdamped
-0.585,0.06541666666666646,0.6810523345273664,0.7607892508955247,11.031905738174313,1.0426505423659764,overdamped
-0.5525,0.06541666666666646,0.6527214187912098,0.7395410640934074,10.152215189059053,1.0065608146058025,overdamped
-0.5199999999999998,0.06541666666666646,0.6247145002144368,0.7185358751608275,9.416800724065226,0.9739033800879052,overdamped
-0.4874999999999998,0.06541666666666646,0.5970639243883071,0.6977979432912303,8.794543173520335,0.9442132852520337,overdamped
-0.45499999999999985,0.06541666666666646,0.5698052974563297,0.6773539730922473,8.262843837743144,0.9171295449569392,overdamped
-0.4224999999999999,0.06541666666666646,0.5429776430547602,0.6572332322910701,7.804962030541453,0.8923707946544981,overdamped
-0.3899999999999999,0.06541666666666646,0.5166234858754355,0.6374676144065766,7.408324253286744,0.869719982627892,overdamped
-0.35749999999999993,0.06541666666666646,0.49078882637688925,0.6180916197826669,7.063429361677469,0.8490156063275842,overdamped
-0.32499999999999996,0.06541666666666646,0.4655229639262781,0.5991422229447085,6.763137279948736,0.8301482029390375,overdamped
-0.2925,0.06541666666666646,0.4408781201220726,0.5806585900915544,6.502219041794499,0.8130615955877192,overdamped
-0.26,0.06541666666666646,0.41690881245905725,0.562681609344293,6.2770992155153875,0.7977589931417607,overdamped
-0.2274999999999998,0.06541666666666646,0.3936709337771407,0.5452532003328555,6.085756647502708,0.7843145821398346,overdamped
-0.19499999999999984,0.06541666666666646,0.37122050830485176,0.5284153812286388,5.927776938790351,0.772891852853334,overdamped
-0.16249999999999987,0.06541666666666646,0.3496121231967478,0.5122090923975609,5.804578904648531,0.7637707191614377,overdamped
-0.1299999999999999,0.06541666666666646,0.32889707589639267,0.4966728069222945,5.71987820511067,0.7573867813434598,overdamped
-0.09749999999999992,0.06541666666666646,0.30912132938683257,0.4818409970401244,5.680523379794179,0.7543883516414674,overdamped
-0.06499999999999995,0.06541666666666646,0.2903234214858426,0.467742566114382,5.697983838158622,0.7557212130662376,overdamped
-0.03249999999999997,0.06541666666666646,0.27253251826191044,0.4543993886964328,5.791086597630496,0.7627600592507414,overdamped
2.220446049250313e-16,0.06541666666666646,0.2557668208870465,0.4418251156652849,5.991361890681815,0.7775255526698941,overdamped
0.032500000000000195,0.06541666666666646,0.27253251826191055,0.4543993886964329,5.791086597630495,0.7627600592507413,overdamped
0.06500000000000017,0.06541666666666646,0.2903234214858427,0.46774256611438203,5.697983838158624,0.7557212130662377,overdamped
0.09749999999999992,0.06541666666666646,0.30912132938683257,0.4818409970401244,5.680523379794179,0.7543883516414674,overdamped
0.13000000000000012,0.06541666666666646,0.32889707589639283,0.49667280692229465,5.7198782051106685,0.7573867813434597,overdamped
0.1625000000000003,0.06541666666666646,0.34961212319674806,0.5122090923975611,5.804578904648531,0.7637707191614377,overdamped
0.19500000000000006,0.06541666666666646,0.37122050830485187,0.528415381228639,5.927776938790353,0.7728918528533342,overdamped
0.22750000000000026,0.06541666666666646,0.393670933777141,0.5452532003328557,6.08575664750271,0.7843145821398348,overdamped
0.26,0.06541666666666646,0.41690881245905725,0.562681609344293,6.2770992155153875,0.7977589931417607,overdamped
0.2925000000000002,0.06541666666666646,0.44087812012207284,0.5806585900915546,6.502219041794494,0.8130615955877188,overdamped
0.32499999999999996,0.06541666666666646,0.4655229639262781,0.5991422229447085,6.763137279948736,0.8301482029390375,overdamped
0.35750000000000015,0.06541666666666646,0.4907888263768894,0.6180916197826671,7.063429361677467,0.8490156063275841,overdamped
0.3899999999999999,0.06541666666666646,0.5166234858754355,0.6374676144065766,7.408324253286744,0.869719982627892,overdamped
0.4225000000000001,0.06541666666666646,0.5429776430547604,0.6572332322910703,7.804962030541449,0.8923707946544979,overdamped
0.4550000000000003,0.06541666666666646,0.5698052974563301,0.6773539730922475,8.26284383774315,0.9171295449569395,overdamped
0.48750000000000004,0.06541666666666646,0.5970639243883072,0.6977979432912305,8.79454317352034,0.9442132852520341,overdamped
0.5200000000000002,0.06541666666666646,0.6247145002144372,0.718535875160828,9.416800724065217,0.9739033800879048,overdamped
0.5525,0.06541666666666646,0.6527214187912098,0.7395410640934074,10.152215189059053,1.0065608146058025,overdamped
0.5850000000000002,0.06541666666666646,0.6810523345273665,0.7607892508955248,11.03190573817432,1.0426505423659767,overdamped
0.6174999999999999,0.06541666666666646,0.7096779600709664,0.7822584700532248,12.099833705776263,1.0827794016255392,overdamped
0.6500000000000001,0.06541666666666646,0.7385718397892518,0.8039288798419388,13.420102445056909,1.1277558311200893,overdamped
0.6825000000000003,0.06541666666666646,0.7677101143913305,0.825782585793498,15.089917095669968,1.1786868537588924,overdamped
0.7150000000000001,0.06541666666666646,0.797071287354698,0.8478034655160235,17.26406341839622,1.2371430226938482,overdamped
0.7475000000000003,0.06541666666666646,0.8266360001884212,0.8699770001413158,20.204909345071833,1.3054569062004246,overdamped
0.78,0.06541666666666646,0.8563868208543918,0.8922901156407939,24.395487665623694,1.3873095040786407,overdamped
0.8125000000000002,0.06541666666666646,0.8863080477053443,0.9147310357790083,30.833207489854388,1.489018705481856,overdamped
0.845,0.06541666666666646,0.9163855299223358,0.9372891474417518,41.96290489583107,1.6228655447398777,overdamped
0.8775000000000002,0.06541666666666646,0.9466065045036508,0.9666065045036508,44.136761464872514,1.6448004636345575,overdamped
0.9100000000000004,0.06541666666666646,0.9769594492550804,0.9969594492550804,44.45878240315309,1.6479575644620987,overdamped
-0.9099999999999999,0.0814999999999999,0.9921452317576689,0.999,125.10784302184194,2.0972845365066757,overdamped
-0.8775,0.0814999999999999,0.9622015856313743,0.9822015856313743,42.94311464613275,1.6328935404396085,overdamped
-0.845,0.0814999999999999,0.9324080799516712,0.9524080799516712,42.55698294561335,1.6289708313049245,overdamped
-0.8125,0.0814999999999999,0.9027770007763927,0.9270827505822945,34.832229461750565,1.5419812726766882,overdamped
-0.78,0.0814999999999999,0.8733218389437829,0.9049913792078372,26.666016267716355,1.4259581397177863,overdamped
-0.7474999999999998,0.0814999999999999,0.8440574127631838,0.8830430595723878,21.61231014982526,1.334701191302434,overdamped
-0.7149999999999999,0.0814999999999999,0.8149999999999997,0.8612499999999998,18.18002389220979,1.2595944496366667,overdamped
-0.6824999999999999,0.0814999999999999,0.786167478303561,0.8396256087276708,15.699426283301326,1.1958837819284045,overdamped
-0.6499999999999999,0.0814999999999999,0.7575794724671985,0.8181846043503989,13.825048677359833,1.140666669110302,overdamped
-0.6174999999999999,0.0814999999999999,0.7292575058783135,0.7969431294087351,12.360631235666302,1.0920406499733923,overdamped
-0.585,0.0814999999999999,0.7012251521499502,0.7759188641124626,11.186427679083833,1.0486914192399956,overdamped
-0.5525,0.0814999999999999,0.6735081811618231,0.7551311358713673,10.225245443653062,1.0096737414759367,overdamped
-0.5199999999999998,0.0814999999999999,0.6461346915261561,0.734601018644617,9.425109321648431,0.9742863962797741,overdamped
-0.4874999999999998,0.0814999999999999,0.6191352188086257,0.7143514141064693,8.749776289713871,0.9419969493211907,overdamped
-0.45499999999999985,0.0814999999999999,0.5925428057091384,0.6944071042818538,8.17325086688834,0.9123948292055057,overdamped
-0.4224999999999999,0.0814999999999999,0.5663930169664044,0.6747947627248033,7.676469910248318,0.8851615519390736,overdamped
-0.3899999999999999,0.0814999999999999,0.5407238782612503,0.6555429086959378,7.24522800072407,0.8600520568739002,overdamped
-0.35749999999999993,0.0814999999999999,0.5155757153187681,0.6366817864890761,6.868846984202616,0.8368838418012944,overdamped
-0.32499999999999996,0.0814999999999999,0.4909908674529626,0.6182431505897219,6.539313411290781,0.8155321524005902,overdamped
-0.2925,0.0814999999999999,0.4670132499211839,0.6002599374408879,6.250726279017217,0.7959304814471704,overdamped
-0.26,0.0814999999999999,0.4436877428271623,0.5827658071203717,5.9989656390407005,0.7780763743865708,overdamped
-0.2274999999999998,0.0814999999999999,0.42105939214413834,0.5657945441081038,5.781535683689521,0.7620432104566455,overdamped
-0.19499999999999984,0.0814999999999999,0.39917242167622785,0.549379316257171,5.597568143667824,0.7479993892968515,overdamped
-0.16249999999999987,0.0814999999999999,0.3780690736795731,0.5335518052596798,5.448003637058632,0.7362373888375421,overdamped
-0.1299999999999999,0.0814999999999999,0.3577883194391468,0.5183412395793601,5.336011684339967,0.7272167718902798,overdamped
-0.09749999999999992,0.0814999999999999,0.3383645067153921,0.503773380036544,5.267784341014249,0.7216279869760347,overdamped
-0.06499999999999995,0.0814999999999999,0.3198260343233795,0.4898695257425346,5.253987015237186,0.7204889951310931,overdamped
-0.03249999999999997,0.0814999999999999,0.30219415975850933,0.476645619818882,5.312480735939216,0.7252973682272214,overdamped
2.220446049250313e-16,0.0814999999999999,0.2854820484724039,0.4641115363543029,5.473742747389176,0.7382843827681752,overdamped
0.032500000000000195,0.0814999999999999,0.30219415975850944,0.4766456198188821,5.312480735939215,0.7252973682272212,overdamped
0.06500000000000017,0.0814999999999999,0.31982603432337964,0.48986952574253473,5.253987015237184,0.720488995131093,overdamped
0.09749999999999992,0.0814999999999999,0.3383645067153921,0.503773380036544,5.267784341014249,0.7216279869760347,overdamped
0.13000000000000012,0.0814999999999999,0.3577883194391469,0.5183412395793602,5.336011684339969,0.7272167718902799,overdamped
0.1625000000000003,0.0814999999999999,0.3780690736795734,0.53355180525968,5.448003637058631,0.736237388837542,overdamped
0.19500000000000006,0.0814999999999999,0.399172421676228,0.549379316257171,5.597568143667832,0.7479993892968521,overdamped
0.22750000000000026,0.0814999999999999,0.4210593921441386,0.565794544108104,5.781535683689524,0.7620432104566458,overdamped
0.26,0.0814999999999999,0.4436877428271623,0.5827658071203717,5.9989656390407005,0.7780763743865708,overdamped
0.2925000000000002,0.0814999999999999,0.4670132499211841,0.6002599374408881,6.250726279017211,0.7959304814471699,overdamped
0.32499999999999996,0.0814999999999999,0.4909908674529626,0.6182431505897219,6.539313411290781,0.8155321524005902,overdamped
0.35750000000000015,0.0814999999999999,0.5155757153187683,0.6366817864890763,6.86884698420262,0.8368838418012947,overdamped
0.3899999999999999,0.0814999999999999,0.5407238782612503,0.6555429086959378,7.24522800072407,0.8600520568739002,overdamped
0.4225000000000001,0.0814999999999999,0.5663930169664046,0.6747947627248034,7.676469910248322,0.8851615519390739,overdamped
0.4550000000000003,0.0814999999999999,0.5925428057091389,0.6944071042818541,8.173250866888345,0.912394829205506,overdamped
0.48750000000000004,0.0814999999999999,0.6191352188086259,0.7143514141064694,8.749776289713873,0.9419969493211908,overdamped
0.5200000000000002,0.0814999999999999,0.6461346915261565,0.7346010186446175,9.425109321648431,0.9742863962797741,overdamped
0.5525,0.0814999999999999,0.6735081811618231,0.7551311358713673,10.225245443653062,1.0096737414759367,overdamped
0.5850000000000002,0.0814999999999999,0.7012251521499503,0.7759188641124627,11.18642767908385,1.0486914192399963,overdamped
0.6174999999999999,0.0814999999999999,0.7292575058783135,0.7969431294087351,12.360631235666302,1.0920406499733923,overdamped
0.6500000000000001,0.0814999999999999,0.7575794724671987,0.8181846043503991,13.825048677359815,1.1406666691103016,overdamped
0.6825000000000003,0.0814999999999999,0.7861674783035615,0.8396256087276711,15.699426283301337,1.195883781928405,overdamped
0.7150000000000001,0.0814999999999999,0.815,0.86125,18.18002389220982,1.2595944496366673,overdamped
0.7475000000000003,0.0814999999999999,0.8440574127631841,0.8830430595723882,21.61231014982532,1.3347011913024351,overdamped
0.78,0.0814999999999999,0.8733218389437829,0.9049913792078372,26.666016267716355,1.4259581397177863,overdamped
0.8125000000000002,0.0814999999999999,0.9027770007763929,0.9270827505822947,34.832229461750465,1.541981272676687,overdamped
0.845,0.0814999999999999,0.9324080799516712,0.9524080799516712,42.55698294561335,1.6289708313049245,overdamped
0.8775000000000002,0.0814999999999999,0.9622015856313745,0.9822015856313745,42.94311464613275,1.6328935404396085,overdamped
0.9100000000000004,0.0814999999999999,0.9921452317576693,0.999,125.10784302184938,2.0972845365067014,overdamped
-0.8775,0.09758333333333313,0.9773452987478939,0.9973452987478939,41.8764033717975,1.6219693744667556,overdamped
-0.845,0.09758333333333313,0.9479422740257327,0.9679422740257327,41.42629431252773,1.6172760862888953,overdamped
-0.8125,0.09758333333333313,0.9187169704803746,0.939037727860281,40.342356030477546,1.6057612578122147,overdamped
-0.78,0.09758333333333313,0.8896832329919957,0.9172624247439968,29.598611802405163,1.4712713427922857,overdamped
-0.7474999999999998,0.09758333333333313,0.8608561443190108,0.895642108239258,23.369315469908468,1.368645991297,overdamped
-0.7149999999999999,0.09758333333333313,0.8322521283083764,0.8741890962312823,19.305900950709663,1.2856900737037418,overdamped
-0.6824999999999999,0.09758333333333313,0.8038890556722735,0.8529167917542051,16.448101032164857,1.2161157649694212,overdamped
-0.6499999999999999,0.09758333333333313,0.7757863499855925,0.8318397624891943,14.330195995136895,1.1562521303153024,overdamped
-0.6174999999999999,0.09758333333333313,0.74796509062569,0.8109738179692676,12.698957845178631,1.1037680815339599,overdamped
-0.585,0.09758333333333313,0.7204481082249728,0.7903360811687297,11.404874581913173,1.0570905137527349,overdamped
-0.5525,0.09758333333333313,0.6932600668249307,0.769945050118698,10.353997006897716,1.015108035101314,overdamped
-0.5199999999999998,0.09758333333333313,0.6664275253145793,0.7498206439859345,9.484345366808391,0.9770073601699389,overdamped
-0.4874999999999998,0.09758333333333313,0.6399789689476691,0.7299842267107519,8.753411751247159,0.9421773577018911,overdamped
-0.45499999999999985,0.09758333333333313,0.6139447998528806,0.7104585998896604,8.131119076682934,0.910150321163843,overdamped
-0.4224999999999999,0.09758333333333313,0.5883572736415105,0.6912679552311328,7.595653548419504,0.8805651475551027,overdamped
-0.3899999999999999,0.09758333333333313,0.5632503677300718,0.6724377757975538,7.130899475713418,0.8531443142418862,overdamped
-0.35749999999999993,0.09758333333333313,0.5386595661875815,0.6539946746406862,6.72481363362936,0.8276802531342379,overdamped
-0.32499999999999996,0.09758333333333313,0.514621546249776,0.6359661596873319,6.368377412376078,0.8040287933061441,overdamped
-0.2925,0.09758333333333313,0.49117375365192395,0.618380315238943,6.054923059678562,0.7821086289044489,overdamped
-0.26,0.09758333333333313,0.46835385816232855,0.6012653936217465,5.7797186928036774,0.7619067011997448,overdamped
-0.2274999999999998,0.09758333333333313,0.44619908758084004,0.58464931568563,5.539750679862185,0.743490219458283,overdamped
-0.19499999999999984,0.09758333333333313,0.4247454481476145,0.5685590861107108,5.333680377069876,0.7270269868630631,overdamped
-0.16249999999999987,0.09758333333333313,0.40402685145210315,0.5530201385890774,5.161987778827421,0.7128169720028721,overdamped
-0.1299999999999999,0.09758333333333313,0.3840741815523987,0.538055636164299,5.027360426347745,0.7013400222009681,overdamped
-0.09749999999999992,0.09758333333333313,0.36491434940285894,0.5236857620521442,4.935463121179868,0.693327911116288,overdamped
-0.06499999999999995,0.09758333333333313,0.3465693925445985,0.5099270444084489,4.896378540853558,0.689874985904022,overdamped
-0.03249999999999997,0.09758333333333313,0.3290556838251714,0.49679176286887855,4.927357096786221,0.692614037725272,overdamped
2.220446049250313e-16,0.09758333333333313,0.31238331154742116,0.48428748366056584,5.058388021350302,0.7040121403638318,overdamped
0.032500000000000195,0.09758333333333313,0.32905568382517153,0.49679176286887866,4.927357096786221,0.692614037725272,overdamped
0.06500000000000017,0.09758333333333313,0.3465693925445986,0.5099270444084489,4.896378540853559,0.6898749859040221,overdamped
0.09749999999999992,0.09758333333333313,0.36491434940285894,0.5236857620521442,4.935463121179868,0.693327911116288,overdamped
0.13000000000000012,0.09758333333333313,0.3840741815523988,0.5380556361642991,5.027360426347745,0.7013400222009681,overdamped
0.1625000000000003,0.09758333333333313,0.4040268514521035,0.5530201385890776,5.16198777882742,0.712816972002872,overdamped
0.19500000000000006,0.09758333333333313,0.4247454481476146,0.5685590861107109,5.333680377069878,0.7270269868630633,overdamped
0.22750000000000026,0.09758333333333313,0.44619908758084037,0.5846493156856303,5.539750679862187,0.7434902194582831,overdamped
0.26,0.09758333333333313,0.46835385816232855,0.6012653936217465,5.7797186928036774,0.7619067011997448,overdamped
0.2925000000000002,0.09758333333333313,0.49117375365192406,0.6183803152389431,6.054923059678567,0.7821086289044492,overdamped
0.32499999999999996,0.09758333333333313,0.514621546249776,0.6359661596873319,6.368377412376078,0.8040287933061441,overdamped
0.35750000000000015,0.09758333333333313,0.5386595661875816,0.6539946746406862,6.72481363362937,0.8276802531342385,overdamped
0.3899999999999999,0.09758333333333313,0.5632503677300718,0.6724377757975538,7.130899475713418,0.8531443142418862,overdamped
0.4225000000000001,0.09758333333333313,0.5883572736415106,0.6912679552311329,7.59565354841951,0.8805651475551032,overdamped
0.4550000000000003,0.09758333333333313,0.6139447998528811,0.7104585998896609,8.131119076682925,0.9101503211638424,overdamped
0.48750000000000004,0.09758333333333313,0.6399789689476694,0.729984226710752,8.753411751247175,0.9421773577018919,overdamped
0.5200000000000002,0.09758333333333313,0.6664275253145796,0.7498206439859347,9.484345366808405,0.9770073601699396,overdamped
0.5525,0.09758333333333313,0.6932600668249307,0.769945050118698,10.353997006897716,1.015108035101314,overdamped
0.5850000000000002,0.09758333333333313,0.720448108224973,0.7903360811687297,11.404874581913205,1.0570905137527362,overdamped
0.6174999999999999,0.09758333333333313,0.74796509062569,0.8109738179692676,12.698957845178631,1.1037680815339599,overdamped
0.6500000000000001,0.09758333333333313,0.7757863499855926,0.8318397624891944,14.33019599513691,1.1562521303153028,overdamped
0.6825000000000003,0.09758333333333313,0.803889055672274,0.8529167917542055,16.44810103216483,1.2161157649694205,overdamped
0.7150000000000001,0.09758333333333313,0.8322521283083766,0.8741890962312824,19.305900950709717,1.285690073703743,overdamped
0.7475000000000003,0.09758333333333313,0.8608561443190111,0.8956421082392584,23.369315469908482,1.3686459912970002,overdamped
0.78,0.09758333333333313,0.8896832329919957,0.9172624247439968,29.598611802405163,1.4712713427922857,overdamped
0.8125000000000002,0.09758333333333313,0.9187169704803747,0.9390377278602811,40.342356030477724,1.6057612578122167,overdamped
0.845,0.09758333333333313,0.9479422740257327,0.9679422740257327,41.42629431252773,1.6172760862888953,overdamped
0.8775000000000002,0.09758333333333313,0.9773452987478941,0.9973452987478941,41.87640337179753,1.621969374466756,overdamped
-0.8775,0.11366666666666658,0.9920747050030085,0.999,116.75629957442844,2.0672803221855114,overdamped
-0.845,0.11366666666666658,0.9630302180883753,0.9830302180883753,40.41572836993009,1.6065504100352501,overdamped
-0.8125,0.11366666666666658,0.9341758746894933,0.9541758746894933,39.91019174089988,1.6010838142739943,overdamped
-0.78,0.11366666666666658,0.905525621736366,0.9291442163022745,33.48394183191066,1.5248365788038225,overdamped
-0.7474999999999998,0.11366666666666658,0.8770945431974667,0.9078209073981001,25.588724862573596,1.4080486446622602,overdamped
-0.7149999999999999,0.11366666666666658,0.8488989384061248,0.8866742038045936,20.69258216455988,1.3158146883384036,overdamped
-0.6824999999999999,0.11366666666666658,0.8209563989219515,0.8657172991914637,17.360800578358592,1.2395697484180483,overdamped
-0.6499999999999999,0.11366666666666658,0.7932858813445762,0.8449644110084322,14.947843203183039,1.1745785336283938,overdamped
-0.6174999999999999,0.11366666666666658,0.7659077727291383,0.8244308295468538,13.120326951676677,1.117944657565542,overdamped
-0.585,0.11366666666666658,0.7388439443598026,0.804132958269852,11.688696265449535,1.0677660734974561,overdamped
-0.5525,0.11366666666666658,0.7121177886316751,0.7840883414737563,10.537224713812583,1.022726241788545,overdamped
-0.5199999999999998,0.11366666666666658,0.6857542327055204,0.7643156745291403,9.591282592773364,0.9818766870161731,overdamped
-0.4874999999999998,0.11366666666666658,0.6597797214943502,0.7448347911207627,8.800615509163457,0.9445130474780338,overdamped
-0.45499999999999985,0.11366666666666658,0.6342221615140569,0.7256666211355427,8.130191777181526,0.9101007899716053,overdamped
-0.4224999999999999,0.11366666666666658,0.609110816324838,0.7068331122436284,7.554909609987597,0.8782292726302471,overdamped
-0.3899999999999999,0.11366666666666658,0.5844761438992978,0.6883571079244734,7.05639929045501,0.8485831476247486,overdamped
-0.35749999999999993,0.11366666666666658,0.5603495665179228,0.6702621748884421,6.621024951013981,0.8209252245022618,overdamped
-0.32499999999999996,0.11366666666666658,0.5367631649877751,0.6525723737408313,6.238607894196036,0.7950876904326806,overdamped
-0.2925,0.11366666666666658,0.5137492913825368,0.6353119685369026,5.901606578865441,0.7709702545840099,overdamped
-0.26,0.11366666666666658,0.4913400983376556,0.6185050737532417,5.604604382812392,0.748544962082573,overdamped
-0.2274999999999998,0.11366666666666658,0.46956698830531757,0.6021752412289882,5.344024725154828,0.7278684588188113,overdamped
-0.19499999999999984,0.11366666666666658,0.4484599929716584,0.5863449947287438,5.118039613310428,0.7091036429766356,overdamped
-0.16249999999999987,0.11366666666666658,0.42804710086254544,0.5710353256469091,4.926678137579884,0.6925541905194922,overdamped
-0.1299999999999999,0.11366666666666658,0.4083535592747897,0.5562651694560923,4.7721907742068135,0.6787177968024173,overdamped
-0.09749999999999992,0.11366666666666658,0.3894011840089016,0.5420508880066762,4.659806466479607,0.6683678797188926,overdamped
-0.06499999999999995,0.11366666666666658,0.37120771568812333,0.5284057867660925,4.599181534034535,0.6626805519253153,overdamped
-0.03249999999999997,0.11366666666666658,0.35378626348389086,0.5153396976129181,4.60720886229361,0.6634379009189479,overdamped
2.220446049250313e-16,0.11366666666666658,0.3371448748930742,0.5028586561698056,4.71380133228041,0.67337127481272,overdamped
0.032500000000000195,0.11366666666666658,0.353786263483891,0.5153396976129182,4.60720886229361,0.6634379009189479,overdamped
0.06500000000000017,0.11366666666666658,0.37120771568812344,0.5284057867660925,4.599181534034536,0.6626805519253155,overdamped
0.09749999999999992,0.11366666666666658,0.3894011840089016,0.5420508880066762,4.659806466479607,0.6683678797188926,overdamped
0.13000000000000012,0.11366666666666658,0.4083535592747899,0.5562651694560924,4.772190774206815,0.6787177968024175,overdamped
0.1625000000000003,0.11366666666666658,0.4280471008625457,0.5710353256469093,4.926678137579884,0.6925541905194922,overdamped
0.19500000000000006,0.11366666666666658,0.44845999297165856,0.5863449947287439,5.118039613310432,0.709103642976636,overdamped
0.22750000000000026,0.11366666666666658,0.46956698830531785,0.6021752412289884,5.344024725154836,0.727868458818812,overdamped
0.26,0.11366666666666658,0.4913400983376556,0.6185050737532417,5.604604382812392,0.748544962082573,overdamped
0.2925000000000002,0.11366666666666658,0.5137492913825368,0.6353119685369026,5.901606578865447,0.7709702545840104,overdamped
0.32499999999999996,0.11366666666666658,0.5367631649877751,0.6525723737408313,6.238607894196036,0.7950876904326806,overdamped
0.35750000000000015,0.11366666666666658,0.5603495665179229,0.6702621748884422,6.621024951013985,0.820925224502262,overdamped
0.3899999999999999,0.11366666666666658,0.5844761438992978,0.6883571079244734,7.05639929045501,0.8485831476247486,overdamped
0.4225000000000001,0.11366666666666658,0.6091108163248382,0.7068331122436287,7.554909609987591,0.8782292726302469,overdamped
0.4550000000000003,0.11366666666666658,0.6342221615140571,0.7256666211355428,8.130191777181539,0.9101007899716059,overdamped
0.48750000000000004,0.11366666666666658,0.6597797214943503,0.7448347911207627,8.800615509163473,0.9445130474780346,overdamped
0.5200000000000002,0.11366666666666658,0.6857542327055208,0.7643156745291406,9.591282592773366,0.9818766870161731,overdamped
0.5525,0.11366666666666658,0.7121177886316751,0.7840883414737563,10.537224713812583,1.022726241788545,overdamped
0.5850000000000002,0.11366666666666658,0.7388439443598027,0.804132958269852,11.688696265449568,1.0677660734974574,overdamped
0.6174999999999999,0.11366666666666658,0.7659077727291383,0.8244308295468538,13.120326951676677,1.117944657565542,overdamped
0.6500000000000001,0.11366666666666658,0.7932858813445764,0.8449644110084323,14.94784320318307,1.1745785336283947,overdamped
0.6825000000000003,0.11366666666666658,0.8209563989219519,0.8657172991914639,17.360800578358642,1.2395697484180497,overdamped
0.7150000000000001,0.11366666666666658,0.848898938406125,0.8866742038045937,20.692582164559926,1.3158146883384045,overdamped
0.7475000000000003,0.11366666666666658,0.877094543197467,0.9078209073981003,25.588724862573695,1.4080486446622618,overdamped
0.78,0.11366666666666658,0.905525621736366,0.9291442163022745,33.48394183191066,1.5248365788038225,overdamped
0.8125000000000002,0.11366666666666658,0.9341758746894935,0.9541758746894935,39.91019174089982,1.6010838142739936,overdamped
0.845,0.11366666666666658,0.9630302180883753,0.9830302180883753,40.41572836993009,1.6065504100352501,overdamped
0.8775000000000002,0.11366666666666658,0.9920747050030089,0.999,116.75629957443228,2.0672803221855256,overdamped
-0.845,0.1297499999999998,0.9777082942464024,0.9977082942464024,39.50858057303871,1.596691427039831,overdamped
-0.8125,0.1297499999999998,0.9491948061267369,0.9691948061267369,38.9561213952894,1.5905757105146978,overdamped
-0.78,0.1297499999999998,0.9208954699373502,0.9408954699373502,38.39644069307976,1.5842909676227646,overdamped
-0.7474999999999998,0.1297499999999998,0.8928251992727062,0.9196188994545297,28.444332461991117,1.4539957461025421,overdamped
-0.7149999999999999,0.1297499999999998,0.8649999999999998,0.8987499999999998,22.413854312835124,1.3505165447485408,overdamped
-0.6824999999999999,0.1297499999999998,0.8374370237118256,0.8780777677838691,18.47273501166003,1.2665312003962057,overdamped
-0.6499999999999999,0.1297499999999998,0.8101546145302545,0.8576159608976909,15.695794079347628,1.1957832923555936,overdamped
-0.6174999999999999,0.1297499999999998,0.7831723461221023,0.8373792595915768,13.633696763234871,1.1346136303168055,overdamped
-0.585,0.1297499999999998,0.7565110451271606,0.8173832838453705,12.041885318499025,1.0806944868654647,overdamped
-0.5525,0.1297499999999998,0.7301927965063437,0.7976445973797578,10.775866872947214,1.0324522173937012,overdamped
-0.5199999999999998,0.1297499999999998,0.7042409256248232,0.7781806942186174,9.744804810949402,0.9887731445950906,overdamped
-0.4874999999999998,0.1297499999999998,0.6786799512565209,0.7590099634423907,8.888760988283469,0.9488412285233544,overdamped
-0.45499999999999985,0.1297499999999998,0.6535355032154007,0.7401516274115505,8.166633809539507,0.9120430823349448,overdamped
-0.4224999999999999,0.1297499999999998,0.6288341980966231,0.7216256485724674,7.549360808341466,0.8779101822037975,overdamped
-0.3899999999999999,0.1297499999999998,0.6046034667822036,0.7034526000866527,7.0158960724359085,0.8460831471336543,overdamped
-0.35749999999999993,0.1297499999999998,0.58087132808395,0.6856534960629626,6.5507370621194205,0.8162901677783976,overdamped
-0.32499999999999996,0.1297499999999998,0.5576661043156407,0.6682495782367305,6.142362331985841,0.7883354314722008,overdamped
-0.2925,0.1297499999999998,0.5350160768379872,0.6512620576284904,5.782232958607653,0.7620955848441049,overdamped
-0.26,0.1297499999999998,0.512949082777332,0.634711812082999,5.464164597150005,0.7375237731327224,overdamped
-0.2274999999999998,0.1297499999999998,0.49149205815609115,0.6186190436170684,5.183965212859339,0.7146620785272898,overdamped
-0.19499999999999984,0.1297499999999998,0.4706705374222351,0.6030029030666764,4.939290742368861,0.6936645908690025,overdamped
-0.16249999999999987,0.1297499999999998,0.4505081244874644,0.5878810933655982,4.729717792299289,0.674835228496052,overdamped
-0.1299999999999999,0.1297499999999998,0.4310259553638236,0.5732694665228677,4.557086432356829,0.6586872657427848,overdamped
-0.09749999999999992,0.1297499999999998,0.4122421766695947,0.559181632502196,4.426252224918663,0.6460361580705234,overdamped
-0.06499999999999995,0.1297499999999998,0.39417146694202987,0.5456286002065224,4.346557827086804,0.638145461901526,overdamped
-0.03249999999999997,0.1297499999999998,0.3768246281978251,0.5326184711483688,4.3347284408499664,0.6369618952760122,overdamped
2.220446049250313e-16,0.1297499999999998,0.36020827308655734,0.520156204814918,4.420923289101835,0.6455129791879796,overdamped
0.032500000000000195,0.1297499999999998,0.3768246281978252,0.5326184711483689,4.334728440849966,0.6369618952760121,overdamped
0.06500000000000017,0.1297499999999998,0.39417146694203,0.5456286002065225,4.346557827086805,0.6381454619015261,overdamped
0.09749999999999992,0.1297499999999998,0.4122421766695947,0.559181632502196,4.426252224918663,0.6460361580705234,overdamped
0.13000000000000012,0.1297499999999998,0.4310259553638237,0.5732694665228678,4.557086432356829,0.6586872657427848,overdamped
0.1625000000000003,0.1297499999999998,0.45050812448746463,0.5878810933655985,4.729717792299289,0.674835228496052,overdamped
0.19500000000000006,0.1297499999999998,0.4706705374222352,0.6030029030666764,4.939290742368864,0.6936645908690027,overdamped
0.22750000000000026,0.1297499999999998,0.4914920581560915,0.6186190436170687,5.183965212859339,0.7146620785272898,overdamped
0.26,0.1297499999999998,0.512949082777332,0.634711812082999,5.464164597150005,0.7375237731327224,overdamped
0.2925000000000002,0.1297499999999998,0.5350160768379875,0.6512620576284907,5.78223295860765,0.7620955848441047,overdamped
0.32499999999999996,0.1297499999999998,0.5576661043156407,0.6682495782367305,6.142362331985841,0.7883354314722008,overdamped
0.35750000000000015,0.1297499999999998,0.5808713280839503,0.6856534960629627,6.550737062119427,0.8162901677783979,overdamped
0.3899999999999999,0.1297499999999998,0.6046034667822036,0.7034526000866527,7.0158960724359085,0.8460831471336543,overdamped
0.4225000000000001,0.1297499999999998,0.6288341980966232,0.7216256485724675,7.549360808341468,0.8779101822037975,overdamped
0.4550000000000003,0.1297499999999998,0.6535355032154011,0.7401516274115508,8.1666338095395,0.9120430823349445,overdamped
0.48750000000000004,0.1297499999999998,0.6786799512565211,0.7590099634423908,8.888760988283481,0.948841228523355,overdamped
0.5200000000000002,0.1297499999999998,0.7042409256248234,0.7781806942186176,9.74480481094942,0.9887731445950914,overdamped
0.5525,0.1297499999999998,0.7301927965063437,0.7976445973797578,10.775866872947214,1.0324522173937012,overdamped
0.5850000000000002,0.1297499999999998,0.7565110451271607,0.8173832838453705,12.041885318499064,1.080694486865466,overdamped
0.6174999999999999,0.1297499999999998,0.7831723461221023,0.8373792595915768,13.633696763234871,1.1346136303168055,overdamped
0.6500000000000001,0.1297499999999998,0.8101546145302546,0.857615960897691,15.695794079347653,1.1957832923555942,overdamped
0.6825000000000003,0.1297499999999998,0.8374370237118259,0.8780777677838695,18.472735011660067,1.2665312003962066,overdamped
0.7150000000000001,0.1297499999999998,0.8649999999999999,0.8987499999999999,22.41385431283517,1.3505165447485417,overdamped
0.7475000000000003,0.1297499999999998,0.8928251992727066,0.91961889945453,28.444332461991156,1.4539957461025428,overdamped
0.78,0.1297499999999998,0.9208954699373502,0.9408954699373502,38.39644069307976,1.5842909676227646,overdamped
0.8125000000000002,0.1297499999999998,0.949194806126737,0.969194806126737,38.95612139528954,1.5905757105146994,overdamped
0.845,0.1297499999999998,0.9777082942464024,0.9977082942464024,39.50858057303871,1.596691427039831,overdamped
-0.845,0.14583333333333326,0.9920081942635534,0.999,109.19820303477289,2.038215491679126,overdamped
-0.8125,0.14583333333333326,0.9638093204613598,0.9838093204613598,38.09953936188426,1.5809197249196831,overdamped
-0.78,0.14583333333333326,0.9358326972006471,0.9558326972006471,37.49880891091675,1.5740174732842105,overdamped
-0.7474999999999998,0.14583333333333326,0.9080929571289708,0.9310697178467281,32.216393038214655,1.5080769150003737,overdamped
-0.7149999999999999,0.14583333333333326,0.8806057095208704,0.9104542821406527,24.579129593142056,1.390566499397119,overdamped
-0.6824999999999999,0.14583333333333326,0.8533875751039297,0.8900406813279473,19.833790991698915,1.29740573233038,overdamped
-0.6499999999999999,0.14583333333333326,0.8264562127776793,0.8698421595832595,16.598964409643997,1.220080993750503,overdamped
-0.6174999999999999,0.14583333333333326,0.7998303354170611,0.8498727515627957,14.252022901370248,1.153876511541084,overdamped
-0.585,0.14583333333333326,0.7735297114870694,0.8301472836153021,12.471043829840367,1.0959028055689424,overdamped
-0.5525,0.14583333333333326,0.747575148738462,0.8106813615538465,11.072839581147852,1.0442590080768885,overdamped
-0.5199999999999998,0.14583333333333326,0.7219884558442269,0.7914913418831702,9.945509378368952,0.9976270312562946,overdamped
-0.4874999999999998,0.14583333333333326,0.6967923775248108,0.7725942831436081,9.016867985455596,0.9550557112844514,overdamped
-0.45499999999999985,0.14583333333333326,0.6720104985636821,0.7540078739227616,8.238306065929883,0.9158379226380332,overdamped
-0.4224999999999999,0.14583333333333326,0.6476671122141445,0.7357503341606084,7.575952358928161,0.8794372349604141,overdamped
-0.3899999999999999,0.14583333333333326,0.6237870489337722,0.7178402867003292,7.005562960039683,0.8454430404947412,overdamped
-0.35749999999999993,0.14583333333333326,0.6003954622468185,0.7002965966851139,6.509436117338718,0.8135433692540862,overdamped
-0.32499999999999996,0.14583333333333326,0.5775175699091947,0.683138177431896,6.074489673804706,0.7835097981287656,overdamped
-0.2925,0.14583333333333326,0.5551783504886073,0.6663837628664555,5.691041784668096,0.7551917742894291,overdamped
-0.26,0.14583333333333326,0.5334021979778163,0.6500516484833623,5.352042956693256,0.7285195905183567,overdamped
-0.2274999999999998,0.14583333333333326,0.5122125400628434,0.6341594050471326,5.052622393181591,0.7035168425316426,overdamped
-0.19499999999999984,0.14583333333333326,0.49163142900983325,0.6187235717573749,4.789883173483042,0.6803249209865057,overdamped
-0.16249999999999987,0.14583333333333326,0.47167911755315234,0.6037593381648643,4.562936043236724,0.6592443814914789,overdamped
-0.1299999999999999,0.14583333333333326,0.45237363531006236,0.5892802264825467,4.3732214930618705,0.6408014738640733,overdamped
-0.09749999999999992,0.14583333333333326,0.43373038369939476,0.5752977877745461,4.2252621067644816,0.6258536548219812,overdamped
-0.06499999999999995,0.14583333333333326,0.41576176868210224,0.5618213265115767,4.128169150259994,0.6157574840453874,overdamped
-0.03249999999999997,0.14583333333333326,0.3984768905157423,0.5488576678868067,4.098649202261168,0.6126407492406916,overdamped
2.220446049250313e-16,0.14583333333333326,0.3818813079129867,0.53641098093474,4.167377500457901,0.6198628426555131,overdamped
0.032500000000000195,0.14583333333333326,0.3984768905157424,0.5488576678868068,4.098649202261167,0.6126407492406915,overdamped
0.06500000000000017,0.14583333333333326,0.41576176868210235,0.5618213265115768,4.128169150259997,0.6157574840453878,overdamped
0.09749999999999992,0.14583333333333326,0.43373038369939476,0.5752977877745461,4.2252621067644816,0.6258536548219812,overdamped
0.13000000000000012,0.14583333333333326,0.4523736353100625,0.589280226482547,4.3732214930618705,0.6408014738640733,overdamped
0.1625000000000003,0.14583333333333326,0.47167911755315256,0.6037593381648645,4.562936043236727,0.6592443814914792,overdamped
0.19500000000000006,0.14583333333333326,0.49163142900983337,0.618723571757375,4.789883173483042,0.6803249209865057,overdamped
0.22750000000000026,0.14583333333333326,0.5122125400628438,0.6341594050471329,5.052622393181594,0.7035168425316429,overdamped
0.26,0.14583333333333326,0.5334021979778163,0.6500516484833623,5.352042956693256,0.7285195905183567,overdamped
0.2925000000000002,0.14583333333333326,0.5551783504886074,0.6663837628664555,5.691041784668101,0.7551917742894295,overdamped
0.32499999999999996,0.14583333333333326,0.5775175699091947,0.683138177431896,6.074489673804706,0.7835097981287656,overdamped
0.35750000000000015,0.14583333333333326,0.6003954622468186,0.700296596685114,6.509436117338719,0.8135433692540863,overdamped
0.3899999999999999,0.14583333333333326,0.6237870489337722,0.7178402867003292,7.005562960039683,0.8454430404947412,overdamped
0.4225000000000001,0.14583333333333326,0.6476671122141446,0.7357503341606084,7.575952358928172,0.8794372349604148,overdamped
0.4550000000000003,0.14583333333333326,0.6720104985636823,0.7540078739227618,8.238306065929896,0.9158379226380339,overdamped
0.48750000000000004,0.14583333333333326,0.6967923775248108,0.7725942831436081,9.016867985455612,0.9550557112844521,overdamped
0.5200000000000002,0.14583333333333326,0.7219884558442271,0.7914913418831704,9.945509378368975,0.9976270312562956,overdamped
0.5525,0.14583333333333326,0.747575148738462,0.8106813615538465,11.072839581147852,1.0442590080768885,overdamped
0.5850000000000002,0.14583333333333326,0.7735297114870696,0.8301472836153022,12.471043829840378,1.0959028055689426,overdamped
0.6174999999999999,0.14583333333333326,0.7998303354170611,0.8498727515627957,14.252022901370248,1.153876511541084,overdamped
0.6500000000000001,0.14583333333333326,0.8264562127776794,0.8698421595832596,16.598964409644005,1.2200809937505033,overdamped
0.6825000000000003,0.14583333333333326,0.85338757510393,0.8900406813279476,19.83379099169898,1.2974057323303814,overdamped
0.7150000000000001,0.14583333333333326,0.8806057095208705,0.9104542821406528,24.579129593142113,1.3905664993971198,overdamped
0.7475000000000003,0.14583333333333326,0.9080929571289712,0.9310697178467284,32.21639303821473,1.5080769150003748,overdamped
0.78,0.14583333333333326,0.9358326972006471,0.9558326972006471,37.49880891091675,1.5740174732842105,overdamped
0.8125000000000002,0.14583333333333326,0.9638093204613599,0.9838093204613599,38.09953936188436,1.5809197249196842,overdamped
0.845,0.14583333333333326,0.9920081942635534,0.999,109.19820303477289,2.038215491679126,overdamped
-0.8125,0.1619166666666665,0.9780504277426404,0.9980504277426404,37.3276254512763,1.5720303637219664,overdamped
-0.78,0.1619166666666665,0.950371900318589,0.970371900318589,36.69265260162089,1.564579109101405,overdamped
-0.7474999999999998,0.1619166666666665,0.922936424783667,0.942936424783667,36.044758277650196,1.5568421174158396,overdamped
-0.7149999999999999,0.1619166666666665,0.8957591538159536,0.9218193653619652,27.356317165404857,1.4370576302410876,overdamped
-0.6824999999999999,0.1619166666666665,0.8688561307136854,0.9016420980352641,21.515716432999273,1.3327558118509677,overdamped
-0.6499999999999999,0.1619166666666665,0.8422443007580329,0.8816832255685247,17.692006623689156,1.2477770932925871,overdamped
-0.6174999999999999,0.1619166666666665,0.8159415113314362,0.8619561334985771,14.993271082302876,1.1758963932228714,overdamped
-0.585,0.1619166666666665,0.7899664980344572,0.8424748735258429,12.98572758487875,1.1134662879849986,overdamped
-0.5525,0.1619166666666665,0.7643388537619626,0.8232541403214719,11.433056827528535,1.0581623621396672,overdamped
-0.5199999999999998,0.1619166666666665,0.7390789774835318,0.8043092331126489,10.19553994562344,1.00841023052567,overdamped
-0.4874999999999998,0.1619166666666665,0.7142079993651573,0.785655999523868,9.185303805442842,0.9630935252412163,overdamped
-0.45499999999999985,0.1619166666666665,0.6897476789197177,0.7673107591897883,8.344355869628863,0.9213928175805524,overdamped
-0.4224999999999999,0.1619166666666665,0.6657202731385921,0.749290204853944,7.632936083623877,0.8826916257189906,overdamped
-0.3899999999999999,0.1619166666666665,0.6421483720943938,0.7316112790707954,7.022951679292256,0.8465196803073691,overdamped
-0.35749999999999993,0.1619166666666665,0.6190547003685816,0.7142910252764362,6.494094319237299,0.8125185919627314,overdamped
-0.32499999999999996,0.1619166666666665,0.5964618838868991,0.6973464129151743,6.031458205952347,0.780422322793234,overdamped
-0.2925,0.1619166666666665,0.5743921833534585,0.6807941375150939,5.624044968300237,0.7500487845236056,overdamped
-0.26,0.1619166666666665,0.5528671974351599,0.6646503980763699,5.26382402275362,0.7213013617562516,overdamped
-0.2274999999999998,0.1619166666666665,0.5319075410854938,0.6489306558141203,4.9451690384341465,0.6941811414750492,overdamped
-0.19499999999999984,0.1619166666666665,0.5115325067753334,0.6336493800815,4.664582004389417,0.6688127324725435,overdamped
-0.16249999999999987,0.1619166666666665,0.49175971872376717,0.6188197890428253,4.42068271515252,0.6454893454864432,overdamped
-0.1299999999999999,0.1619166666666665,0.472604792251841,0.6044535941888807,4.214509054403497,0.6247469912071112,overdamped
-0.09749999999999992,0.1619166666666665,0.45408101184916316,0.5905607588868724,4.050273479639412,0.6074843483229265,overdamped
-0.06499999999999995,0.1619166666666665,0.4361990421919112,0.5771492816439334,3.936915809699,0.5951561275730332,overdamped
-0.03249999999999997,0.1619166666666665,0.4189666859799411,0.5642250144849559,3.8912456552615287,0.590088648782895,overdamped
2.220446049250313e-16,0.1619166666666665,0.40238870096794044,0.5517915257259554,3.944692485780833,0.5960131528093263,overdamped
0.032500000000000195,0.1619166666666665,0.4189666859799412,0.5642250144849559,3.89124565526153,0.5900886487828951,overdamped
0.06500000000000017,0.1619166666666665,0.4361990421919113,0.5771492816439334,3.936915809699001,0.5951561275730333,overdamped
0.09749999999999992,0.1619166666666665,0.45408101184916316,0.5905607588868724,4.050273479639412,0.6074843483229265,overdamped
0.13000000000000012,0.1619166666666665,0.4726047922518411,0.6044535941888809,4.2145090544034955,0.6247469912071111,overdamped
0.1625000000000003,0.1619166666666665,0.49175971872376745,0.6188197890428255,4.420682715152521,0.6454893454864433,overdamped
0.19500000000000006,0.1619166666666665,0.5115325067753335,0.6336493800815001,4.66458200438942,0.6688127324725438,overdamped
0.22750000000000026,0.1619166666666665,0.5319075410854941,0.6489306558141206,4.945169038434152,0.6941811414750496,overdamped
0.26,0.1619166666666665,0.5528671974351599,0.6646503980763699,5.26382402275362,0.7213013617562516,overdamped
0.2925000000000002,0.1619166666666665,0.5743921833534587,0.680794137515094,5.624044968300236,0.7500487845236055,overdamped
0.32499999999999996,0.1619166666666665,0.5964618838868991,0.6973464129151743,6.031458205952347,0.780422322793234,overdamped
0.35750000000000015,0.1619166666666665,0.6190547003685818,0.7142910252764363,6.494094319237303,0.8125185919627316,overdamped
0.3899999999999999,0.1619166666666665,0.6421483720943938,0.7316112790707954,7.022951679292256,0.8465196803073691,overdamped
0.4225000000000001,0.1619166666666665,0.6657202731385922,0.7492902048539442,7.632936083623884,0.8826916257189911,overdamped
0.4550000000000003,0.1619166666666665,0.689747678919718,0.7673107591897885,8.344355869628878,0.9213928175805531,overdamped
0.48750000000000004,0.1619166666666665,0.7142079993651576,0.7856559995238681,9.185303805442858,0.9630935252412169,overdamped
0.5200000000000002,0.1619166666666665,0.7390789774835322,0.8043092331126491,10.19553994562346,1.0084102305256708,overdamped
0.5525,0.1619166666666665,0.7643388537619626,0.8232541403214719,11.433056827528535,1.0581623621396672,overdamped
0.5850000000000002,0.1619166666666665,0.7899664980344572,0.8424748735258429,12.985727584878804,1.1134662879850004,overdamped
0.6174999999999999,0.1619166666666665,0.8159415113314362,0.8619561334985771,14.993271082302876,1.1758963932228714,overdamped
0.6500000000000001,0.1619166666666665,0.8422443007580331,0.8816832255685249,17.692006623689167,1.2477770932925876,overdamped
0.6825000000000003,0.1619166666666665,0.8688561307136857,0.9016420980352643,21.51571643299938,1.33275581185097,overdamped
0.7150000000000001,0.1619166666666665,0.8957591538159537,0.9218193653619653,27.356317165405027,1.4370576302410905,overdamped
0.7475000000000003,0.1619166666666665,0.9229364247836674,0.9429364247836675,36.04475827765017,1.556842117415839,overdamped
0.78,0.1619166666666665,0.950371900318589,0.970371900318589,36.69265260162089,1.564579109101405,overdamped
0.8125000000000002,0.1619166666666665,0.9780504277426406,0.9980504277426406,37.32762545127619,1.572030363721965,overdamped
-0.8125,0.17799999999999994,0.9919453666369574,0.999,102.32297872073948,2.009973174386455,overdamped
-0.78,0.17799999999999994,0.964543296888929,0.984543296888929,35.966031934163304,1.5558925255539027,overdamped
-0.7474999999999998,0.17799999999999994,0.9373891243517432,0.9573891243517432,35.28856665882307,1.5476340186658417,overdamped
-0.7149999999999999,0.17799999999999994,0.910497513556797,0.9328731351675977,31.015450961279583,1.4915781001413673,overdamped
-0.6824999999999999,0.17799999999999994,0.8838839120438382,0.9129129340328787,23.624404140917015,1.3733608634638326,overdamped
-0.6499999999999999,0.17799999999999994,0.857564550078204,0.893173412558653,19.023542940573478,1.279291403045675,overdamped
-0.6174999999999999,0.17799999999999994,0.8315564292833437,0.8736673219625077,15.882056211296371,1.2009067287843895,overdamped
-0.585,0.17799999999999994,0.8058772979008713,0.8544079734256534,13.599096584524315,1.133510058268165,overdamped
-0.5525,0.17799999999999994,0.7805456102327284,0.8354092076745463,11.86364675245817,1.074218206821562,overdamped
-0.5199999999999998,0.17799999999999994,0.7555804677345546,0.816685350800916,10.498583042303341,1.0211306877904585,overdamped
-0.4874999999999998,0.17799999999999994,0.7310015392484663,0.7982511544363498,9.395649864687293,0.9729268241264775,overdamped
-0.45499999999999985,0.17799999999999994,0.7068289580236102,0.7801217185177076,8.484992426259126,0.928651459000738,overdamped
-0.4224999999999999,0.17799999999999994,0.6830831935122834,0.7623123951342126,7.719571035652531,0.8875931679490712,overdamped
-0.3899999999999999,0.17799999999999994,0.6597848964843844,0.7448386723632883,7.066624049763879,0.8492119871041561,overdamped
-0.35749999999999993,0.17799999999999994,0.6369547168024353,0.7277160376018265,6.502732804021953,0.8130959093019343,overdamped
-0.32499999999999996,0.17799999999999994,0.6146130942585051,0.7109598206938788,6.010847756691596,0.7789357282570768,overdamped
-0.2925,0.17799999999999994,0.5927800241865041,0.694585018139878,5.57844508530382,0.7465131622032328,overdamped
-0.26,0.17799999999999994,0.5714748010928823,0.6786061008196618,5.196374229398542,0.7157004202898029,overdamped
-0.2274999999999998,0.17799999999999994,0.5507157452249545,0.6630368089187159,4.858160459450209,0.686471854953045,overdamped
-0.19499999999999984,0.17799999999999994,0.5305199187104443,0.6478899390328332,4.559643721672507,0.658930909384484,overdamped
-0.16249999999999987,0.17799999999999994,0.5109028395111568,0.6331771296333676,4.298916013425533,0.633358960524743,overdamped
-0.1299999999999999,0.17799999999999994,0.4918782027698298,0.6189086520773723,4.076596984845936,0.6102977789260579,overdamped
-0.09749999999999992,0.17799999999999994,0.473457620016406,0.6050932150123045,3.89659707009545,0.5906854996389023,overdamped
-0.06499999999999995,0.17799999999999994,0.45565038697843574,0.5917377902338268,3.7677271529292105,0.5760794450052085,overdamped
-0.03249999999999997,0.17799999999999994,0.43846329029295134,0.5788474677197135,3.7070023193354005,0.5690228577517786,overdamped
2.220446049250313e-16,0.17799999999999994,0.4219004621945798,0.5664253466459348,3.7468268571188372,0.5736636245762523,overdamped
0.032500000000000195,0.17799999999999994,0.43846329029295145,0.5788474677197135,3.707002319335402,0.5690228577517789,overdamped
0.06500000000000017,0.17799999999999994,0.45565038697843585,0.5917377902338269,3.767727152929211,0.5760794450052086,overdamped
0.09749999999999992,0.17799999999999994,0.473457620016406,0.6050932150123045,3.89659707009545,0.5906854996389023,overdamped
0.13000000000000012,0.17799999999999994,0.4918782027698299,0.6189086520773724,4.076596984845936,0.6102977789260579,overdamped
0.1625000000000003,0.17799999999999994,0.510902839511157,0.6331771296333677,4.298916013425538,0.6333589605247436,overdamped
0.19500000000000006,0.17799999999999994,0.5305199187104446,0.6478899390328334,4.559643721672505,0.6589309093844837,overdamped
0.22750000000000026,0.17799999999999994,0.5507157452249548,0.6630368089187161,4.8581604594502155,0.6864718549530455,overdamped
0.26,0.17799999999999994,0.5714748010928823,0.6786061008196618,5.196374229398542,0.7157004202898029,overdamped
0.2925000000000002,0.17799999999999994,0.5927800241865042,0.6945850181398782,5.578445085303822,0.7465131622032329,overdamped
0.32499999999999996,0.17799999999999994,0.6146130942585051,0.7109598206938788,6.010847756691596,0.7789357282570768,overdamped
0.35750000000000015,0.17799999999999994,0.6369547168024354,0.7277160376018266,6.502732804021954,0.8130959093019343,overdamped
0.3899999999999999,0.17799999999999994,0.6597848964843844,0.7448386723632883,7.066624049763879,0.8492119871041561,overdamped
0.4225000000000001,0.17799999999999994,0.6830831935122835,0.7623123951342127,7.7195710356525415,0.8875931679490717,overdamped
0.4550000000000003,0.17799999999999994,0.7068289580236105,0.7801217185177078,8.484992426259131,0.9286514590007382,overdamped
0.48750000000000004,0.17799999999999994,0.7310015392484666,0.79825115443635,9.395649864687291,0.9729268241264774,overdamped
0.5200000000000002,0.17799999999999994,0.7555804677345548,0.8166853508009161,10.498583042303375,1.02113068779046,overdamped
0.5525,0.17799999999999994,0.7805456102327284,0.8354092076745463,11.86364675245817,1.074218206821562,overdamped
0.5850000000000002,0.17799999999999994,0.8058772979008715,0.8544079734256536,13.599096584524334,1.1335100582681656,overdamped
0.6174999999999999,0.17799999999999994,0.8315564292833437,0.8736673219625077,15.882056211296371,1.2009067287843895,overdamped
0.6500000000000001,0.17799999999999994,0.8575645500782042,0.8931734125586531,19.023542940573492,1.2792914030456752,overdamped
0.6825000000000003,0.17799999999999994,0.8838839120438385,0.9129129340328789,23.6244041409171,1.3733608634638341,overdamped
0.7150000000000001,0.17799999999999994,0.9104975135567972,0.9328731351675978,31.015450961279637,1.491578100141368,overdamped
0.7475000000000003,0.17799999999999994,0.9373891243517436,0.9573891243517436,35.28856665882295,1.5476340186658402,overdamped
0.78,0.17799999999999994,0.964543296888929,0.984543296888929,35.966031934163304,1.5558925255539027,overdamped
0.8125000000000002,0.17799999999999994,0.9919453666369576,0.999,102.32297872074172,2.0099731743864644,overdamped
-0.78,0.19408333333333316,0.9783734641648392,0.9983734641648392,35.30903814745683,1.5478858871201207,overdamped
-0.7474999999999998,0.19408333333333316,0.9514803833392641,0.9714803833392641,34.6067653495894,1.5391610082373761,overdamped
-0.7149999999999999,0.19408333333333316,0.924853138118873,0.9448531381188731,33.88766359618486,1.5300416271949262,overdamped
-0.6824999999999999,0.19408333333333316,0.8985065798923626,0.9238799349192719,26.32187838179302,1.420316878169099,overdamped
-0.6499999999999999,0.19408333333333316,0.8724562387381599,0.9043421790536199,20.663117981366096,1.3151958554184056,overdamped
-0.6174999999999999,0.19408333333333316,0.8467183037441268,0.8850387278080951,16.952226012945065,1.2292267339056966,overdamped
-0.585,0.19408333333333316,0.8213095908106558,0.8659821931079918,14.328963767234434,1.1562147845045212,overdamped
-0.5525,0.19408333333333316,0.7962474959875607,0.8471856219906706,12.374376402043763,1.092523322193467,overdamped
-0.5199999999999998,0.19408333333333316,0.7715499323950038,0.8286624492962529,10.860004816152193,1.0358300178520783,overdamped
-0.4874999999999998,0.19408333333333316,0.747235248873622,0.8104264366552165,9.650687478173134,0.9845582519284917,overdamped
-0.45499999999999985,0.19408333333333316,0.7233221287249422,0.7924915965437066,8.66138170874991,0.937587178463087,overdamped
-0.4224999999999999,0.19408333333333316,0.6998294672653909,0.7748721004490431,7.835954917593129,0.8940919287141157,overdamped
-0.3899999999999999,0.19408333333333316,0.6767762274472799,0.75758217058546,7.135932542399717,0.8534507359025344,overdamped
-0.35749999999999993,0.19408333333333316,0.6541812735120957,0.7406359551340718,6.5341568410756725,0.8151895547485707,overdamped
-0.32499999999999996,0.19408333333333316,0.6320631835369264,0.7240473876526947,6.011041530736495,0.7789497285521105,overdamped
-0.2925,0.19408333333333316,0.6104400427985646,0.7078300320989235,5.55228410422152,0.7444716803824799,overdamped
-0.26,0.19408333333333316,0.5893292210749641,0.6919969158062231,5.147446931660753,0.7115918778921665,overdamped
-0.2274999999999998,0.19408333333333316,0.5687471382693886,0.6765603537020415,4.7890949035521135,0.6802534433655586,overdamped
-0.19499999999999984,0.19408333333333316,0.5487090239936843,0.6615317679952633,4.4723307239836645,0.6505339116695805,overdamped
-0.16249999999999987,0.19408333333333316,0.5292286778780136,0.6469215084085103,4.194669607310101,0.6226977593547469,overdamped
-0.1299999999999999,0.19408333333333316,0.5103182382671219,0.6327386787003414,3.956285353653121,0.5972876082657876,overdamped
-0.09749999999999992,0.19408333333333316,0.49198796749977675,0.6189909756248326,3.7607813267828814,0.5752780818051464,overdamped
-0.06499999999999995,0.19408333333333316,0.47424606204620906,0.6056845465346568,3.616867414310369,0.5583325888587256,overdamped
-0.03249999999999997,0.19408333333333316,0.4570984953284214,0.5928238714963161,3.5418524727088605,0.5492304677454168,overdamped
2.220446049250313e-16,0.19408333333333316,0.4405489000478078,0.5804116750358559,3.569327997289352,0.5525864585378021,overdamped
0.032500000000000195,0.19408333333333316,0.4570984953284215,0.5928238714963161,3.5418524727088623,0.5492304677454171,overdamped
0.06500000000000017,0.19408333333333316,0.47424606204620917,0.6056845465346569,3.6168674143103705,0.5583325888587257,overdamped
0.09749999999999992,0.19408333333333316,0.49198796749977675,0.6189909756248326,3.7607813267828814,0.5752780818051464,overdamped
0.13000000000000012,0.19408333333333316,0.5103182382671221,0.6327386787003415,3.9562853536531213,0.5972876082657876,overdamped
0.1625000000000003,0.19408333333333316,0.5292286778780139,0.6469215084085104,4.194669607310106,0.6226977593547475,overdamped
0.19500000000000006,0.19408333333333316,0.5487090239936844,0.6615317679952633,4.472330723983668,0.6505339116695809,overdamped
0.22750000000000026,0.19408333333333316,0.5687471382693888,0.6765603537020416,4.789094903552123,0.6802534433655595,overdamped
0.26,0.19408333333333316,0.5893292210749641,0.6919969158062231,5.147446931660753,0.7115918778921665,overdamped
0.2925000000000002,0.19408333333333316,0.6104400427985647,0.7078300320989235,5.552284104221528,0.7444716803824806,overdamped
0.32499999999999996,0.19408333333333316,0.6320631835369264,0.7240473876526947,6.011041530736495,0.7789497285521105,overdamped
0.35750000000000015,0.19408333333333316,0.6541812735120959,0.7406359551340719,6.5341568410756805,0.8151895547485712,overdamped
0.3899999999999999,0.19408333333333316,0.6767762274472799,0.75758217058546,7.135932542399717,0.8534507359025344,overdamped
0.4225000000000001,0.19408333333333316,0.6998294672653911,0.7748721004490433,7.835954917593123,0.8940919287141154,overdamped
0.4550000000000003,0.19408333333333316,0.7233221287249425,0.7924915965437069,8.66138170874991,0.937587178463087,overdamped
0.48750000000000004,0.19408333333333316,0.7472352488736221,0.8104264366552166,9.650687478173145,0.9845582519284922,overdamped
0.5200000000000002,0.19408333333333316,0.7715499323950042,0.8286624492962532,10.860004816152195,1.0358300178520785,overdamped
0.5525,0.19408333333333316,0.7962474959875607,0.8471856219906706,12.374376402043763,1.092523322193467,overdamped
0.5850000000000002,0.19408333333333316,0.8213095908106559,0.865982193107992,14.328963767234479,1.1562147845045225,overdamped
0.6174999999999999,0.19408333333333316,0.8467183037441268,0.8850387278080951,16.952226012945065,1.2292267339056966,overdamped
0.6500000000000001,0.19408333333333316,0.8724562387381601,0.9043421790536201,20.6631179813661,1.3151958554184056,overdamped
0.6825000000000003,0.19408333333333316,0.8985065798923629,0.9238799349192722,26.32187838179308,1.4203168781691,overdamped
0.7150000000000001,0.19408333333333316,0.9248531381188733,0.9448531381188733,33.88766359618474,1.5300416271949246,overdamped
0.7475000000000003,0.19408333333333316,0.9514803833392644,0.9714803833392645,34.60676534958944,1.5391610082373766,overdamped
0.78,0.19408333333333316,0.9783734641648392,0.9983734641648392,35.30903814745683,1.5478858871201207,overdamped
-0.78,0.2101666666666666,0.9918859249614221,0.999,96.03549777910125,1.9824317917897722,overdamped
-0.7474999999999998,0.2101666666666666,0.9652360346336729,0.9852360346336729,33.99016395816046,1.5313532594919332,overdamped
-0.7149999999999999,0.2101666666666666,0.9388543813085668,0.9588543813085668,33.249959312786125,1.5217911182032353,overdamped
-0.6824999999999999,0.2101666666666666,0.9127552310930028,0.9345664233197521,29.86812697546635,1.4752079889340792,overdamped
-0.6499999999999999,0.2101666666666666,0.8869534381660695,0.9152150786245521,22.713024921268097,1.3562749774223464,overdamped
-0.6174999999999999,0.2101666666666666,0.8614644191774506,0.896098314383088,18.250968356830054,1.2612859121278808,overdamped
-0.585,0.2101666666666666,0.8363041160810266,0.8772280870607699,15.199418918048249,1.1818269849507554,overdamped
-0.5525,0.2101666666666666,0.8114889458612542,0.8586167093959407,12.97833658578379,1.1132190331493692,overdamped
-0.5199999999999998,0.2101666666666666,0.7870357356637845,0.8402768017478384,11.287132234131093,1.0525836130412072,overdamped
-0.4874999999999998,0.2101666666666666,0.7629616419791322,0.8222212314843491,9.954484616467912,0.9980187797809883,overdamped
-0.45499999999999985,0.2101666666666666,0.7392840527670499,0.8044630395752874,8.875628242052953,0.9481991034060504,overdamped
-0.4224999999999999,0.2101666666666666,0.7160204717657983,0.7870153538243487,7.982941803181729,0.90216296321203,overdamped
-0.3899999999999999,0.2101666666666666,0.6931883847167319,0.769891288537549,7.230893524672167,0.8591919665694479,overdamped
-0.35749999999999993,0.2101666666666666,0.6708051078554785,0.7531038308916089,6.587794217679497,0.8187400246929085,overdamped
-0.32499999999999996,0.2101666666666666,0.6488876197711725,0.7366657148283794,6.031034360582805,0.7803918027818462,overdamped
-0.2925,0.2101666666666666,0.6274523785962272,0.7205892839471704,5.544223751361772,0.7438407490245398,overdamped
-0.26,0.2101666666666666,0.6065151274268914,0.7048863455701686,5.11543583863849,0.7088826418120061,overdamped
-0.2274999999999998,0.2101666666666666,0.5860906918387051,0.6895680188790289,4.7361403007899785,0.6754245592039638,overdamped
-0.19499999999999984,0.2101666666666666,0.5661927742846764,0.6746445807135073,4.400611170546402,0.6435129968414645,overdamped
-0.16249999999999987,0.2101666666666666,0.5468337509693252,0.6601253132269939,4.105724957496127,0.6133898526228365,overdamped
-0.1299999999999999,0.2101666666666666,0.528024477394734,0.6460183580460506,3.8511700766522243,0.5855926985034241,overdamped
-0.09749999999999992,0.2101666666666666,0.5097741090948136,0.6323305818211102,3.640225381708783,0.561128273484836,overdamped
-0.06499999999999995,0.2101666666666666,0.4920899440443259,0.6190674580332445,3.4815146360564677,0.5417682252606152,overdamped
-0.03249999999999997,0.2101666666666666,0.474977292807684,0.606232969605763,3.392717660110793,0.5305477194276443,overdamped
2.220446049250313e-16,0.2101666666666666,0.4584393816707578,0.5938295362530683,3.4088241702676663,0.5326046005683235,overdamped
0.032500000000000195,0.2101666666666666,0.47497729280768414,0.6062329696057631,3.392717660110793,0.5305477194276443,overdamped
0.06500000000000017,0.2101666666666666,0.492089944044326,0.6190674580332445,3.4815146360564713,0.5417682252606156,overdamped
0.09749999999999992,0.2101666666666666,0.5097741090948136,0.6323305818211102,3.640225381708783,0.561128273484836,overdamped
0.13000000000000012,0.2101666666666666,0.5280244773947342,0.6460183580460507,3.8511700766522257,0.5855926985034242,overdamped
0.1625000000000003,0.2101666666666666,0.5468337509693254,0.6601253132269941,4.105724957496129,0.6133898526228367,overdamped
0.19500000000000006,0.2101666666666666,0.5661927742846764,0.6746445807135073,4.400611170546408,0.643512996841465,overdamped
0.22750000000000026,0.2101666666666666,0.5860906918387054,0.6895680188790291,4.736140300789986,0.6754245592039645,overdamped
0.26,0.2101666666666666,0.6065151274268914,0.7048863455701686,5.11543583863849,0.7088826418120061,overdamped
0.2925000000000002,0.2101666666666666,0.6274523785962272,0.7205892839471704,5.544223751361779,0.7438407490245403,overdamped
0.32499999999999996,0.2101666666666666,0.6488876197711725,0.7366657148283794,6.031034360582805,0.7803918027818462,overdamped
0.35750000000000015,0.2101666666666666,0.6708051078554786,0.7531038308916089,6.587794217679508,0.8187400246929093,overdamped
0.3899999999999999,0.2101666666666666,0.6931883847167319,0.769891288537549,7.230893524672167,0.8591919665694479,overdamped
0.4225000000000001,0.2101666666666666,0.7160204717657985,0.787015353824349,7.982941803181728,0.9021629632120299,overdamped
0.4550000000000003,0.2101666666666666,0.7392840527670502,0.8044630395752876,8.875628242052962,0.9481991034060508,overdamped
0.48750000000000004,0.2101666666666666,0.7629616419791323,0.8222212314843492,9.954484616467933,0.9980187797809892,overdamped
0.5200000000000002,0.2101666666666666,0.7870357356637848,0.8402768017478386,11.287132234131109,1.0525836130412078,overdamped
0.5525,0.2101666666666666,0.8114889458612542,0.8586167093959407,12.97833658578379,1.1132190331493692,overdamped
0.5850000000000002,0.2101666666666666,0.8363041160810267,0.87722808706077,15.199418918048279,1.1818269849507563,overdamped
0.6174999999999999,0.2101666666666666,0.8614644191774506,0.896098314383088,18.250968356830054,1.2612859121278808,overdamped
0.6500000000000001,0.2101666666666666,0.8869534381660698,0.9152150786245523,22.71302492126806,1.3562749774223457,overdamped
0.6825000000000003,0.2101666666666666,0.9127552310930032,0.9345664233197524,29.86812697546657,1.4752079889340823,overdamped
0.7150000000000001,0.2101666666666666,0.938854381308567,0.958854381308567,33.24995931278606,1.5217911182032344,overdamped
0.7475000000000003,0.2101666666666666,0.9652360346336732,0.9852360346336733,33.99016395816045,1.5313532594919332,overdamped
0.78,0.2101666666666666,0.9918859249614221,0.999,96.03549777910125,1.9824317917897722,overdamped
-0.7474999999999998,0.22624999999999984,0.9786789731034542,0.9986789731034542,33.43105430913336,1.52415007307533,overdamped
-0.7149999999999999,0.22624999999999984,0.9525262599247194,0.9725262599247194,32.6730587017352,1.5141897930339054,overdamped
-0.6824999999999999,0.22624999999999984,0.9266571766727837,0.9466571766727837,31.895489604787358,1.5037292730807876,overdamped
-0.6499999999999999,0.22624999999999984,0.9010859310901455,0.9258144483176091,25.329413029019353,1.4036251257869323,overdamped
-0.6174999999999999,0.22624999999999984,0.8758272103514652,0.9068704077635988,19.84551355379931,1.2976623418773667,overdamped
-0.585,0.22624999999999984,0.850896140745976,0.888172105559482,16.24334242599267,1.2106753997700255,overdamped
-0.5525,0.22624999999999984,0.8263082355532911,0.8697311766649684,13.692988034215439,1.1364982286433363,overdamped
-0.5199999999999998,0.22624999999999984,0.8020793299877793,0.8515594974908345,11.789708106276946,1.0715030528132832,overdamped
-0.4874999999999998,0.22624999999999984,0.7782255022449577,0.8336691266837183,10.312584210030833,1.0133675079145772,overdamped
-0.45499999999999985,0.22624999999999984,0.7547629799255774,0.816072234944183,9.130830110526524,0.9605102623133704,overdamped
-0.4224999999999999,0.22624999999999984,0.7317080314492225,0.7987810235869168,8.162123372396394,0.9118031549491407,overdamped
-0.3899999999999999,0.22624999999999984,0.7090768425050867,0.7818076318788151,7.3521230009591285,0.8664127641820496,overdamped
-0.35749999999999993,0.22624999999999984,0.6868853781227988,0.7651640335920991,6.663599570747583,0.823708891544028,overdamped
-0.32499999999999996,0.22624999999999984,0.6651492315720774,0.748861923679058,6.070312886921903,0.7832110768349885,overdamped
-0.2925,0.22624999999999984,0.6438834619978844,0.7329125964984133,5.553405352171402,0.7445593744965727,overdamped
-0.26,0.22624999999999984,0.6231024234375653,0.717326817578174,5.0992165139581145,0.707503452607001,overdamped
-0.2274999999999998,0.22624999999999984,0.6028195886067746,0.702114691455081,4.697958413608762,0.6719091680779912,overdamped
-0.19499999999999984,0.22624999999999984,0.583047371530317,0.6872855286477377,4.342966152153339,0.6377864446073793,overdamped
-0.16249999999999987,0.22624999999999984,0.5637969536739402,0.6728477152554552,4.030401421341288,0.6053483033101934,overdamped
-0.1299999999999999,0.22624999999999984,0.5450781186432057,0.6588085889824042,3.759415411254738,0.575120317426419,overdamped
-0.09749999999999992,0.22624999999999984,0.5268991006997711,0.6451743255248283,3.5329327816291305,0.5481353745293087,overdamped
-0.06499999999999995,0.22624999999999984,0.5092664522593844,0.6319498391945383,3.35949353628082,0.5262738098370432,overdamped
-0.03249999999999997,0.22624999999999984,0.49218493515395556,0.6191387013654667,3.25721619556536,0.5128465855298566,overdamped
2.220446049250313e-16,0.22624999999999984,0.47565743976101116,0.6067430798207584,3.2627035360023733,0.5135776136200537,overdamped
0.032500000000000195,0.22624999999999984,0.49218493515395567,0.6191387013654668,3.257216195565361,0.5128465855298567,overdamped
0.06500000000000017,0.22624999999999984,0.5092664522593845,0.6319498391945384,3.359493536280821,0.5262738098370434,overdamped
0.09749999999999992,0.22624999999999984,0.5268991006997711,0.6451743255248283,3.5329327816291305,0.5481353745293087,overdamped
0.13000000000000012,0.22624999999999984,0.5450781186432058,0.6588085889824044,3.7594154112547398,0.5751203174264192,overdamped
0.1625000000000003,0.22624999999999984,0.5637969536739404,0.6728477152554553,4.030401421341293,0.605348303310194,overdamped
0.19500000000000006,0.22624999999999984,0.5830473715303173,0.687285528647738,4.3429661521533385,0.6377864446073793,overdamped
0.22750000000000026,0.22624999999999984,0.6028195886067749,0.7021146914550811,4.69795841360877,0.6719091680779918,overdamped
0.26,0.22624999999999984,0.6231024234375653,0.717326817578174,5.0992165139581145,0.707503452607001,overdamped
0.2925000000000002,0.22624999999999984,0.6438834619978846,0.7329125964984134,5.5534053521714055,0.744559374496573,overdamped
0.32499999999999996,0.22624999999999984,0.6651492315720774,0.748861923679058,6.070312886921903,0.7832110768349885,overdamped
0.35750000000000015,0.22624999999999984,0.686885378122799,0.7651640335920993,6.66359957074757,0.8237088915440272,overdamped
0.3899999999999999,0.22624999999999984,0.7090768425050867,0.7818076318788151,7.3521230009591285,0.8664127641820496,overdamped
0.4225000000000001,0.22624999999999984,0.7317080314492226,0.7987810235869169,8.162123372396398,0.9118031549491409,overdamped
0.4550000000000003,0.22624999999999984,0.7547629799255776,0.8160722349441832,9.130830110526542,0.9605102623133712,overdamped
0.48750000000000004,0.22624999999999984,0.7782255022449578,0.8336691266837184,10.312584210030835,1.0133675079145772,overdamped
0.5200000000000002,0.22624999999999984,0.8020793299877796,0.8515594974908347,11.789708106276965,1.0715030528132838,overdamped
0.5525,0.22624999999999984,0.8263082355532911,0.8697311766649684,13.692988034215439,1.1364982286433363,overdamped
0.5850000000000002,0.22624999999999984,0.8508961407459762,0.8881721055594821,16.243342425992726,1.210675399770027,overdamped
0.6174999999999999,0.22624999999999984,0.8758272103514652,0.9068704077635988,19.84551355379931,1.2976623418773667,overdamped
0.6500000000000001,0.22624999999999984,0.9010859310901456,0.9258144483176092,25.329413029019435,1.4036251257869339,overdamped
0.6825000000000003,0.22624999999999984,0.926657176672784,0.946657176672784,31.895489604787418,1.5037292730807885,overdamped
0.7150000000000001,0.22624999999999984,0.9525262599247196,0.9725262599247196,32.67305870173517,1.5141897930339052,overdamped
0.7475000000000003,0.22624999999999984,0.9786789731034546,0.9986789731034547,33.43105430913328,1.5241500730753288,overdamped
-0.7474999999999998,0.2423333333333333,0.9918296031526466,0.999,90.25347128464986,1.9554639145198194,overdamped
-0.7149999999999999,0.2423333333333333,0.9658909790039076,0.9858909790039077,32.1498389491741,1.507178801718711,overdamped
-0.6824999999999999,0.2423333333333333,0.9402365573060327,0.9602365573060327,31.357409672052015,1.4963401799180895,overdamped
-0.6499999999999999,0.2423333333333333,0.9148799312854551,0.9361599484640913,28.762362040591817,1.45882454857706,overdamped
-0.6174999999999999,0.2423333333333333,0.889835102057636,0.9173763265432271,21.834496543459565,1.3391431824759001,overdamped
-0.585,0.2423333333333333,0.8651164364854831,0.8988373273641124,17.506369093233065,1.2431960806186553,overdamped
-0.5525,0.2423333333333333,0.8407386144408348,0.8805539608306261,14.541745820488607,1.1626165492114386,overdamped
-0.5199999999999998,0.2423333333333333,0.8167165646299139,0.8625374234724354,12.380579137204096,1.0927409605329859,overdamped
-0.4874999999999998,0.2423333333333333,0.7930653883092419,0.8447990412319314,10.732310857427619,1.0306932433616502,overdamped
-0.45499999999999985,0.2423333333333333,0.7698002704529412,0.827350202839706,9.431206184838558,0.9745672394945317,overdamped
-0.4224999999999999,0.2423333333333333,0.7469363782413486,0.8102022836810114,8.375863538425191,0.9230295930987105,overdamped
-0.3899999999999999,0.2423333333333333,0.7244887471262569,0.7933665603446927,7.500818897789163,0.8751086798419422,overdamped
-0.35749999999999993,0.2423333333333333,0.7024721551866345,0.7768541163899759,6.7620041120353775,0.830075430528202,overdamped
-0.32499999999999996,0.2423333333333333,0.6809009870103772,0.7606757402577828,6.12878290478551,0.7873742379415141,overdamped
-0.2925,0.2423333333333333,0.659789088904957,0.7448418166787177,5.579360224030221,0.7465844019656994,overdamped
-0.26,0.2423333333333333,0.6391496178269541,0.7293622133702156,5.098042766995399,0.7074034744035907,overdamped
-0.2274999999999998,0.2423333333333333,0.6189948869937559,0.7142461652453169,4.673588822918888,0.6696505009974874,overdamped
-0.19499999999999984,0.2423333333333333,0.5993362116600727,0.6995021587450545,4.2982620728580345,0.6332928916873515,overdamped
-0.16249999999999987,0.2423333333333333,0.5801837589633851,0.6851378192225388,3.9674173086471627,0.598507883688388,overdamped
-0.1299999999999999,0.2423333333333333,0.5615464060219681,0.6711598045164762,3.6796035467072024,0.5658010287951042,overdamped
-0.09749999999999992,0.2423333333333333,0.5434316105671742,0.6575737079253806,3.4373490108072438,0.5362236304125972,overdamped
-0.06499999999999995,0.2423333333333333,0.5258452982783288,0.6443839737087467,3.249099665390475,0.5117630334333939,overdamped
-0.03249999999999997,0.2423333333333333,0.5087917706482703,0.6315938279862028,3.133471593635821,0.4960257619741954,overdamped
2.220446049250313e-16,0.2423333333333333,0.4922736366426029,0.6192052274819522,3.128903440613139,0.4953921608272566,overdamped
0.032500000000000195,0.2423333333333333,0.5087917706482705,0.6315938279862029,3.1334715936358215,0.4960257619741955,overdamped
0.06500000000000017,0.2423333333333333,0.525845298278329,0.6443839737087468,3.2490996653904762,0.5117630334333941,overdamped
0.09749999999999992,0.2423333333333333,0.5434316105671742,0.6575737079253806,3.4373490108072438,0.5362236304125972,overdamped
0.13000000000000012,0.2423333333333333,0.5615464060219684,0.6711598045164763,3.6796035467072032,0.5658010287951043,overdamped
0.1625000000000003,0.2423333333333333,0.5801837589633854,0.685137819222539,3.967417308647166,0.5985078836883884,overdamped
0.19500000000000006,0.2423333333333333,0.5993362116600728,0.6995021587450546,4.298262072858039,0.6332928916873519,overdamped
0.22750000000000026,0.2423333333333333,0.6189948869937563,0.7142461652453171,4.673588822918894,0.669650500997488,overdamped
0.26,0.2423333333333333,0.6391496178269541,0.7293622133702156,5.098042766995399,0.7074034744035907,overdamped
0.2925000000000002,0.2423333333333333,0.6597890889049571,0.7448418166787178,5.579360224030221,0.7465844019656994,overdamped
0.32499999999999996,0.2423333333333333,0.6809009870103772,0.7606757402577828,6.12878290478551,0.7873742379415141,overdamped
0.35750000000000015,0.2423333333333333,0.7024721551866346,0.776854116389976,6.762004112035381,0.8300754305282022,overdamped
0.3899999999999999,0.2423333333333333,0.7244887471262569,0.7933665603446927,7.500818897789163,0.8751086798419422,overdamped
0.4225000000000001,0.2423333333333333,0.7469363782413487,0.8102022836810115,8.375863538425198,0.9230295930987108,overdamped
0.4550000000000003,0.2423333333333333,0.7698002704529415,0.8273502028397062,9.431206184838569,0.9745672394945322,overdamped
0.48750000000000004,0.2423333333333333,0.7930653883092421,0.8447990412319316,10.732310857427606,1.0306932433616498,overdamped
0.5200000000000002,0.2423333333333333,0.8167165646299143,0.8625374234724357,12.38057913720412,1.0927409605329867,overdamped
0.5525,0.2423333333333333,0.8407386144408348,0.8805539608306261,14.541745820488607,1.1626165492114386,overdamped
0.5850000000000002,0.2423333333333333,0.8651164364854832,0.8988373273641124,17.506369093233147,1.2431960806186573,overdamped
0.6174999999999999,0.2423333333333333,0.889835102057636,0.9173763265432271,21.834496543459565,1.3391431824759001,overdamped
0.6500000000000001,0.2423333333333333,0.9148799312854553,0.9361599484640915,28.762362040591945,1.458824548577062,overdamped
0.6825000000000003,0.2423333333333333,0.9402365573060331,0.9602365573060331,31.357409672051983,1.496340179918089,overdamped
0.7150000000000001,0.2423333333333333,0.9658909790039077,0.9858909790039078,32.14983894917421,1.5071788017187127,overdamped
0.7475000000000003,0.2423333333333333,0.991829603152647,0.999,90.25347128465343,1.9554639145198365,overdamped
-0.7149999999999999,0.2584166666666665,0.978968355322028,0.998968355322028,31.674268141572416,1.500706588961995,overdamped
-0.6824999999999999,0.2584166666666665,0.9535148358077298,0.9735148358077298,30.86925604085262,1.4895261629694354,overdamped
-0.6499999999999999,0.2584166666666665,0.9283586550855688,0.9483586550855688,30.042660328741636,1.477738387551046,overdamped
-0.6174999999999999,0.2584166666666665,0.9035131706542248,0.9276348779906686,24.368192320660157,1.3868233135802743,overdamped
-0.585,0.2584166666666665,0.8789920431401149,0.9092440323550862,19.05333001155245,1.279970889683845,overdamped
-0.5525,0.2584166666666665,0.8548091838063471,0.8911068878547603,15.556407480774972,1.1919093104290297,overdamped
-0.5199999999999998,0.2584166666666665,0.8309786919550206,0.8732340189662655,13.076719457132107,1.1164988066518995,overdamped
-0.4874999999999998,0.2584166666666665,0.8075147817722089,0.8556360863291567,11.223231244519466,1.0501179112546892,overdamped
-0.45499999999999985,0.2584166666666665,0.7844316983855977,0.8383237737891982,9.782305295288559,0.9904412125631806,overdamped
-0.4224999999999999,0.2584166666666665,0.7617436231843803,0.8213077173882852,8.627384927395656,0.9358791753549622,overdamped
-0.3899999999999999,0.2584166666666665,0.7394645687890686,0.8045984265918015,7.678782465905358,0.8852923645293114,overdamped
-0.35749999999999993,0.2584166666666665,0.717608264450557,0.7882061983379178,6.883899567640695,0.8378345255809112,overdamped
-0.32499999999999996,0.2584166666666665,0.696188033092992,0.772141024819744,6.2067298131563025,0.7928628404056551,overdamped
-0.2925,0.2584166666666665,0.6752166616779044,0.7564124962584283,5.621954016409053,0.7498872890655383,overdamped
-0.26,0.2584166666666665,0.6547062670358212,0.741029700276866,5.111478904253783,0.7085465727437704,overdamped
-0.2274999999999998,0.2584166666666665,0.6346681597589647,0.7260011198192236,4.662371309403055,0.6686068576022774,overdamped
-0.19499999999999984,0.2584166666666665,0.6151127091432999,0.7113345318574749,4.265664358535186,0.6299866802341967,overdamped
-0.16249999999999987,0.2584166666666665,0.5960492124767349,0.6970369093575512,3.9157954953100944,0.5928200024422536,overdamped
-0.1299999999999999,0.2584166666666665,0.5774857721602292,0.6831143291201719,3.6106322812600173,0.5575832606917149,overdamped
-0.09749999999999992,0.2584166666666665,0.5594291841916669,0.6695718881437501,3.3522510154716807,0.5253365310061598,overdamped
-0.06499999999999995,0.2584166666666665,0.5418848414182214,0.656413631063666,3.1489800238104726,0.49816990561069485,overdamped
-0.03249999999999997,0.2584166666666665,0.5248566546621922,0.6436424909966442,3.019982653234715,0.4800044483789789,overdamped
2.220446049250313e-16,0.2584166666666665,0.5083469943519551,0.6312602457639663,3.0057675995980753,0.4779553987013497,overdamped
0.032500000000000195,0.2584166666666665,0.5248566546621923,0.6436424909966443,3.019982653234715,0.4800044483789789,overdamped
0.06500000000000017,0.2584166666666665,0.5418848414182215,0.6564136310636661,3.1489800238104726,0.49816990561069485,overdamped
0.09749999999999992,0.2584166666666665,0.5594291841916669,0.6695718881437501,3.3522510154716807,0.5253365310061598,overdamped
0.13000000000000012,0.2584166666666665,0.5774857721602293,0.683114329120172,3.6106322812600222,0.5575832606917155,overdamped
0.1625000000000003,0.2584166666666665,0.5960492124767351,0.6970369093575514,3.9157954953100984,0.5928200024422541,overdamped
0.19500000000000006,0.2584166666666665,0.6151127091433001,0.7113345318574751,4.2656643585351866,0.6299866802341967,overdamped
0.22750000000000026,0.2584166666666665,0.6346681597589651,0.7260011198192238,4.662371309403059,0.6686068576022778,overdamped
0.26,0.2584166666666665,0.6547062670358212,0.741029700276866,5.111478904253783,0.7085465727437704,overdamped
0.2925000000000002,0.2584166666666665,0.6752166616779045,0.7564124962584284,5.621954016409051,0.749887289065538,overdamped
0.32499999999999996,0.2584166666666665,0.696188033092992,0.772141024819744,6.2067298131563025,0.7928628404056551,overdamped
0.35750000000000015,0.2584166666666665,0.7176082644505571,0.7882061983379178,6.883899567640706,0.837834525580912,overdamped
0.3899999999999999,0.2584166666666665,0.7394645687890686,0.8045984265918015,7.678782465905358,0.8852923645293114,overdamped
0.4225000000000001,0.2584166666666665,0.7617436231843804,0.8213077173882852,8.627384927395676,0.9358791753549632,overdamped
0.4550000000000003,0.2584166666666665,0.784431698385598,0.8383237737891985,9.782305295288547,0.9904412125631801,overdamped
0.48750000000000004,0.2584166666666665,0.8075147817722091,0.8556360863291569,11.223231244519472,1.0501179112546895,overdamped
0.5200000000000002,0.2584166666666665,0.8309786919550209,0.8732340189662657,13.076719457132121,1.1164988066519,overdamped
0.5525,0.2584166666666665,0.8548091838063471,0.8911068878547603,15.556407480774972,1.1919093104290297,overdamped
0.5850000000000002,0.2584166666666665,0.8789920431401151,0.9092440323550863,19.053330011552507,1.2799708896838464,overdamped
0.6174999999999999,0.2584166666666665,0.9035131706542248,0.9276348779906686,24.368192320660157,1.3868233135802743,overdamped
0.6500000000000001,0.2584166666666665,0.9283586550855689,0.9483586550855689,30.04266032874175,1.4777383875510477,overdamped
0.6825000000000003,0.2584166666666665,0.9535148358077302,0.9735148358077302,30.86925604085244,1.489526162969433,overdamped
0.7150000000000001,0.2584166666666665,0.9789683553220281,0.9989683553220281,31.674268141572508,1.5007065889619964,overdamped
-0.7149999999999999,0.27449999999999997,0.9917761622511126,0.999,84.90535471596216,1.9289350807063934,overdamped
-0.6824999999999999,0.27449999999999997,0.9665111954215613,0.9865111954215613,30.425473740804666,1.4832373491507647,overdamped
-0.6499999999999999,0.27449999999999997,0.9415427803486145,0.9615427803486145,29.588609464706384,1.4711245556981436,overdamped
-0.6174999999999999,0.27449999999999997,0.916883671572295,0.9376627536792213,27.6868628771152,1.442273749810511,overdamped
-0.585,0.27449999999999997,0.8925468731690883,0.9194101548768162,20.979147218457335,1.3217878305760569,overdamped
-0.5525,0.27449999999999997,0.8685455871015755,0.9014091903261816,16.78096290118898,1.224816877271882,overdamped
-0.5199999999999998,0.27449999999999997,0.8448931526355903,0.8836698644766927,13.900762085027452,1.1430386103439936,overdamped
-0.4874999999999998,0.27449999999999997,0.8216029765433417,0.8662022324075063,11.797829051402415,1.0718020990232886,overdamped
-0.45499999999999985,0.27449999999999997,0.7986884540149598,0.8490163405112199,10.191318741212712,1.008230384690966,overdamped
-0.4224999999999999,0.27449999999999997,0.7761628804514904,0.8321221603386177,8.920912823447635,0.9504092953966615,overdamped
-0.3899999999999999,0.27449999999999997,0.7540393546075266,0.8155295159556449,7.888477203680291,0.8969931748358417,overdamped
-0.35749999999999993,0.27449999999999997,0.7323306738859295,0.7992480054144472,7.030650898881974,0.8469955339397315,overdamped
-0.32499999999999996,0.27449999999999997,0.7110492229508669,0.7832869172131502,6.30480430343432,0.7996716109316854,overdamped
-0.2925,0.27449999999999997,0.6902068572046868,0.7676551429035151,5.681355310493019,0.7544519507912781,overdamped
-0.26,0.27449999999999997,0.6698147830506312,0.7523610872879735,5.139356595971352,0.7109087523980997,overdamped
-0.2274999999999998,0.27449999999999997,0.6498834372150275,0.7374125779112706,4.663893939883781,0.6687486657117311,overdamped
-0.19499999999999984,0.27449999999999997,0.6304223677047154,0.7228167757785365,4.244578392626745,0.6278345589264874,overdamped
-0.16249999999999987,0.27449999999999997,0.6114401192025366,0.7085800894019024,3.874798074886767,0.5882490752946147,overdamped
-0.1299999999999999,0.27449999999999997,0.5929441258315126,0.6947080943736345,3.551643794961196,0.5504294025907759,overdamped
-0.09749999999999992,0.27449999999999997,0.5749406142264417,0.6812054606698312,3.276670172850936,0.5154327278273255,overdamped
-0.06499999999999995,0.27449999999999997,0.5574345197260321,0.668075889794524,3.058049871167822,0.48544456367812694,overdamped
-0.03249999999999997,0.27449999999999997,0.5404294182338715,0.6553220636754036,2.9155329737936806,0.4647179575237116,overdamped
2.220446049250313e-16,0.27449999999999997,0.5239274758971896,0.6429456069228922,2.891946612268036,0.46119027126031886,overdamped
0.032500000000000195,0.27449999999999997,0.5404294182338716,0.6553220636754037,2.9155329737936846,0.46471795752371214,overdamped
0.06500000000000017,0.27449999999999997,0.5574345197260322,0.6680758897945241,3.0580498711678232,0.48544456367812716,overdamped
0.09749999999999992,0.27449999999999997,0.5749406142264417,0.6812054606698312,3.276670172850936,0.5154327278273255,overdamped
0.13000000000000012,0.27449999999999997,0.5929441258315127,0.6947080943736346,3.5516437949612,0.5504294025907763,overdamped
0.1625000000000003,0.27449999999999997,0.6114401192025368,0.7085800894019026,3.8747980748867694,0.5882490752946149,overdamped
0.19500000000000006,0.27449999999999997,0.6304223677047155,0.7228167757785366,4.244578392626745,0.6278345589264874,overdamped
0.22750000000000026,0.27449999999999997,0.6498834372150278,0.7374125779112709,4.663893939883781,0.6687486657117311,overdamped
0.26,0.27449999999999997,0.6698147830506312,0.7523610872879735,5.139356595971352,0.7109087523980997,overdamped
0.2925000000000002,0.27449999999999997,0.6902068572046869,0.7676551429035152,5.681355310493025,0.7544519507912787,overdamped
0.32499999999999996,0.27449999999999997,0.7110492229508669,0.7832869172131502,6.30480430343432,0.7996716109316854,overdamped
0.35750000000000015,0.27449999999999997,0.7323306738859298,0.7992480054144473,7.030650898881976,0.8469955339397316,overdamped
0.3899999999999999,0.27449999999999997,0.7540393546075266,0.8155295159556449,7.888477203680291,0.8969931748358417,overdamped
0.4225000000000001,0.27449999999999997,0.7761628804514905,0.8321221603386179,8.920912823447644,0.950409295396662,overdamped
0.4550000000000003,0.27449999999999997,0.7986884540149601,0.8490163405112201,10.191318741212735,1.008230384690967,overdamped
0.48750000000000004,0.27449999999999997,0.8216029765433419,0.8662022324075065,11.797829051402418,1.0718020990232888,overdamped
0.5200000000000002,0.27449999999999997,0.8448931526355905,0.8836698644766929,13.900762085027504,1.1430386103439953,overdamped
0.5525,0.27449999999999997,0.8685455871015755,0.9014091903261816,16.78096290118898,1.224816877271882,overdamped
0.5850000000000002,0.27449999999999997,0.8925468731690885,0.9194101548768164,20.9791472184573,1.3217878305760562,overdamped
0.6174999999999999,0.27449999999999997,0.916883671572295,0.9376627536792213,27.6868628771152,1.442273749810511,overdamped
0.6500000000000001,0.27449999999999997,0.9415427803486146,0.9615427803486146,29.588609464706476,1.471124555698145,overdamped
0.6825000000000003,0.27449999999999997,0.9665111954215616,0.9865111954215616,30.425473740804808,1.4832373491507669,overdamped
0.7150000000000001,0.27449999999999997,0.9917761622511129,0.999,84.90535471596473,1.9289350807064067,overdamped
-0.6824999999999999,0.2905833333333332,0.9792428650332486,0.999,30.37912692518657,1.4825752883871273,overdamped
-0.6499999999999999,0.2905833333333332,0.9544508188360177,0.9744508188360177,29.175722244825383,1.465021615807718,overdamped
-0.6174999999999999,0.2905833333333332,0.9299664645542912,0.9499664645542912,28.306977808901312,1.451893504441737,overdamped
-0.585,0.2905833333333332,0.9058021957675784,0.9293516468256837,23.42820185773359,1.3697389572597196,overdamped
-0.5525,0.2905833333333332,0.8819705591965102,0.9114779193973827,18.277769085981348,1.2619231863226492,overdamped
-0.5199999999999998,0.2905833333333332,0.8584841963939674,0.8938631472954756,14.883331919643927,1.1727001672535564,overdamped
-0.4874999999999998,0.2905833333333332,0.835355777383329,0.8765168330374967,12.472494615765838,1.095953325131268,overdamped
-0.45499999999999985,0.2905833333333332,0.8125979262767328,0.8594484447075496,10.667532931866669,1.028063992249034,overdamped
-0.4224999999999999,0.2905833333333332,0.790223139129384,0.842667354347038,9.26188969956845,0.9666996046481561,overdamped
-0.3899999999999999,0.2905833333333332,0.7682436945430217,0.8261827709072662,8.133128516086604,0.9102576348829923,overdamped
-0.35749999999999993,0.2905833333333332,0.7466715578170396,0.8100036683627797,7.204136349999473,0.8575819239548242,overdamped
-0.32499999999999996,0.2905833333333332,0.7255182797506073,0.7941387098129555,6.424029310079201,0.8078075137738348,overdamped
-0.2925,0.2905833333333332,0.7047948915112672,0.7785961686334504,5.7580229118186725,0.7602733886519317,overdamped
-0.26,0.2905833333333332,0.6845117972895917,0.7633838479671937,5.181749624267728,0.7144764245845996,overdamped
-0.2274999999999998,0.2905833333333332,0.6646786667376576,0.7485090000532433,4.677959153290886,0.6700564253444852,overdamped
-0.19499999999999984,0.2905833333333332,0.6453043294218594,0.7339782470663946,4.23460908844678,0.6268133252768087,overdamped
-0.16249999999999987,0.2905833333333332,0.6263966736882223,0.7197975052661667,3.843880598589703,0.5847698888354776,overdamped
-0.1299999999999999,0.2905833333333332,0.607962552422663,0.7059719143169972,3.5019741931024466,0.5443129413378046,overdamped
-0.09749999999999992,0.2905833333333332,0.5900076981746616,0.6925057736309962,3.2098374511089296,0.5064830399207993,overdamped
-0.06499999999999995,0.2905833333333332,0.5725366499908439,0.6794024874931329,2.9754334600126517,0.47355024252806815,overdamped
-0.03249999999999997,0.2905833333333332,0.5555526940720148,0.6666645205540112,2.8191264868262063,0.45011456196535793,overdamped
2.220446049250313e-16,0.2905833333333332,0.5390578200279942,0.6542933650209957,2.78632699809257,0.4450320830619767,overdamped
0.032500000000000195,0.2905833333333332,0.5555526940720149,0.6666645205540112,2.819126486826208,0.4501145619653582,overdamped
0.06500000000000017,0.2905833333333332,0.572536649990844,0.679402487493133,2.9754334600126535,0.47355024252806843,overdamped
0.09749999999999992,0.2905833333333332,0.5900076981746616,0.6925057736309962,3.2098374511089296,0.5064830399207993,overdamped
0.13000000000000012,0.2905833333333332,0.6079625524226631,0.7059719143169974,3.5019741931024484,0.5443129413378048,overdamped
0.1625000000000003,0.2905833333333332,0.6263966736882225,0.7197975052661669,3.843880598589705,0.5847698888354779,overdamped
0.19500000000000006,0.2905833333333332,0.6453043294218596,0.7339782470663947,4.23460908844678,0.6268133252768087,overdamped
0.22750000000000026,0.2905833333333332,0.6646786667376579,0.7485090000532434,4.677959153290893,0.6700564253444858,overdamped
0.26,0.2905833333333332,0.6845117972895917,0.7633838479671937,5.181749624267728,0.7144764245845996,overdamped
0.2925000000000002,0.2905833333333332,0.7047948915112673,0.7785961686334505,5.7580229118186805,0.7602733886519323,overdamped
0.32499999999999996,0.2905833333333332,0.7255182797506073,0.7941387098129555,6.424029310079201,0.8078075137738348,overdamped
0.35750000000000015,0.2905833333333332,0.7466715578170399,0.8100036683627799,7.204136349999463,0.8575819239548237,overdamped
0.3899999999999999,0.2905833333333332,0.7682436945430217,0.8261827709072662,8.133128516086604,0.9102576348829923,overdamped
0.4225000000000001,0.2905833333333332,0.7902231391293841,0.8426673543470381,9.261889699568467,0.966699604648157,overdamped
0.4550000000000003,0.2905833333333332,0.812597926276733,0.8594484447075498,10.667532931866699,1.028063992249035,overdamped
0.48750000000000004,0.2905833333333332,0.8353557773833291,0.8765168330374968,12.472494615765848,1.0959533251312685,overdamped
0.5200000000000002,0.2905833333333332,0.8584841963939678,0.8938631472954759,14.883331919643954,1.1727001672535573,overdamped
0.5525,0.2905833333333332,0.8819705591965102,0.9114779193973827,18.277769085981348,1.2619231863226492,overdamped
0.5850000000000002,0.2905833333333332,0.9058021957675786,0.9293516468256839,23.42820185773355,1.369738957259719,overdamped
0.6174999999999999,0.2905833333333332,0.9299664645542912,0.9499664645542912,28.306977808901312,1.451893504441737,overdamped
0.6500000000000001,0.2905833333333332,0.9544508188360178,0.9744508188360178,29.175722244825558,1.4650216158077207,overdamped
0.6825000000000003,0.2905833333333332,0.979242865033249,0.999,30.379126925187066,1.4825752883871344,overdamped
-0.6824999999999999,0.30666666666666664,0.991725387056779,0.999,79.92864987024753,1.9027024770652907,overdamped
-0.6499999999999999,0.30666666666666664,0.9670994211698579,0.9870994211698579,28.799641793515367,1.4593870860902338,overdamped
-0.6174999999999999,0.30666666666666664,0.9427793598617232,0.9627793598617232,27.923992117209018,1.4459775067354037,overdamped
-0.585,0.30666666666666664,0.9187770286915101,0.9390827715186326,26.630974874388652,1.4253870648549423,overdamped
-0.5525,0.30666666666666664,0.8951043683021609,0.9213282762266206,20.137973907566288,1.304015773813083,overdamped
-0.5199999999999998,0.30666666666666664,0.8717733785207283,0.9038300338905463,16.06669461570115,1.2059265390026452,overdamped
-0.4874999999999998,0.30666666666666664,0.8487960554095585,0.8865970415571689,13.268995226566721,1.1228380378547267,overdamped
-0.45499999999999985,0.30666666666666664,0.8261843213803636,0.8696382410352727,11.222981908654198,1.0501082628396365,overdamped
-0.4224999999999999,0.30666666666666664,0.8039499486811742,0.8529624615108806,9.657282985965088,0.9848549576600576,overdamped
-0.3899999999999999,0.30666666666666664,0.7821044767898355,0.8365783575923766,8.416872229186747,0.9251507344967586,overdamped
-0.35749999999999993,0.30666666666666664,0.760659124491674,0.8204943433687555,7.406816626871456,0.8696315928055491,overdamped
-0.32499999999999996,0.30666666666666664,0.7396246976751788,0.804718523256384,6.565826970998567,0.8172894335972999,overdamped
-0.2925,0.30666666666666664,0.7190114941375394,0.7892586206031545,5.852708912097225,0.7673569247610957,overdamped
-0.26,0.30666666666666664,0.6988292069388373,0.7741219052041279,5.238962539819402,0.7192452931209968,overdamped
-0.2274999999999998,0.30666666666666664,0.6790868280650629,0.7593151210487972,4.7045631150817515,0.6725192992789374,overdamped
-0.19499999999999984,0.30666666666666664,0.6597925543404132,0.7448444157553099,4.235533746218656,0.6269081462916152,overdamped
-0.16249999999999987,0.30666666666666664,0.6409536976532015,0.7307152732399012,3.82265998952325,0.5823656709615493,overdamped
-0.1299999999999999,0.30666666666666664,0.6225766016133268,0.7169324512099952,3.4611173526485883,0.5392163247329284,overdamped
-0.09749999999999992,0.30666666666666664,0.6046665667316153,0.7034999250487115,3.1511437119951173,0.49846821018866827,overdamped
-0.06499999999999995,0.30666666666666664,0.587227786095727,0.6904208395717952,2.9004210177451584,0.46246104355832024,overdamped
-0.03249999999999997,0.30666666666666664,0.5702632933122332,0.6776974699841749,2.7299406233715984,0.43615320117170775,overdamped
2.220446049250313e-16,0.30666666666666664,0.5537749241945384,0.6653311931459038,2.6879795165341256,0.4294259548988656,overdamped
0.032500000000000195,0.30666666666666664,0.5702632933122334,0.677697469984175,2.729940623371598,0.4361532011717077,overdamped
0.06500000000000017,0.30666666666666664,0.5872277860957271,0.6904208395717953,2.9004210177451615,0.4624610435583207,overdamped
0.09749999999999992,0.30666666666666664,0.6046665667316153,0.7034999250487115,3.1511437119951173,0.49846821018866827,overdamped
0.13000000000000012,0.30666666666666664,0.622576601613327,0.7169324512099953,3.46111735264859,0.5392163247329286,overdamped
0.1625000000000003,0.30666666666666664,0.6409536976532019,0.7307152732399014,3.8226599895232534,0.5823656709615498,overdamped
0.19500000000000006,0.30666666666666664,0.6597925543404134,0.74484441575531,4.235533746218657,0.6269081462916153,overdamped
0.22750000000000026,0.30666666666666664,0.6790868280650632,0.7593151210487974,4.704563115081755,0.6725192992789377,overdamped
0.26,0.30666666666666664,0.6988292069388373,0.7741219052041279,5.238962539819402,0.7192452931209968,overdamped
0.2925000000000002,0.30666666666666664,0.7190114941375396,0.7892586206031547,5.852708912097228,0.767356924761096,overdamped
0.32499999999999996,0.30666666666666664,0.7396246976751788,0.804718523256384,6.565826970998567,0.8172894335972999,overdamped
0.35750000000000015,0.30666666666666664,0.7606591244916742,0.8204943433687556,7.406816626871465,0.8696315928055496,overdamped
0.3899999999999999,0.30666666666666664,0.7821044767898355,0.8365783575923766,8.416872229186747,0.9251507344967586,overdamped
0.4225000000000001,0.30666666666666664,0.8039499486811743,0.8529624615108807,9.65728298596509,0.9848549576600577,overdamped
0.4550000000000003,0.30666666666666664,0.8261843213803639,0.869638241035273,11.222981908654194,1.0501082628396365,overdamped
0.48750000000000004,0.30666666666666664,0.8487960554095586,0.8865970415571689,13.268995226566757,1.1228380378547278,overdamped
0.5200000000000002,0.30666666666666664,0.8717733785207287,0.9038300338905465,16.066694615701184,1.2059265390026461,overdamped
0.5525,0.30666666666666664,0.8951043683021609,0.9213282762266206,20.137973907566288,1.304015773813083,overdamped
0.5850000000000002,0.30666666666666664,0.9187770286915103,0.9390827715186327,26.63097487438866,1.4253870648549425,overdamped
0.6174999999999999,0.30666666666666664,0.9427793598617232,0.9627793598617232,27.923992117209018,1.4459775067354037,overdamped
0.6500000000000001,0.30666666666666664,0.9670994211698581,0.9870994211698582,28.79964179351531,1.459387086090233,overdamped
0.6825000000000003,0.30666666666666664,0.9917253870567794,0.999,79.92864987025068,1.902702477065308,overdamped
-0.6499999999999999,0.32274999999999987,0.9795036287141575,0.999,29.167811595557733,1.4649038460697497,overdamped
-0.6174999999999999,0.32274999999999987,0.9553384026952538,0.9753384026952538,27.57507005706892,1.440516624479764,overdamped
-0.585,0.32274999999999987,0.9314884584247197,0.9514884584247197,26.669057490833325,1.4260076675922708,overdamped
-0.5525,0.32274999999999987,0.9079651751382896,0.9309738813537172,22.500018305583733,1.3521828714451745,overdamped
-0.5199999999999998,0.32274999999999987,0.8847799612663643,0.9135849709497732,17.510658620495438,1.2433024813128872,overdamped
-0.4874999999999998,0.32274999999999987,0.8619441948126007,0.8964581461094505,14.216706474020224,1.1527989968277095,overdamped
-0.45499999999999985,0.32274999999999987,0.8394691577195699,0.8796018682896773,11.873396233133004,1.0745749611063455,overdamped
-0.4224999999999999,0.32274999999999987,0.8173659645645376,0.8630244734234032,10.11602241415454,1.0050097829433091,overdamped
-0.3899999999999999,0.32274999999999987,0.7956454861230539,0.8467341145922904,8.744966089908996,0.9417581297673588,overdamped
-0.35749999999999993,0.32274999999999987,0.7743182685469397,0.8307387014102048,7.64183825570965,0.8831978413350963,overdamped
-0.32499999999999996,0.32274999999999987,0.753394449119299,0.8150458368394742,6.732066567269344,0.8281484016672472,overdamped
-0.2925,0.32274999999999987,0.7328836697633369,0.7996627523225026,5.966476469903303,0.7757179322287184,overdamped
-0.26,0.32274999999999987,0.7127949896833361,0.7845962422625021,5.311531060395833,0.7252197254577865,overdamped
-0.2274999999999998,0.32274999999999987,0.6931367986932389,0.7698525990199292,4.74388547416013,0.6761341958408885,overdamped
-0.19499999999999984,0.32274999999999987,0.6739167329285296,0.7554375496963972,4.2472848284026,0.6281113863157854,overdamped
-0.16249999999999987,0.32274999999999987,0.6551415947284815,0.7413561960463612,3.8108923566251347,0.5810266817598471,overdamped
-0.1299999999999999,0.32274999999999987,0.6368172785077413,0.727612958880806,3.428698920942975,0.535129350756853,overdamped
-0.09749999999999992,0.32274999999999987,0.6189487044004921,0.714211528300369,3.1001106212107263,0.49137719103564215,overdamped
-0.06499999999999995,0.32274999999999987,0.6015397613524031,0.7011548210143023,2.8324370323010446,0.4521602638741245,overdamped
-0.03249999999999997,0.32274999999999987,0.5845932611547354,0.6884449458660515,2.647291728576154,0.42280180270282014,overdamped
2.220446049250313e-16,0.32274999999999987,0.5681109046656295,0.6760831784992222,2.596120833994448,0.4143249024256111,overdamped
0.032500000000000195,0.32274999999999987,0.5845932611547355,0.6884449458660516,2.647291728576154,0.42280180270282014,overdamped
0.06500000000000017,0.32274999999999987,0.6015397613524032,0.7011548210143024,2.832437032301047,0.4521602638741249,overdamped
0.09749999999999992,0.32274999999999987,0.6189487044004921,0.714211528300369,3.1001106212107263,0.49137719103564215,overdamped
0.13000000000000012,0.32274999999999987,0.6368172785077414,0.727612958880806,3.428698920942981,0.5351293507568536,overdamped
0.1625000000000003,0.32274999999999987,0.6551415947284818,0.7413561960463613,3.810892356625146,0.5810266817598484,overdamped
0.19500000000000006,0.32274999999999987,0.6739167329285297,0.7554375496963973,4.247284828402601,0.6281113863157856,overdamped
0.22750000000000026,0.32274999999999987,0.6931367986932392,0.7698525990199294,4.743885474160137,0.6761341958408891,overdamped
0.26,0.32274999999999987,0.7127949896833361,0.7845962422625021,5.311531060395833,0.7252197254577865,overdamped
0.2925000000000002,0.32274999999999987,0.732883669763337,0.7996627523225027,5.966476469903309,0.7757179322287189,overdamped
0.32499999999999996,0.32274999999999987,0.753394449119299,0.8150458368394742,6.732066567269344,0.8281484016672472,overdamped
0.35750000000000015,0.32274999999999987,0.7743182685469399,0.8307387014102049,7.64183825570966,0.8831978413350968,overdamped
0.3899999999999999,0.32274999999999987,0.7956454861230539,0.8467341145922904,8.744966089908996,0.9417581297673588,overdamped
0.4225000000000001,0.32274999999999987,0.8173659645645377,0.8630244734234033,10.116022414154548,1.0050097829433096,overdamped
0.4550000000000003,0.32274999999999987,0.8394691577195701,0.8796018682896776,11.873396233133029,1.0745749611063464,overdamped
0.48750000000000004,0.32274999999999987,0.8619441948126008,0.8964581461094505,14.216706474020286,1.1527989968277115,overdamped
0.5200000000000002,0.32274999999999987,0.8847799612663646,0.9135849709497734,17.510658620495466,1.243302481312888,overdamped
0.5525,0.32274999999999987,0.9079651751382896,0.9309738813537172,22.500018305583733,1.3521828714451745,overdamped
0.5850000000000002,0.32274999999999987,0.9314884584247198,0.9514884584247199,26.669057490833424,1.4260076675922724,overdamped
0.6174999999999999,0.32274999999999987,0.9553384026952538,0.9753384026952538,27.57507005706892,1.440516624479764,overdamped
0.6500000000000001,0.32274999999999987,0.9795036287141576,0.999,29.16781159555804,1.4649038460697543,overdamped
-0.6499999999999999,0.3388333333333331,0.9916770832519541,0.999,75.26851896553251,1.876613370645343,overdamped
-0.6174999999999999,0.3388333333333331,0.9676581087931253,0.9876581087931253,27.256776866606174,1.4354744989011807,overdamped
-0.585,0.3388333333333331,0.9439519040829746,0.9639519040829746,26.346307269404058,1.4207197525692001,overdamped
-0.5525,0.3388333333333331,0.9205693275335866,0.9405693275335866,25.40949396006411,1.4049960159932986,overdamped
-0.5199999999999998,0.3388333333333331,0.8975212414761824,0.9231409311071368,19.302523471287973,1.2856140892158336,overdamped
-0.4874999999999998,0.3388333333333331,0.8748184557425865,0.9061138418069399,15.356094358917577,1.1862807720720485,overdamped
-0.45499999999999985,0.3388333333333331,0.852471666024415,0.8893537495183113,12.639606469124415,1.1017335525105838,overdamped
-0.4224999999999999,0.3388333333333331,0.830491387371139,0.8728685405283543,10.649624436771585,1.0273342924776998,overdamped
-0.3899999999999999,0.3388333333333331,0.8088878833576478,0.8566659125182359,9.124086719239708,0.9601894043455472,overdamped
-0.35749999999999993,0.3388333333333331,0.7876710916312006,0.8407533187234004,7.913180020047266,0.8983510457760192,overdamped
-0.32499999999999996,0.3388333333333331,0.7668505467303997,0.8251379100477998,6.925136579281493,0.8404283430857096,overdamped
-0.2925,0.3388333333333331,0.7464353012473174,0.8098264759354881,6.100732783509878,0.7853820029978542,overdamped
-0.26,0.3388333333333331,0.7264338465692008,0.7948253849269007,5.400233339123176,0.7324125256941199,overdamped
-0.2274999999999998,0.3388333333333331,0.7068540345785324,0.7801405259338993,4.796287899321909,0.6809052439293528,overdamped
-0.19499999999999984,0.3388333333333331,0.687703001799663,0.7657772513497473,4.269940559831242,0.6304218294238596,overdamped
-0.16249999999999987,0.3388333333333331,0.6689870975473073,0.7517403231604805,3.808458278180963,0.5807492022413288,overdamped
-0.1299999999999999,0.3388333333333331,0.6507118176486907,0.738033863236518,3.4044577564284397,0.5320479496866789,overdamped
-0.09749999999999992,0.3388333333333331,0.6328817452709903,0.7246613089532428,3.0563691843093133,0.4852058122807439,overdamped
-0.06499999999999995,0.3388333333333331,0.6155005002856627,0.7116253752142471,2.7710165764697314,0.44263912377855114,overdamped
-0.03249999999999997,0.3388333333333331,0.5985706984414456,0.6989280238310842,2.5706091682983017,0.4100360521566846,overdamped
2.220446049250313e-16,0.3388333333333331,0.5820939214021508,0.6865704410516131,2.5100846227977645,0.39968836315219597,overdamped
0.032500000000000195,0.3388333333333331,0.5985706984414457,0.6989280238310843,2.5706091682983017,0.4100360521566846,overdamped
0.06500000000000017,0.3388333333333331,0.6155005002856628,0.7116253752142472,2.7710165764697328,0.4426391237785513,overdamped
0.09749999999999992,0.3388333333333331,0.6328817452709903,0.7246613089532428,3.0563691843093133,0.4852058122807439,overdamped
0.13000000000000012,0.3388333333333331,0.6507118176486908,0.7380338632365181,3.4044577564284437,0.5320479496866795,overdamped
0.1625000000000003,0.3388333333333331,0.6689870975473076,0.7517403231604807,3.8084582781809666,0.5807492022413292,overdamped
0.19500000000000006,0.3388333333333331,0.6877030017996631,0.7657772513497474,4.269940559831244,0.6304218294238598,overdamped
0.22750000000000026,0.3388333333333331,0.7068540345785327,0.7801405259338995,4.796287899321917,0.6809052439293536,overdamped
0.26,0.3388333333333331,0.7264338465692008,0.7948253849269007,5.400233339123176,0.7324125256941199,overdamped
0.2925000000000002,0.3388333333333331,0.7464353012473175,0.8098264759354881,6.100732783509886,0.7853820029978549,overdamped
0.32499999999999996,0.3388333333333331,0.7668505467303997,0.8251379100477998,6.925136579281493,0.8404283430857096,overdamped
0.35750000000000015,0.3388333333333331,0.7876710916312009,0.8407533187234006,7.913180020047256,0.8983510457760187,overdamped
0.3899999999999999,0.3388333333333331,0.8088878833576478,0.8566659125182359,9.124086719239708,0.9601894043455472,overdamped
0.4225000000000001,0.3388333333333331,0.8304913873711391,0.8728685405283544,10.649624436771592,1.0273342924777,overdamped
0.4550000000000003,0.3388333333333331,0.8524716660244153,0.8893537495183115,12.639606469124455,1.1017335525105851,overdamped
0.48750000000000004,0.3388333333333331,0.8748184557425868,0.9061138418069401,15.35609435891754,1.1862807720720476,overdamped
0.5200000000000002,0.3388333333333331,0.8975212414761828,0.9231409311071371,19.302523471287945,1.285614089215833,overdamped
0.5525,0.3388333333333331,0.9205693275335866,0.9405693275335866,25.40949396006411,1.4049960159932986,overdamped
0.5850000000000002,0.3388333333333331,0.9439519040829747,0.9639519040829747,26.34630726940411,1.420719752569201,overdamped
0.6174999999999999,0.3388333333333331,0.9676581087931253,0.9876581087931253,27.256776866606174,1.4354744989011807,overdamped
0.6500000000000001,0.3388333333333331,0.9916770832519544,0.999,75.26851896553433,1.8766133706453534,overdamped
-0.6174999999999999,0.35491666666666655,0.9797516610759368,0.999,27.982735213252013,1.4468901629779805,overdamped
-0.585,0.35491666666666655,0.9561813366870177,0.9761813366870177,26.051836630082505,1.4158383460690593,overdamped
-0.5525,0.35491666666666655,0.9329316041025258,0.9529316041025259,25.1118765231784,1.3998791672414403,overdamped
-0.5199999999999998,0.35491666666666655,0.9100128203863876,0.9325096152897907,21.57471311796022,1.3339450295499269,overdamped
-0.4874999999999998,0.35491666666666655,0.8874352718267418,0.9155764538700564,16.74433884225971,1.22386800390174,overdamped
-0.45499999999999985,0.35491666666666655,0.8652091160291393,0.8989068370218545,13.549667710775744,1.131928644793745,overdamped
-0.4224999999999999,0.35491666666666655,0.8433443198342051,0.8825082398756539,11.273095590113517,1.0520431896132714,overdamped
-0.3899999999999999,0.35491666666666655,0.821850593576066,0.8663879451820495,9.562746974363547,0.9805826647073647,overdamped
-0.35749999999999993,0.35491666666666655,0.8007373223520448,0.8505529917640335,8.225856546757862,0.9151811314441615,overdamped
-0.32499999999999996,0.35491666666666655,0.7800134951291887,0.8350101213468916,7.148046493635078,0.8541873686606197,overdamped
-0.2925,0.35491666666666655,0.7596876326625768,0.8197657244969325,6.2572791886066925,0.796385532852905,overdamped
-0.26,0.35491666666666655,0.7397677153364768,0.8048257865023576,5.506112280275182,0.7408450632517815,overdamped
-0.2274999999999998,0.35491666666666655,0.7202611121543169,0.7901958341157377,4.862320671347414,0.6868435972889453,overdamped
-0.19499999999999984,0.35491666666666655,0.7011745121890326,0.7758808841417745,4.30372212119382,0.6338442224334034,overdamped
-0.16249999999999987,0.35491666666666655,0.6825138598541131,0.7618853948905848,3.8153540040943623,0.5815348397724527,overdamped
-0.1299999999999999,0.35491666666666655,0.6642842953612804,0.7482132215209603,3.388233027168096,0.5299732714736156,overdamped
-0.09749999999999992,0.35491666666666655,0.6464901016885737,0.7348675762664303,3.0196439156640213,0.4799557328313398,overdamped
-0.06499999999999995,0.35491666666666655,0.6291346592904794,0.7218509944678595,2.7157874686532177,0.43389578004046503,overdamped
-0.03249999999999997,0.35491666666666655,0.6122204096401653,0.709165307230124,2.499415729082446,0.3978384985555216,overdamped
2.220446049250313e-16,0.35491666666666655,0.5957488285063318,0.6968116213797488,2.429299450021927,0.38548105184772385,overdamped
0.032500000000000195,0.35491666666666655,0.6122204096401654,0.709165307230124,2.4994157290824464,0.39783849855552167,overdamped
0.06500000000000017,0.35491666666666655,0.6291346592904795,0.7218509944678596,2.7157874686532186,0.4338957800404652,overdamped
0.09749999999999992,0.35491666666666655,0.6464901016885737,0.7348675762664303,3.0196439156640213,0.4799557328313398,overdamped
0.13000000000000012,0.35491666666666655,0.6642842953612805,0.7482132215209604,3.3882330271680985,0.529973271473616,overdamped
0.1625000000000003,0.35491666666666655,0.6825138598541133,0.7618853948905849,3.8153540040943708,0.5815348397724537,overdamped
0.19500000000000006,0.35491666666666655,0.7011745121890327,0.7758808841417746,4.303722121193821,0.6338442224334035,overdamped
0.22750000000000026,0.35491666666666655,0.7202611121543172,0.7901958341157379,4.862320671347419,0.6868435972889457,overdamped
0.26,0.35491666666666655,0.7397677153364768,0.8048257865023576,5.506112280275182,0.7408450632517815,overdamped
0.2925000000000002,0.35491666666666655,0.7596876326625769,0.8197657244969326,6.257279188606694,0.7963855328529051,overdamped
0.32499999999999996,0.35491666666666655,0.7800134951291887,0.8350101213468916,7.148046493635078,0.8541873686606197,overdamped
0.35750000000000015,0.35491666666666655,0.8007373223520449,0.8505529917640337,8.225856546757875,0.9151811314441621,overdamped
0.3899999999999999,0.35491666666666655,0.821850593576066,0.8663879451820495,9.562746974363547,0.9805826647073647,overdamped
0.4225000000000001,0.35491666666666655,0.8433443198342052,0.8825082398756539,11.273095590113538,1.0520431896132723,overdamped
0.4550000000000003,0.35491666666666655,0.8652091160291396,0.8989068370218547,13.549667710775747,1.131928644793745,overdamped
0.48750000000000004,0.35491666666666655,0.887435271826742,0.9155764538700565,16.744338842259737,1.2238680039017407,overdamped
0.5200000000000002,0.35491666666666655,0.9100128203863881,0.932509615289791,21.574713117960172,1.333945029549926,overdamped
0.5525,0.35491666666666655,0.9329316041025258,0.9529316041025259,25.1118765231784,1.3998791672414403,overdamped
0.5850000000000002,0.35491666666666655,0.9561813366870179,0.9761813366870179,26.051836630082548,1.41583834606906,overdamped
0.6174999999999999,0.35491666666666655,0.9797516610759368,0.999,27.982735213252013,1.4468901629779805,overdamped
-0.6174999999999999,0.3709999999999998,0.991631074931792,0.999,70.87664595623124,1.850503157564574,overdamped
-0.585,0.3709999999999998,0.968189462697177,0.988189462697177,25.78292525427154,1.4113321895773696,overdamped
-0.5525,0.3709999999999998,0.9450654173611728,0.9650654173611728,24.84027438736381,1.3951563887774834,overdamped
-0.5199999999999998,0.3709999999999998,0.9222688275919375,0.9422688275919375,23.870126618968143,1.3778547227257878,overdamped
-0.4874999999999998,0.3709999999999998,0.8998094961586941,0.9248571221190206,18.46480029306286,1.2663446148795066,overdamped
-0.45499999999999985,0.3709999999999998,0.8776970855056178,0.9082728141292133,14.642169480506055,1.1656054294278464,overdamped
-0.4224999999999999,0.3709999999999998,0.8559410597332645,0.8919557947999484,12.00626473744933,1.0794079152938683,overdamped
-0.3899999999999999,0.3709999999999998,0.8345506234849589,0.8759129676137192,10.071888328780204,1.0031109019227407,overdamped
-0.35749999999999993,0.3709999999999998,0.8135346583684893,0.860150993776367,8.586200629903223,0.933801032226564,overdamped
-0.32499999999999996,0.3709999999999998,0.7929016576754853,0.844676243256614,7.404567251110254,0.8694996819056122,overdamped
-0.2925,0.3709999999999998,0.7726596602863015,0.8294947452147261,6.438381950082323,0.8087767371667316,overdamped
-0.26,0.3709999999999998,0.7528161847608006,0.8146121385706004,5.630510069223975,0.7505477394721761,overdamped
-0.2274999999999998,0.3709999999999998,0.7333781647084804,0.8000336235313603,4.9427373335899585,0.6939675318438482,overdamped
-0.19499999999999984,0.3709999999999998,0.7143518865983954,0.7857639149487966,4.34899683236935,0.63838909134319,overdamped
-0.16249999999999987,0.3709999999999998,0.6957429312042569,0.7718071984031927,3.8316876296615807,0.5833900968981917,overdamped
-0.1299999999999999,0.3709999999999998,0.6775561198780073,0.7581670899085056,3.3799557998016834,0.5289110209795064,overdamped
-0.09749999999999992,0.3709999999999998,0.6597954668025937,0.7448466001019453,2.9897412983499136,0.47563361054520603,overdamped
-0.06499999999999995,0.3709999999999998,0.6424641382901126,0.7318481037175845,2.6664567593173096,0.4259345453254201,overdamped
-0.03249999999999997,0.3709999999999998,0.6255644200656996,0.7191733150492747,2.4333126607559823,0.3861979158017221,overdamped
2.220446049250313e-16,0.3709999999999998,0.6090976933136424,0.7068232699852318,2.353271635990086,0.3716720602838553,overdamped
0.032500000000000195,0.3709999999999998,0.6255644200656997,0.7191733150492747,2.433312660755984,0.38619791580172236,overdamped
0.06500000000000017,0.3709999999999998,0.6424641382901127,0.7318481037175846,2.6664567593173127,0.4259345453254206,overdamped
0.09749999999999992,0.3709999999999998,0.6597954668025937,0.7448466001019453,2.9897412983499136,0.47563361054520603,overdamped
0.13000000000000012,0.3709999999999998,0.6775561198780075,0.7581670899085056,3.3799557998016887,0.5289110209795072,overdamped
0.1625000000000003,0.3709999999999998,0.6957429312042572,0.7718071984031929,3.831687629661588,0.5833900968981924,overdamped
0.19500000000000006,0.3709999999999998,0.7143518865983955,0.7857639149487967,4.348996832369354,0.6383890913431904,overdamped
0.22750000000000026,0.3709999999999998,0.7333781647084806,0.8000336235313604,4.942737333589968,0.6939675318438491,overdamped
0.26,0.3709999999999998,0.7528161847608006,0.8146121385706004,5.630510069223975,0.7505477394721761,overdamped
0.2925000000000002,0.3709999999999998,0.7726596602863017,0.8294947452147263,6.438381950082319,0.8087767371667313,overdamped
0.32499999999999996,0.3709999999999998,0.7929016576754853,0.844676243256614,7.404567251110254,0.8694996819056122,overdamped
0.35750000000000015,0.3709999999999998,0.8135346583684895,0.8601509937763672,8.586200629903207,0.9338010322265631,overdamped
0.3899999999999999,0.3709999999999998,0.8345506234849589,0.8759129676137192,10.071888328780204,1.0031109019227407,overdamped
0.4225000000000001,0.3709999999999998,0.8559410597332647,0.8919557947999486,12.006264737449317,1.0794079152938678,overdamped
0.4550000000000003,0.3709999999999998,0.8776970855056181,0.9082728141292136,14.642169480506102,1.1656054294278477,overdamped
0.48750000000000004,0.3709999999999998,0.8998094961586943,0.9248571221190207,18.464800293062908,1.2663446148795077,overdamped
0.5200000000000002,0.3709999999999998,0.9222688275919378,0.9422688275919379,23.870126618968158,1.377854722725788,overdamped
0.5525,0.3709999999999998,0.9450654173611728,0.9650654173611728,24.84027438736381,1.3951563887774834,overdamped
0.5850000000000002,0.3709999999999998,0.9681894626971771,0.9881894626971771,25.782925254271596,1.4113321895773705,overdamped
0.6174999999999999,0.3709999999999998,0.991631074931792,0.999,70.87664595623124,1.850503157564574,overdamped
-0.585,0.3870833333333332,0.9799878786810231,0.999,26.81533764597391,1.4283832697630103,overdamped
-0.5525,0.3870833333333332,0.9569829842407618,0.9769829842407618,24.59221578329146,1.3907976608697894,overdamped
-0.5199999999999998,0.3870833333333332,0.9343021083559898,0.9543021083559898,23.620408955085463,1.3732874125577434,overdamped
-0.4874999999999998,0.3870833333333332,0.9119546062646778,0.9339659546985084,20.643776536542454,1.314789149299688,overdamped
-0.45499999999999985,0.3870833333333332,0.8899496836238455,0.9174622627178841,15.971574287977578,1.2033477258369643,overdamped
-0.4224999999999999,0.3870833333333332,0.8682963422265839,0.9012222566699379,12.875796071066095,1.1097740896420283,overdamped
-0.3899999999999999,0.3870833333333332,0.8470033230999158,0.8852524923249369,10.665735017368098,1.027990789742098,overdamped
-0.35749999999999993,0.3870833333333332,0.8260790475742095,0.8695592856806571,9.002257376366497,0.9543514253473903,overdamped
-0.32499999999999996,0.3870833333333332,0.805531557027595,0.8541486677706963,7.699423826818338,0.8864582267054811,overdamped
-0.2925,0.3870833333333332,0.7853684521145773,0.8390263390859329,6.646869390288364,0.8226171450545166,overdamped
-0.26,0.3870833333333332,0.7655968323814502,0.8241976242860876,5.7751171635343175,0.7615607994663945,overdamped
-0.2274999999999998,0.3870833333333332,0.7462232372467099,0.8096674279350324,5.038518076891195,0.7023028210356829,overdamped
-0.19499999999999984,0.3870833333333332,0.7272535893770936,0.7954401920328202,4.4062872270651425,0.6440728035418676,overdamped
-0.16249999999999987,0.3870833333333332,0.7086931415142994,0.7815198561357246,3.8576797351625363,0.5863261696466169,overdamped
-0.1299999999999999,0.3870833333333332,0.6905464277999941,0.7679098208499956,3.3796443799653044,0.5288710044362218,overdamped
-0.09749999999999992,0.3870833333333332,0.6728172206047464,0.7546129154535598,2.9665416339782804,0.47225044782942893,overdamped
-0.06499999999999995,0.3870833333333332,0.6555084937890759,0.7416313703418069,2.6228004945122363,0.4187652568779287,overdamped
-0.03249999999999997,0.3870833333333332,0.6386223932127237,0.7289667949095429,2.3719682055523825,0.3751088633407499,overdamped
2.220446049250313e-16,0.3870833333333332,0.6221602151643364,0.7166201613732524,2.2815718051345115,0.3582341413457905,overdamped
0.032500000000000195,0.3870833333333332,0.6386223932127238,0.7289667949095429,2.3719682055523847,0.3751088633407503,overdamped
0.06500000000000017,0.3870833333333332,0.655508493789076,0.741631370341807,2.6228004945122376,0.4187652568779289,overdamped
0.09749999999999992,0.3870833333333332,0.6728172206047464,0.7546129154535598,2.9665416339782804,0.47225044782942893,overdamped
0.13000000000000012,0.3870833333333332,0.6905464277999942,0.7679098208499957,3.3796443799653084,0.5288710044362223,overdamped
0.1625000000000003,0.3870833333333332,0.7086931415142996,0.7815198561357247,3.8576797351625425,0.5863261696466175,overdamped
0.19500000000000006,0.3870833333333332,0.7272535893770937,0.7954401920328202,4.406287227065149,0.6440728035418682,overdamped
0.22750000000000026,0.3870833333333332,0.7462232372467102,0.8096674279350327,5.038518076891204,0.7023028210356836,overdamped
0.26,0.3870833333333332,0.7655968323814502,0.8241976242860876,5.7751171635343175,0.7615607994663945,overdamped
0.2925000000000002,0.3870833333333332,0.7853684521145774,0.839026339085933,6.646869390288372,0.8226171450545171,overdamped
0.32499999999999996,0.3870833333333332,0.805531557027595,0.8541486677706963,7.699423826818338,0.8864582267054811,overdamped
0.35750000000000015,0.3870833333333332,0.8260790475742097,0.8695592856806573,9.00225737636648,0.9543514253473894,overdamped
0.3899999999999999,0.3870833333333332,0.8470033230999158,0.8852524923249369,10.665735017368098,1.027990789742098,overdamped
0.4225000000000001,0.3870833333333332,0.868296342226584,0.901222256669938,12.875796071066096,1.1097740896420283,overdamped
0.4550000000000003,0.3870833333333332,0.8899496836238459,0.9174622627178843,15.971574287977655,1.2033477258369663,overdamped
0.48750000000000004,0.3870833333333332,0.911954606264678,0.9339659546985084,20.64377653654259,1.3147891492996908,overdamped
0.5200000000000002,0.3870833333333332,0.93430210835599,0.95430210835599,23.62040895508555,1.373287412557745,overdamped
0.5525,0.3870833333333332,0.9569829842407618,0.9769829842407618,24.59221578329146,1.3907976608697894,overdamped
0.5850000000000002,0.3870833333333332,0.9799878786810233,0.999,26.81533764597416,1.4283832697630143,overdamped
-0.585,0.40316666666666645,0.9915872024766771,0.999,66.71029509668311,1.8241928617825134,overdamped
-0.5525,0.40316666666666645,0.9686954701755701,0.9886954701755701,24.3655373863409,1.3867759942664135,overdamped
-0.5199999999999998,0.40316666666666645,0.9461243813381551,0.9661243813381551,23.392298489297872,1.3690728969769759,overdamped
-0.4874999999999998,0.40316666666666645,0.9238828761107394,0.9438828761107394,22.390408196149203,1.3500620112082917,overdamped
-0.45499999999999985,0.40316666666666645,0.9019797377732458,0.9264848033299343,17.617193659342174,1.2459367284046408,overdamped
-0.4224999999999999,0.40316666666666645,0.8804235418907912,0.9103176564180934,13.91832113106517,1.1435868525527775,overdamped
-0.3899999999999999,0.40316666666666645,0.8592226032488403,0.8944169524366302,11.363051123837367,1.0554949606293123,overdamped
-0.35749999999999993,0.40316666666666645,0.8383849211243037,0.8787886908432279,9.484341504808217,0.9770071833263465,overdamped
-0.32499999999999996,0.40316666666666645,0.8179181235415042,0.8634385926561281,8.038560281163944,0.9051782728858456,overdamped
-0.2925,0.40316666666666645,0.7978294112513581,0.8483720584385186,6.886263847648372,0.8379836587088388,overdamped
-0.26,0.40316666666666645,0.7781255022498856,0.8335941266874143,5.942039323180821,0.7739355215477416,overdamped
-0.2274999999999998,0.40316666666666645,0.7588125777137178,0.8191094332852884,5.150903251211846,0.7118833926568499,overdamped
-0.19499999999999984,0.40316666666666645,0.7398962302712138,0.8049221727034104,4.476286379404661,0.6509178636062195,overdamped
-0.16249999999999987,0.40316666666666645,0.7213814155442352,0.7910360616581764,3.8936683377546895,0.5903589556027503,overdamped
-0.1299999999999999,0.40316666666666645,0.7032724078844912,0.7774543059133684,3.3874029791701035,0.5298668651475648,overdamped
-0.09749999999999992,0.40316666666666645,0.6855727611876529,0.7641795708907396,2.9499936919306746,0.4698210873128652,overdamped
-0.06499999999999995,0.40316666666666645,0.6682852755975608,0.7512139566981706,2.584656025763618,0.41240275398596676,overdamped
-0.03249999999999997,0.40316666666666645,0.6514119708126948,0.7385589781095211,2.3151087914538726,0.3645714041738213,overdamped
2.220446049250313e-16,0.40316666666666645,0.6349540665801477,0.7262155499351108,2.2138242178319802,0.3451431340421022,overdamped
0.032500000000000195,0.40316666666666645,0.6514119708126949,0.7385589781095212,2.315108791453874,0.3645714041738215,overdamped
0.06500000000000017,0.40316666666666645,0.668285275597561,0.7512139566981708,2.5846560257636186,0.4124027539859669,overdamped
0.09749999999999992,0.40316666666666645,0.6855727611876529,0.7641795708907396,2.9499936919306746,0.4698210873128652,overdamped
0.13000000000000012,0.40316666666666645,0.7032724078844913,0.7774543059133685,3.387402979170102,0.5298668651475646,overdamped
0.1625000000000003,0.40316666666666645,0.7213814155442354,0.7910360616581765,3.8936683377546957,0.590358955602751,overdamped
0.19500000000000006,0.40316666666666645,0.739896230271214,0.8049221727034105,4.476286379404665,0.65091786360622,overdamped
0.22750000000000026,0.40316666666666645,0.7588125777137181,0.8191094332852886,5.1509032512118536,0.7118833926568505,overdamped
0.26,0.40316666666666645,0.7781255022498856,0.8335941266874143,5.942039323180821,0.7739355215477416,overdamped
0.2925000000000002,0.40316666666666645,0.7978294112513582,0.8483720584385186,6.886263847648392,0.8379836587088401,overdamped
0.32499999999999996,0.40316666666666645,0.8179181235415042,0.8634385926561281,8.038560281163944,0.9051782728858456,overdamped
0.35750000000000015,0.40316666666666645,0.8383849211243039,0.8787886908432279,9.484341504808258,0.9770071833263484,overdamped
0.3899999999999999,0.40316666666666645,0.8592226032488403,0.8944169524366302,11.363051123837367,1.0554949606293123,overdamped
0.4225000000000001,0.40316666666666645,0.8804235418907913,0.9103176564180935,13.918321131065186,1.143586852552778,overdamped
0.4550000000000003,0.40316666666666645,0.901979737773246,0.9264848033299345,17.61719365934227,1.2459367284046432,overdamped
0.48750000000000004,0.40316666666666645,0.9238828761107395,0.9438828761107395,22.39040819614926,1.3500620112082928,overdamped
0.5200000000000002,0.40316666666666645,0.9461243813381556,0.9661243813381556,23.392298489297684,1.3690728969769723,overdamped
0.5525,0.40316666666666645,0.9686954701755701,0.9886954701755701,24.3655373863409,1.3867759942664135,overdamped
0.5850000000000002,0.40316666666666645,0.9915872024766772,0.999,66.71029509668435,1.8241928617825216,overdamped
-0.5525,0.4192499999999999,0.9802131116045781,0.999,25.657444008945788,1.4092133898370214,overdamped
-0.5199999999999998,0.4192499999999999,0.9577463722585734,0.9777463722585734,23.183834872543375,1.3651852748645643,overdamped
-0.4874999999999998,0.4192499999999999,0.9356055214060228,0.9556055214060228,22.18132854373036,1.34598755452422,overdamped
-0.45499999999999985,0.4192499999999999,0.9137989508953075,0.9353492131714807,19.69905698508548,1.294445436518127,overdamped
-0.4224999999999999,0.4192499999999999,0.8923348423654719,0.9192511317741039,15.185484808292033,1.1814286616612644,overdamped
-0.3899999999999999,0.4192499999999999,0.8712211176826702,0.9034158382620027,12.189037376927972,1.085969408785239,overdamped
-0.35749999999999993,0.4192499999999999,0.8504653880178716,0.8878490410134037,10.045839064147902,1.0019862164163678,overdamped
-0.32499999999999996,0.4192499999999999,0.8300749021645435,0.8725561766234076,8.429508198829476,0.9258022374046889,overdamped
-0.2925,0.4192499999999999,0.8100564947708782,0.8575423710781587,7.160961096704015,0.8549713143446731,overdamped
-0.26,0.4192499999999999,0.7904165352260646,0.8428124014195484,6.133888040928123,0.7877358447389249,overdamped
-0.2274999999999998,0.4192499999999999,0.7711608779903172,0.8283706584927379,5.2814392548187294,0.7227522890584147,overdamped
-0.19499999999999984,0.4192499999999999,0.752294815190224,0.8142211113926681,4.559880319035259,0.6589534440976204,overdamped
-0.16249999999999987,0.4192499999999999,0.7338230323113266,0.800367274233495,3.9401183156432547,0.5955092632112321,overdamped
-0.1299999999999999,0.4192499999999999,0.7157495678062336,0.7868121758546751,3.403423530569174,0.5319159971545354,overdamped
-0.09749999999999992,0.4192499999999999,0.6980777773975173,0.7735583330481379,2.94011179585239,0.4683638444933463,overdamped
-0.06499999999999995,0.4192499999999999,0.6808103037897824,0.7606077278423368,2.551916361839612,0.40686643643361803,overdamped
-0.03249999999999997,0.4192499999999999,0.6639490524155488,0.7479617893116616,2.2625122968335796,0.35459094828937604,overdamped
2.220446049250313e-16,0.4192499999999999,0.647495173727187,0.7356213802953903,2.149698222953145,0.3323774974481793,overdamped
0.032500000000000195,0.4192499999999999,0.6639490524155489,0.7479617893116617,2.2625122968335796,0.35459094828937604,overdamped
0.06500000000000017,0.4192499999999999,0.6808103037897825,0.7606077278423369,2.5519163618396146,0.4068664364336185,overdamped
0.09749999999999992,0.4192499999999999,0.6980777773975173,0.7735583330481379,2.94011179585239,0.4683638444933463,overdamped
0.13000000000000012,0.4192499999999999,0.7157495678062337,0.7868121758546752,3.4034235305691776,0.5319159971545359,overdamped
0.1625000000000003,0.4192499999999999,0.7338230323113268,0.8003672742334951,3.9401183156432658,0.5955092632112333,overdamped
0.19500000000000006,0.4192499999999999,0.7522948151902242,0.8142211113926682,4.559880319035261,0.6589534440976206,overdamped
0.22750000000000026,0.4192499999999999,0.7711608779903174,0.828370658492738,5.281439254818748,0.7227522890584162,overdamped
0.26,0.4192499999999999,0.7904165352260646,0.8428124014195484,6.133888040928123,0.7877358447389249,overdamped
0.2925000000000002,0.4192499999999999,0.8100564947708783,0.8575423710781587,7.1609610967040425,0.8549713143446748,overdamped
0.32499999999999996,0.4192499999999999,0.8300749021645435,0.8725561766234076,8.429508198829476,0.9258022374046889,overdamped
0.35750000000000015,0.4192499999999999,0.8504653880178717,0.8878490410134038,10.04583906414791,1.0019862164163682,overdamped
0.3899999999999999,0.4192499999999999,0.8712211176826702,0.9034158382620027,12.189037376927972,1.085969408785239,overdamped
0.4225000000000001,0.4192499999999999,0.8923348423654721,0.9192511317741041,15.185484808292024,1.1814286616612641,overdamped
0.4550000000000003,0.4192499999999999,0.9137989508953078,0.9353492131714809,19.69905698508558,1.2944454365181293,overdamped
0.48750000000000004,0.4192499999999999,0.9356055214060229,0.955605521406023,22.18132854373043,1.3459875545242213,overdamped
0.5200000000000002,0.4192499999999999,0.9577463722585736,0.9777463722585736,23.183834872543404,1.3651852748645648,overdamped
0.5525,0.4192499999999999,0.9802131116045781,0.999,25.657444008945788,1.4092133898370214,overdamped
-0.5525,0.43533333333333313,0.9915453207125944,0.999,62.73152800533092,1.7974858661472735,overdamped
-0.5199999999999998,0.43533333333333313,0.9691779278385171,0.9891779278385171,22.993291560921524,1.3616011463202153,overdamped
-0.4874999999999998,0.43533333333333313,0.9471328231008581,0.9671328231008581,21.99023510356208,1.342229872545596,overdamped
-0.45499999999999985,0.43533333333333313,0.9254180348245293,0.9454180348245294,20.957332151276365,1.3213359965501204,overdamped
-0.4224999999999999,0.43533333333333313,0.9040413797337067,0.92803103480028,16.752420083059395,1.2240775548234963,overdamped
-0.3899999999999999,0.43533333333333313,0.8830104165878109,0.9122578124408581,13.17827911753827,1.119858701718343,overdamped
-0.35749999999999993,0.43533333333333313,0.8623323987152778,0.8967492990364583,10.704385581810255,1.0295617443920326,overdamped
-0.32499999999999996,0.43533333333333313,0.8420142259977587,0.881510669498319,8.881906295632145,0.9485061870425032,overdamped
-0.2925,0.43533333333333313,0.822062396921907,0.8665467976914303,7.476476093376036,0.8736969489591585,overdamped
-0.26,0.43533333333333313,0.8024829613702738,0.8518622210277054,6.353902258565106,0.8030405298344845,overdamped
-0.2274999999999998,0.43533333333333313,0.7832814748638282,0.8374611061478712,5.432040172116025,0.7349629730662236,overdamped
-0.19499999999999984,0.43533333333333313,0.7644629549932538,0.8233472162449403,4.658178925146523,0.668216166189088,overdamped
-0.16249999999999987,0.43533333333333313,0.7460318407818711,0.8095238805864033,3.9976357797325903,0.6018032234844827,overdamped
-0.1299999999999999,0.43533333333333313,0.72799195570786,0.7959939667808951,3.4279906904222783,0.5350396338160021,overdamped
-0.09749999999999992,0.43533333333333313,0.7103464750762606,0.7827598563071955,2.936975163387526,0.4679002739149166,overdamped
-0.06499999999999995,0.43533333333333313,0.6930978983718712,0.7698234237789034,2.524526225710332,0.40217988666633214,overdamped
-0.03249999999999997,0.43533333333333313,0.6762480271435158,0.7571860203576368,2.2140029538288073,0.3451781959603624,overdamped
2.220446049250313e-16,0.43533333333333313,0.6597979488702077,0.7448484616526558,2.0889013461425576,0.319917929766034,overdamped
0.032500000000000195,0.43533333333333313,0.676248027143516,0.7571860203576369,2.2140029538288086,0.3451781959603627,overdamped
0.06500000000000017,0.43533333333333313,0.6930978983718713,0.7698234237789034,2.5245262257103356,0.40217988666633275,overdamped
0.09749999999999992,0.43533333333333313,0.7103464750762606,0.7827598563071955,2.936975163387526,0.4679002739149166,overdamped
0.13000000000000012,0.43533333333333313,0.7279919557078601,0.7959939667808951,3.427990690422283,0.5350396338160026,overdamped
0.1625000000000003,0.43533333333333313,0.7460318407818713,0.8095238805864036,3.997635779732597,0.6018032234844835,overdamped
0.19500000000000006,0.43533333333333313,0.7644629549932539,0.8233472162449404,4.658178925146523,0.668216166189088,overdamped
0.22750000000000026,0.43533333333333313,0.7832814748638285,0.8374611061478714,5.432040172116038,0.7349629730662246,overdamped
0.26,0.43533333333333313,0.8024829613702738,0.8518622210277054,6.353902258565106,0.8030405298344845,overdamped
0.2925000000000002,0.43533333333333313,0.8220623969219071,0.8665467976914303,7.4764760933760614,0.87369694895916,overdamped
0.32499999999999996,0.43533333333333313,0.8420142259977587,0.881510669498319,8.881906295632145,0.9485061870425032,overdamped
0.35750000000000015,0.43533333333333313,0.862332398715278,0.8967492990364585,10.704385581810238,1.029561744392032,overdamped
0.3899999999999999,0.43533333333333313,0.8830104165878109,0.9122578124408581,13.17827911753827,1.119858701718343,overdamped
0.4225000000000001,0.43533333333333313,0.9040413797337069,0.9280310348002802,16.752420083059413,1.2240775548234968,overdamped
0.4550000000000003,0.43533333333333313,0.9254180348245297,0.9454180348245297,20.957332151276262,1.3213359965501181,overdamped
0.48750000000000004,0.43533333333333313,0.9471328231008582,0.9671328231008582,21.99023510356208,1.342229872545596,overdamped
0.5200000000000002,0.43533333333333313,0.9691779278385174,0.9891779278385174,22.993291560921506,1.361601146320215,overdamped
0.5525,0.43533333333333313,0.9915453207125944,0.999,62.73152800533092,1.7974858661472735,overdamped
-0.5199999999999998,0.4514166666666666,0.9804281134621735,0.999,24.501243213190847,1.3891881213820987,overdamped
-0.4874999999999998,0.4514166666666666,0.9584742329504901,0.9784742329504901,21.815567664680408,1.338766518282303,overdamped
-0.45499999999999985,0.4514166666666666,0.9368468239631911,0.9568468239631911,20.782764694656674,1.3177033204958002,overdamped
-0.4224999999999999,0.4514166666666666,0.9155533644436653,0.9366650233327489,18.732712292077096,1.2726006630240536,overdamped
-0.3899999999999999,0.4514166666666666,0.8946010768049649,0.9209508076037237,14.379490967446948,1.1577435123374213,overdamped
-0.35749999999999993,0.4514166666666666,0.873996883608022,0.9054976627060165,11.483641755629687,1.0600796357593367,overdamped
-0.32499999999999996,0.4514166666666666,0.8537473628641679,0.8903105221481259,9.408246674864055,0.9735086956504153,overdamped
-0.2925,0.4514166666666666,0.8338587035274252,0.875394027645569,7.839783588058944,0.8943040744434916,overdamped
-0.26,0.4514166666666666,0.8143366617876515,0.8607524963407387,6.606112969177546,0.8199459961599571,overdamped
-0.2274999999999998,0.4514166666666666,0.7951865188091012,0.8463898891068259,5.605070079882128,0.7485810469248964,overdamped
-0.19499999999999984,0.4514166666666666,0.7764130405778538,0.8323097804333903,4.772557393264252,0.6787511597850525,overdamped
-0.16249999999999987,0.4514166666666666,0.7580204405237174,0.8185153303927881,4.066988223185128,0.6092729148159182,overdamped
-0.1299999999999999,0.4514166666666666,0.7400123455661137,0.8050092591745853,3.4614902696543433,0.5392631151352738,overdamped
-0.09749999999999992,0.4514166666666666,0.7223917661982269,0.7917938246486702,2.9407294649244244,0.4684550730297812,overdamped
-0.06499999999999995,0.4514166666666666,0.7051610711693271,0.7788708033769953,2.5024796112706618,0.39837054779023096,overdamped
-0.03249999999999997,0.4514166666666666,0.6883219672525157,0.7662414754393868,2.1694475719492026,0.33634915919522257,overdamped
2.220446049250313e-16,0.4514166666666666,0.6718754844959494,0.7539066133719621,2.031173653043482,0.30774705453953277,overdamped
0.032500000000000195,0.4514166666666666,0.6883219672525158,0.7662414754393869,2.1694475719492052,0.3363491591952231,overdamped
0.06500000000000017,0.4514166666666666,0.7051610711693272,0.7788708033769954,2.502479611270664,0.39837054779023134,overdamped
0.09749999999999992,0.4514166666666666,0.7223917661982269,0.7917938246486702,2.9407294649244244,0.4684550730297812,overdamped
0.13000000000000012,0.4514166666666666,0.7400123455661138,0.8050092591745854,3.4614902696543473,0.5392631151352744,overdamped
0.1625000000000003,0.4514166666666666,0.7580204405237176,0.8185153303927882,4.066988223185142,0.6092729148159196,overdamped
0.19500000000000006,0.4514166666666666,0.7764130405778539,0.8323097804333904,4.772557393264253,0.6787511597850526,overdamped
0.22750000000000026,0.4514166666666666,0.7951865188091014,0.846389889106826,5.605070079882146,0.7485810469248978,overdamped
0.26,0.4514166666666666,0.8143366617876515,0.8607524963407387,6.606112969177546,0.8199459961599571,overdamped
0.2925000000000002,0.4514166666666666,0.8338587035274254,0.8753940276455691,7.839783588058961,0.8943040744434925,overdamped
0.32499999999999996,0.4514166666666666,0.8537473628641679,0.8903105221481259,9.408246674864055,0.9735086956504153,overdamped
0.35750000000000015,0.4514166666666666,0.8739968836080222,0.9054976627060166,11.483641755629668,1.060079635759336,overdamped
0.3899999999999999,0.4514166666666666,0.8946010768049649,0.9209508076037237,14.379490967446948,1.1577435123374213,overdamped
0.4225000000000001,0.4514166666666666,0.9155533644436655,0.9366650233327491,18.732712292077014,1.2726006630240516,overdamped
0.4550000000000003,0.4514166666666666,0.9368468239631914,0.9568468239631914,20.782764694656642,1.3177033204957995,overdamped
0.48750000000000004,0.4514166666666666,0.9584742329504903,0.9784742329504903,21.815567664680348,1.3387665182823019,overdamped
0.5200000000000002,0.4514166666666666,0.9804281134621738,0.999,24.501243213191284,1.3891881213821065,overdamped
-0.5199999999999998,0.4674999999999998,0.9915052973150636,0.999,58.906548944109474,1.77016358022314,overdamped
-0.4874999999999998,0.4674999999999998,0.9696384642284926,0.9896384642284927,21.65594407755759,1.3355771212792809,overdamped
-0.45499999999999985,0.4674999999999998,0.9480943727229624,0.9680943727229624,20.62319458848978,1.3143559395455637,overdamped
-0.4224999999999999,0.4674999999999998,0.9268801855707316,0.9468801855707316,19.559341697897597,1.2913542337960808,overdamped
-0.3899999999999999,0.4674999999999998,0.9060028129339572,0.9295021097004679,15.863477075555016,1.2003983853283615,overdamped
-0.35749999999999993,0.4674999999999998,0.8854688709097839,0.9141016531823379,12.41605054670288,1.093983471964166,overdamped
-0.32499999999999996,0.4674999999999998,0.8652846398435297,0.8989634798826472,10.024970182003898,1.0010830895405562,overdamped
-0.2925,0.4674999999999998,0.8454560229288645,0.8840920171966483,8.259797608175196,0.9169694058276976,overdamped
-0.26,0.4674999999999998,0.8259885056522125,0.8694913792391594,6.895567936740623,0.8385700415974096,overdamped
-0.2274999999999998,0.4674999999999998,0.8068871166659592,0.8551653374994694,5.803453169311491,0.7636864842724612,overdamped
-0.19499999999999984,0.4674999999999998,0.7881563906893208,0.8411172930169906,4.904711318094657,0.6906134507275781,overdamped
-0.16249999999999987,0.4674999999999998,0.7698003340352103,0.8273502505264078,4.149131717569255,0.6179572220802361,overdamped
-0.1299999999999999,0.4674999999999998,0.7518223933448878,0.8138667950086658,3.5044215646755092,0.5446163441284325,overdamped
-0.09749999999999992,0.4674999999999998,0.7342254280789354,0.8006690710592016,2.951590705317932,0.4700561340636546,overdamped
-0.06499999999999995,0.4674999999999998,0.7170116872632635,0.7877587654474476,2.485818743967405,0.3954694584308802,overdamped
-0.03249999999999997,0.4674999999999998,0.7001827909232016,0.7751370931924012,2.1287528463429237,0.3281252416636458,overdamped
2.220446049250313e-16,0.4674999999999998,0.6837397165588671,0.7628047874191504,1.9762831159218637,0.2958491603300846,overdamped
0.032500000000000195,0.4674999999999998,0.7001827909232017,0.7751370931924013,2.128752846342924,0.3281252416636459,overdamped
0.06500000000000017,0.4674999999999998,0.7170116872632636,0.7877587654474477,2.4858187439674078,0.39546945843088066,overdamped
0.09749999999999992,0.4674999999999998,0.7342254280789354,0.8006690710592016,2.951590705317932,0.4700561340636546,overdamped
0.13000000000000012,0.4674999999999998,0.7518223933448879,0.8138667950086659,3.5044215646755155,0.5446163441284333,overdamped
0.1625000000000003,0.4674999999999998,0.7698003340352105,0.8273502505264079,4.149131717569265,0.6179572220802371,overdamped
0.19500000000000006,0.4674999999999998,0.7881563906893209,0.8411172930169907,4.904711318094659,0.6906134507275782,overdamped
0.22750000000000026,0.4674999999999998,0.8068871166659596,0.8551653374994697,5.803453169311511,0.7636864842724627,overdamped
0.26,0.4674999999999998,0.8259885056522125,0.8694913792391594,6.895567936740623,0.8385700415974096,overdamped
0.2925000000000002,0.4674999999999998,0.8454560229288647,0.8840920171966485,8.25979760817517,0.9169694058276963,overdamped
0.32499999999999996,0.4674999999999998,0.8652846398435297,0.8989634798826472,10.024970182003898,1.0010830895405562,overdamped
0.35750000000000015,0.4674999999999998,0.885468870909784,0.914101653182338,12.416050546702893,1.0939834719641663,overdamped
0.3899999999999999,0.4674999999999998,0.9060028129339572,0.9295021097004679,15.863477075555016,1.2003983853283615,overdamped
0.4225000000000001,0.4674999999999998,0.9268801855707317,0.9468801855707317,19.559341697897636,1.2913542337960817,overdamped
0.4550000000000003,0.4674999999999998,0.9480943727229627,0.9680943727229627,20.62319458848982,1.3143559395455646,overdamped
0.48750000000000004,0.4674999999999998,0.9696384642284928,0.9896384642284928,21.65594407755765,1.335577121279282,overdamped
0.5200000000000002,0.4674999999999998,0.991505297315064,0.999,58.906548944111954,1.7701635802231583,overdamped
-0.4874999999999998,0.48358333333333325,0.9806335700660811,0.999,23.339267914350128,1.3680872293552635,overdamped
-0.45499999999999985,0.48358333333333325,0.9591690394798273,0.9791690394798274,20.47737648638326,1.3112743150737627,overdamped
-0.4224999999999999,0.48358333333333325,0.9380305004492987,0.9580305004492987,19.41410054837717,1.288117274566577,overdamped
-0.3899999999999999,0.48358333333333325,0.9172245726457479,0.9379184294843109,17.737170104987634,1.2488843310636513,overdamped
-0.35749999999999993,0.48358333333333325,0.8967575875875777,0.9225681906906833,13.547270460937181,1.1318518012498178,overdamped
-0.32499999999999996,0.48358333333333325,0.8766355496916066,0.9074766622687049,10.754115745288965,1.031574706426928,overdamped
-0.2925,0.48358333333333325,0.8568640976882834,0.8926480732662125,8.748059220562869,0.94191171436064,overdamped
-0.26,0.48358333333333325,0.837448466910017,0.8780863501825127,7.228642531714673,0.8590567487001707,overdamped
-0.2274999999999998,0.48358333333333325,0.8183934529840841,0.8637950897380631,6.030822133235271,0.7803765200322961,overdamped
-0.19499999999999984,0.48358333333333325,0.7997033774721773,0.8497775331041331,5.056729771568947,0.7038697458310433,overdamped
-0.16249999999999987,0.48358333333333325,0.781382055996105,0.8360365419970788,4.24524700113011,0.6279029638631494,overdamped
-0.1299999999999999,0.48358333333333325,0.7634327693724953,0.8225745770293714,3.5574143243727803,0.5511344494730641,overdamped
-0.09749999999999992,0.48358333333333325,0.7458582382480738,0.8093936786860554,2.9698516738120118,0.47273475946752724,overdamped
-0.06499999999999995,0.48358333333333325,0.7286606016813456,0.7964954512610092,2.474634448048408,0.39351105421075083,overdamped
-0.03249999999999997,0.48358333333333325,0.7118414000570545,0.7838810500427909,2.091863577460676,0.32053335826027884,overdamped
2.220446049250313e-16,0.48358333333333325,0.6954015626480382,0.7715511719860286,1.9240217770940802,0.28420998330380415,overdamped
0.032500000000000195,0.48358333333333325,0.7118414000570547,0.783881050042791,2.0918635774606793,0.3205333582602795,overdamped
0.06500000000000017,0.48358333333333325,0.7286606016813457,0.7964954512610093,2.47463444804841,0.39351105421075117,overdamped
0.09749999999999992,0.48358333333333325,0.7458582382480738,0.8093936786860554,2.9698516738120118,0.47273475946752724,overdamped
0.13000000000000012,0.48358333333333325,0.7634327693724954,0.8225745770293715,3.557414324372782,0.5511344494730643,overdamped
0.1625000000000003,0.48358333333333325,0.7813820559961053,0.836036541997079,4.245247001130121,0.6279029638631505,overdamped
0.19500000000000006,0.48358333333333325,0.7997033774721775,0.8497775331041331,5.056729771568961,0.7038697458310446,overdamped
0.22750000000000026,0.48358333333333325,0.8183934529840844,0.8637950897380633,6.030822133235275,0.7803765200322963,overdamped
0.26,0.48358333333333325,0.837448466910017,0.8780863501825127,7.228642531714673,0.8590567487001707,overdamped
0.2925000000000002,0.48358333333333325,0.8568640976882836,0.8926480732662128,8.748059220562848,0.941911714360639,overdamped
0.32499999999999996,0.48358333333333325,0.8766355496916066,0.9074766622687049,10.754115745288965,1.031574706426928,overdamped
0.35750000000000015,0.48358333333333325,0.8967575875875778,0.9225681906906834,13.547270460937208,1.1318518012498187,overdamped
0.3899999999999999,0.48358333333333325,0.9172245726457479,0.9379184294843109,17.737170104987634,1.2488843310636513,overdamped
0.4225000000000001,0.48358333333333325,0.9380305004492988,0.9580305004492988,19.41410054837723,1.2881172745665783,overdamped
0.4550000000000003,0.48358333333333325,0.9591690394798276,0.9791690394798276,20.477376486383324,1.3112743150737642,overdamped
0.48750000000000004,0.48358333333333325,0.9806335700660813,0.999,23.339267914350245,1.3680872293552657,overdamped
-0.4874999999999998,0.4996666666666665,0.9914670114198728,0.999,55.20515446598548,1.7419796293890757,overdamped
-0.45499999999999985,0.4996666666666665,0.9700785592559661,0.9900785592559661,20.344201195706408,1.308440642181072,overdamped
-0.4224999999999999,0.4996666666666665,0.9490123121078132,0.9690123121078132,19.281378177964463,1.285138072808189,overdamped
-0.3899999999999999,0.4996666666666665,0.9282746188616284,0.9482746188616284,18.186123936229606,1.259740146425588,overdamped
-0.35749999999999993,0.4996666666666665,0.907871546223033,0.9309036596672747,14.94360580125465,1.174455402743226,overdamped
-0.32499999999999996,0.4996666666666665,0.8878088422642222,0.9158566316981667,11.625879051279806,1.0654258005027877,overdamped
-0.2925,0.4996666666666665,0.8680919003955551,0.9010689252966663,9.319745055449609,0.9694040322546448,overdamped
-0.26,0.4996666666666665,0.8487257242277241,0.8865442931707931,7.6134766966652165,0.8815830227855497,overdamped
-0.2274999999999998,0.4996666666666665,0.829714893808814,0.8722861703566105,6.291720290053809,0.7987694070239838,overdamped
-0.19499999999999984,0.4996666666666665,0.8110635337281932,0.8582976502961449,5.231192693567484,0.7186007177738964,overdamped
-0.16249999999999987,0.4996666666666665,0.792775283575128,0.844581462681346,4.3567870987111865,0.6391663379678787,overdamped
-0.1299999999999999,0.4996666666666665,0.7748532712234737,0.8311399534176053,3.6212514327541045,0.5588586800411806,overdamped
-0.09749999999999992,0.4996666666666665,0.7573000893844177,0.8179750670383132,2.995891366717909,0.47652606146724097,overdamped
-0.06499999999999995,0.4996666666666665,0.7401177758272233,0.8050883318704174,2.4690680191297485,0.39253305425992496,overdamped
-0.03249999999999997,0.4996666666666665,0.7233077976139337,0.7924808482104503,2.0587616784986458,0.3136060757567462,overdamped
2.220446049250313e-16,0.4996666666666665,0.706871039629342,0.7801532797220064,1.8742025503988204,0.27281652452771876,overdamped
0.032500000000000195,0.4996666666666665,0.7233077976139338,0.7924808482104504,2.0587616784986484,0.31360607575674676,overdamped
0.06500000000000017,0.4996666666666665,0.7401177758272234,0.8050883318704175,2.46906801912975,0.3925330542599252,overdamped
0.09749999999999992,0.4996666666666665,0.7573000893844177,0.8179750670383132,2.995891366717909,0.47652606146724097,overdamped
0.13000000000000012,0.4996666666666665,0.7748532712234738,0.8311399534176054,3.6212514327541108,0.5588586800411813,overdamped
0.1625000000000003,0.4996666666666665,0.7927752835751283,0.8445814626813462,4.3567870987112,0.63916633796788,overdamped
0.19500000000000006,0.4996666666666665,0.8110635337281934,0.858297650296145,5.231192693567478,0.718600717773896,overdamped
0.22750000000000026,0.4996666666666665,0.8297148938088142,0.8722861703566107,6.291720290053826,0.798769407023985,overdamped
0.26,0.4996666666666665,0.8487257242277241,0.8865442931707931,7.6134766966652165,0.8815830227855497,overdamped
0.2925000000000002,0.4996666666666665,0.8680919003955553,0.9010689252966665,9.319745055449578,0.9694040322546434,overdamped
0.32499999999999996,0.4996666666666665,0.8878088422642222,0.9158566316981667,11.625879051279806,1.0654258005027877,overdamped
0.35750000000000015,0.4996666666666665,0.9078715462230331,0.9309036596672748,14.943605801254618,1.174455402743225,overdamped
0.3899999999999999,0.4996666666666665,0.9282746188616284,0.9482746188616284,18.186123936229606,1.259740146425588,overdamped
0.4225000000000001,0.4996666666666665,0.9490123121078133,0.9690123121078134,19.28137817796446,1.2851380728081887,overdamped
0.4550000000000003,0.4996666666666665,0.9700785592559664,0.9900785592559664,20.344201195706354,1.3084406421810708,overdamped
0.48750000000000004,0.4996666666666665,0.991467011419873,0.999,55.20515446598675,1.7419796293890857,overdamped
-0.45499999999999985,0.5157499999999999,0.9808301069252441,0.999,22.164375760511383,1.345655504298428,overdamped
-0.4224999999999999,0.5157499999999999,0.9598330364762481,0.9798330364762481,19.160178340024817,1.2823995471082992,overdamped
-0.3899999999999999,0.5157499999999999,0.9391606009457903,0.9591606009457904,18.065804790644666,1.2568573131695198,overdamped
-0.35749999999999993,0.5157499999999999,0.9188186201292416,0.9391139650969312,16.70509552726646,1.2228489634728676,overdamped
-0.32499999999999996,0.5157499999999999,0.8988126034504638,0.9241094525878478,12.682723099274064,1.1032125106449864,overdamped
-0.2925,0.5157499999999999,0.8791477162605978,0.9093607871954483,9.995184632553753,0.999790820881217,overdamped
-0.26,0.5157499999999999,0.8598287470359056,0.8948715602769293,8.060601092573025,0.9063674290822399,overdamped
-0.2274999999999998,0.5157499999999999,0.8408600759169823,0.8806450569377368,6.59188074501579,0.8190093418550081,overdamped
-0.19499999999999984,0.5157499999999999,0.8222456450369328,0.8666842337776995,5.431301797550395,0.7349039356170077,overdamped
-0.16249999999999987,0.5157499999999999,0.8039889310809262,0.8529916983106947,4.485540241483632,0.6518147572497963,overdamped
-0.1299999999999999,0.5157499999999999,0.7860929205033148,0.8395696903774861,3.6968988475276037,0.5678375678136854,overdamped
-0.09749999999999992,0.5157499999999999,0.768560087800942,0.8264200658507065,3.0301879825711433,0.4814695714927213,overdamped
-0.06499999999999995,0.5157499999999999,0.7513923772025962,0.8135442829019471,2.469314801720693,0.3925764596909959,overdamped
-0.03249999999999997,0.5157499999999999,0.7345911880854389,0.8009433910640792,2.0294658905927125,0.30738175649003674,overdamped
2.220446049250313e-16,0.5157499999999999,0.7181573643707904,0.7886180232780928,1.8266565375736792,0.26165689554131927,overdamped
0.032500000000000195,0.5157499999999999,0.734591188085439,0.8009433910640793,2.0294658905927148,0.3073817564900372,overdamped
0.06500000000000017,0.5157499999999999,0.7513923772025963,0.8135442829019472,2.4693148017206967,0.3925764596909966,overdamped
0.09749999999999992,0.5157499999999999,0.768560087800942,0.8264200658507065,3.0301879825711433,0.4814695714927213,overdamped
0.13000000000000012,0.5157499999999999,0.7860929205033149,0.8395696903774862,3.696898847527611,0.5678375678136863,overdamped
0.1625000000000003,0.5157499999999999,0.8039889310809264,0.8529916983106948,4.48554024148365,0.6518147572497982,overdamped
0.19500000000000006,0.5157499999999999,0.822245645036933,0.8666842337776998,5.431301797550388,0.7349039356170071,overdamped
0.22750000000000026,0.5157499999999999,0.8408600759169825,0.8806450569377369,6.591880745015813,0.8190093418550095,overdamped
0.26,0.5157499999999999,0.8598287470359056,0.8948715602769293,8.060601092573025,0.9063674290822399,overdamped
0.2925000000000002,0.5157499999999999,0.8791477162605981,0.9093607871954485,9.995184632553741,0.9997908208812164,overdamped
0.32499999999999996,0.5157499999999999,0.8988126034504638,0.9241094525878478,12.682723099274064,1.1032125106449864,overdamped
0.35750000000000015,0.5157499999999999,0.9188186201292418,0.9391139650969313,16.705095527266533,1.2228489634728694,overdamped
0.3899999999999999,0.5157499999999999,0.9391606009457903,0.9591606009457904,18.065804790644666,1.2568573131695198,overdamped
0.4225000000000001,0.5157499999999999,0.9598330364762482,0.9798330364762482,19.160178340024896,1.282399547108301,overdamped
0.4550000000000003,0.5157499999999999,0.9808301069252444,0.999,22.164375760511753,1.345655504298435,overdamped
-0.45499999999999985,0.5318333333333332,0.9914303524100433,0.999,51.60026852191884,1.7126519616520988,overdamped
-0.4224999999999999,0.5318333333333332,0.9704995609701286,0.9904995609701286,19.049609240994027,1.2798860715486153,overdamped
-0.3899999999999999,0.5318333333333332,0.9498896166548677,0.9698896166548677,17.95593979268259,1.2542081405172316,overdamped
-0.35749999999999993,0.5318333333333332,0.9296061086075901,0.9496061086075901,16.828439243809736,1.2260438391349042,overdamped
-0.32499999999999996,0.5318333333333332,0.90965432363959,0.9322407427296925,13.986260720492846,1.1457016197440595,overdamped
-0.2925,0.5318333333333332,0.8900392146524666,0.9175294109893499,10.802212327917745,1.0335127095066226,overdamped
-0.26,0.5318333333333332,0.8707653699609162,0.9030740274706872,8.583854511693744,0.9336823481349629,overdamped
-0.2274999999999998,0.5318333333333332,0.8518369839208202,0.8888777379406152,6.938618408224782,0.8412730039682705,overdamped
-0.19499999999999984,0.5318333333333332,0.8332578292708362,0.8749433719531272,5.661058588313951,0.7528976495763063,overdamped
-0.16249999999999987,0.5318333333333332,0.8150312315897246,0.8612734236922934,4.63371350043038,0.6659291781314192,overdamped
-0.1299999999999999,0.5318333333333332,0.7971600462558259,0.8478700346918695,3.785544976920397,0.5781284105023813,overdamped
-0.09749999999999992,0.5318333333333332,0.7796466382692788,0.8347349787019591,3.073336343823783,0.48761009174787684,overdamped
-0.06499999999999995,0.5318333333333332,0.7624928652619374,0.821869648946453,2.4756297853740605,0.3936856992372001,overdamped
-0.03249999999999997,0.5318333333333332,0.7457000639751381,0.8092750479813535,2.0040321695418015,0.30190468872332915,overdamped
2.220446049250313e-16,0.5318333333333332,0.7292690404324959,0.7969517803243719,1.7812307631938684,0.2507201871160296,overdamped
0.032500000000000195,0.5318333333333332,0.7457000639751382,0.8092750479813536,2.0040321695418037,0.30190468872332965,overdamped
0.06500000000000017,0.5318333333333332,0.7624928652619375,0.8218696489464531,2.4756297853740645,0.3936856992372008,overdamped
0.09749999999999992,0.5318333333333332,0.7796466382692788,0.8347349787019591,3.073336343823783,0.48761009174787684,overdamped
0.13000000000000012,0.5318333333333332,0.797160046255826,0.8478700346918695,3.785544976920403,0.5781284105023821,overdamped
0.1625000000000003,0.5318333333333332,0.8150312315897248,0.8612734236922936,4.633713500430389,0.6659291781314199,overdamped
0.19500000000000006,0.5318333333333332,0.8332578292708364,0.8749433719531272,5.66105858831397,0.7528976495763078,overdamped
0.22750000000000026,0.5318333333333332,0.8518369839208204,0.8888777379406153,6.938618408224808,0.8412730039682722,overdamped
0.26,0.5318333333333332,0.8707653699609162,0.9030740274706872,8.583854511693744,0.9336823481349629,overdamped
0.2925000000000002,0.5318333333333332,0.8900392146524668,0.9175294109893501,10.802212327917726,1.0335127095066217,overdamped
0.32499999999999996,0.5318333333333332,0.90965432363959,0.9322407427296925,13.986260720492846,1.1457016197440595,overdamped
0.35750000000000015,0.5318333333333332,0.9296061086075902,0.9496061086075902,16.828439243809814,1.2260438391349062,overdamped
0.3899999999999999,0.5318333333333332,0.9498896166548677,0.9698896166548677,17.95593979268259,1.2542081405172316,overdamped
0.4225000000000001,0.5318333333333332,0.9704995609701287,0.9904995609701287,19.04960924099409,1.2798860715486167,overdamped
0.4550000000000003,0.5318333333333332,0.9914303524100436,0.999,51.6002685219208,1.7126519616521152,overdamped
-0.4224999999999999,0.5479166666666666,0.9810182957661133,0.999,20.96973184595693,1.3215928768856675,overdamped
-0.3899999999999999,0.5479166666666666,0.9604682662701743,0.9804682662701744,17.85573076972236,1.2517776289764901,overdamped
-0.35749999999999993,0.5479166666666666,0.9402407938817557,0.9602407938817558,16.729290669785154,1.2234775270515175,overdamped
-0.32499999999999996,0.5479166666666666,0.9203409573694645,0.9403409573694645,15.567003301323917,1.192205017516254,overdamped
-0.2925,0.5479166666666666,0.9007735113412083,0.9255801335059062,11.779942590262548,1.0711431739151798,overdamped
-0.26,0.5479166666666666,0.8815428575049241,0.9111571431286931,9.201763077905461,0.9638710470897296,overdamped
-0.2274999999999998,0.5479166666666666,0.8626530171969308,0.896989762897698,7.3413912608306795,0.8657783704945063,overdamped
-0.19499999999999984,0.5479166666666666,0.8441076055510461,0.8830807041632847,5.925509944085673,0.7727257312851178,overdamped
-0.16249999999999987,0.5479166666666666,0.8259098076750662,0.8694323557562996,4.804045002410123,0.681607067050362,overdamped
-0.1299999999999999,0.5479166666666666,0.8080623571859004,0.8560467678894252,3.8886525956005467,0.5897991458851966,overdamped
-0.09749999999999992,0.5479166666666666,0.7905675174304436,0.8429256380728327,3.126070945418792,0.4949988300025119,overdamped
-0.06499999999999995,0.5479166666666666,0.7734270656864052,0.8300702992648039,2.488335670495096,0.3959089652513537,overdamped
-0.03249999999999997,0.5479166666666666,0.7566422805963515,0.8174817104472636,1.9825547584340097,0.29722519142838233,overdamped
2.220446049250313e-16,0.5479166666666666,0.7402139330400819,0.8051604497800614,1.7377862521824758,0.23999635714921122,overdamped
0.032500000000000195,0.5479166666666666,0.7566422805963516,0.8174817104472637,1.9825547584340135,0.29722519142838316,overdamped
0.06500000000000017,0.5479166666666666,0.7734270656864053,0.8300702992648039,2.4883356704950996,0.39590896525135433,overdamped
0.09749999999999992,0.5479166666666666,0.7905675174304436,0.8429256380728327,3.126070945418792,0.4949988300025119,overdamped
0.13000000000000012,0.5479166666666666,0.8080623571859005,0.8560467678894254,3.888652595600546,0.5897991458851964,overdamped
0.1625000000000003,0.5479166666666666,0.8259098076750664,0.8694323557562997,4.804045002410141,0.6816070670503636,overdamped
0.19500000000000006,0.5479166666666666,0.8441076055510462,0.8830807041632847,5.925509944085697,0.7727257312851196,overdamped
0.22750000000000026,0.5479166666666666,0.862653017196931,0.8969897628976983,7.341391260830691,0.865778370494507,overdamped
0.26,0.5479166666666666,0.8815428575049241,0.9111571431286931,9.201763077905461,0.9638710470897296,overdamped
0.2925000000000002,0.5479166666666666,0.9007735113412085,0.9255801335059064,11.779942590262525,1.0711431739151789,overdamped
0.32499999999999996,0.5479166666666666,0.9203409573694645,0.9403409573694645,15.567003301323917,1.192205017516254,overdamped
0.35750000000000015,0.5479166666666666,0.9402407938817559,0.9602407938817559,16.729290669785193,1.2234775270515186,overdamped
0.3899999999999999,0.5479166666666666,0.9604682662701743,0.9804682662701744,17.85573076972236,1.2517776289764901,overdamped
0.4225000000000001,0.5479166666666666,0.9810182957661134,0.999,20.96973184595717,1.3215928768856724,overdamped
-0.4224999999999999,0.5639999999999998,0.9913952188535156,0.999,48.06754793541981,1.6818519680766755,overdamped
-0.3899999999999999,0.5639999999999998,0.9709027000855196,0.9909027000855196,17.76445988414032,1.2495520076090016,overdamped
-0.35749999999999993,0.5639999999999998,0.9507289909706091,0.9707289909706092,16.638868927681713,1.2211238006108325,overdamped
-0.32499999999999996,0.5639999999999998,0.9308789755062276,0.9508789755062276,15.47797896196578,1.189714252020774,overdamped
-0.2925,0.5639999999999998,0.911357222877944,0.933517917158458,12.985084830312712,1.11344479117875,overdamped
-0.26,0.5639999999999998,0.892167960491649,0.9191259703687368,9.939676461226576,0.9973722482412982,overdamped
-0.2274999999999998,0.5639999999999998,0.8733150482348432,0.9049862861761324,7.812622102539248,0.8927968179418445,overdamped
-0.19499999999999984,0.5639999999999998,0.8548019543088474,0.8911014657316356,6.231092675639194,0.7945642106062938,overdamped
-0.16249999999999987,0.5639999999999998,0.8366317329668488,0.8774737997251366,4.9999563408531325,0.6989662121341486,overdamped
-0.1299999999999999,0.5639999999999998,0.8188070044779365,0.8641052533584523,4.008027744421386,0.6029307191484627,overdamped
-0.09749999999999992,0.5639999999999998,0.801329937614603,0.8509974532109523,3.1892963170471527,0.5036948713533561,overdamped
-0.06499999999999995,0.5639999999999998,0.7842022349308267,0.83815167619812,2.5078340299622526,0.39929879122700096,overdamped
-0.03249999999999997,0.5639999999999998,0.7674251210603289,0.8255688407952466,1.9651680252881558,0.2933996892334513,overdamped
2.220446049250313e-16,0.5639999999999998,0.7509993342207435,0.8132495006655576,1.6961963894974108,0.22947613444030138,overdamped
0.032500000000000195,0.5639999999999998,0.767425121060329,0.8255688407952467,1.9651680252881578,0.2933996892334517,overdamped
0.06500000000000017,0.5639999999999998,0.7842022349308269,0.8381516761981201,2.5078340299622544,0.3992987912270013,overdamped
0.09749999999999992,0.5639999999999998,0.801329937614603,0.8509974532109523,3.1892963170471527,0.5036948713533561,overdamped
0.13000000000000012,0.5639999999999998,0.8188070044779366,0.8641052533584525,4.008027744421388,0.6029307191484629,overdamped
0.1625000000000003,0.5639999999999998,0.836631732966849,0.8774737997251367,4.999956340853152,0.6989662121341502,overdamped
0.19500000000000006,0.5639999999999998,0.8548019543088476,0.8911014657316357,6.231092675639199,0.7945642106062941,overdamped
0.22750000000000026,0.5639999999999998,0.8733150482348434,0.9049862861761325,7.812622102539278,0.8927968179418462,overdamped
0.26,0.5639999999999998,0.892167960491649,0.9191259703687368,9.939676461226576,0.9973722482412982,overdamped
0.2925000000000002,0.5639999999999998,0.9113572228779441,0.933517917158458,12.985084830312811,1.1134447911787533,overdamped
0.32499999999999996,0.5639999999999998,0.9308789755062276,0.9508789755062276,15.47797896196578,1.189714252020774,overdamped
0.35750000000000015,0.5639999999999998,0.9507289909706093,0.9707289909706093,16.63886892768174,1.2211238006108331,overdamped
0.3899999999999999,0.5639999999999998,0.9709027000855196,0.9909027000855196,17.76445988414032,1.2495520076090016,overdamped
0.4225000000000001,0.5639999999999998,0.9913952188535157,0.999,48.06754793542075,1.6818519680766841,overdamped
-0.3899999999999999,0.5800833333333331,0.9811986602210239,0.999,19.74879228528541,1.295540541994193,overdamped
-0.35749999999999993,0.5800833333333331,0.9610765915417505,0.9810765915417505,16.55653410376209,1.2189694280316448,overdamped
-0.32499999999999996,0.5800833333333331,0.9412744110673725,0.9612744110673725,15.396797138980169,1.1874303877498142,overdamped
-0.2925,0.5800833333333331,0.9217965142938449,0.9417965142938449,14.199707010465351,1.15227938346398,overdamped
-0.26,0.5800833333333331,0.9026469655239274,0.9269852241429456,10.83319390636573,1.0347565167743822,overdamped
-0.2274999999999998,0.5800833333333331,0.8838294737125078,0.9128721052843808,8.36893305546002,0.9226700938759292,overdamped
-0.19499999999999984,0.5800833333333331,0.8653473698159895,0.8990105273619922,6.586126479728101,0.8186300666310593,overdamped
-0.16249999999999987,0.5800833333333331,0.847203585952395,0.8854026894642962,5.225762632287036,0.7181496790558423,overdamped
-0.1299999999999999,0.5800833333333331,0.829400636664657,0.8720504774984927,4.145912066185362,0.6176200865722514,overdamped
-0.09749999999999992,0.5800833333333331,0.8119406025583209,0.8589554519187407,3.2641270857200544,0.5137670592584467,overdamped
-0.06499999999999995,0.5800833333333331,0.7948251165567962,0.8461188374175972,2.5346204270068466,0.4039129306125066,overdamped
-0.03249999999999997,0.5800833333333331,0.7780553529828554,0.8335415147371416,1.9520492321095457,0.2904907666933168,overdamped
2.220446049250313e-16,0.5800833333333331,0.761632019635029,0.8212240147262717,1.6563455136513192,0.21915093572205008,overdamped
0.032500000000000195,0.5800833333333331,0.7780553529828556,0.8335415147371417,1.952049232109549,0.2904907666933176,overdamped
0.06500000000000017,0.5800833333333331,0.7948251165567963,0.8461188374175972,2.5346204270068546,0.403912930612508,overdamped
0.09749999999999992,0.5800833333333331,0.8119406025583209,0.8589554519187407,3.2641270857200544,0.5137670592584467,overdamped
0.13000000000000012,0.5800833333333331,0.8294006366646571,0.8720504774984928,4.145912066185371,0.6176200865722523,overdamped
0.1625000000000003,0.5800833333333331,0.8472035859523952,0.8854026894642963,5.225762632287058,0.7181496790558441,overdamped
0.19500000000000006,0.5800833333333331,0.8653473698159896,0.8990105273619922,6.58612647972813,0.8186300666310613,overdamped
0.22750000000000026,0.5800833333333331,0.883829473712508,0.912872105284381,8.368933055460044,0.9226700938759304,overdamped
0.26,0.5800833333333331,0.9026469655239274,0.9269852241429456,10.83319390636573,1.0347565167743822,overdamped
0.2925000000000002,0.5800833333333331,0.9217965142938451,0.9417965142938451,14.199707010465314,1.1522793834639788,overdamped
0.32499999999999996,0.5800833333333331,0.9412744110673725,0.9612744110673725,15.396797138980169,1.1874303877498142,overdamped
0.35750000000000015,0.5800833333333331,0.9610765915417506,0.9810765915417506,16.556534103762083,1.2189694280316445,overdamped
0.3899999999999999,0.5800833333333331,0.9811986602210239,0.999,19.74879228528541,1.295540541994193,overdamped
-0.3899999999999999,0.5961666666666665,0.9913615175701714,0.999,44.58504612424652,1.6491892202656557,overdamped
-0.35749999999999993,0.5961666666666665,0.9712891026105062,0.9912891026105062,16.481708171364094,1.2170022201616701,overdamped
-0.32499999999999996,0.5961666666666665,0.9515328996098112,0.9715328996098113,15.322890900744758,1.1853407094087756,overdamped
-0.2925,0.5961666666666665,0.9320971410946701,0.9520971410946701,14.127245998978243,1.1500575076362738,overdamped
-0.26,0.5961666666666665,0.912985738482296,0.934739303861722,11.93388952621244,1.0767820131981745,overdamped
-0.2274999999999998,0.5961666666666665,0.8942022593770015,0.9206516945327511,9.03305624118689,0.955834714224571,overdamped
-0.19499999999999984,0.5961666666666665,0.8757499063068792,0.9068124297301594,7.001535180313559,0.84519327533424,overdamped
-0.16249999999999987,0.5961666666666665,0.857631497182066,0.8932236228865496,5.486967003769683,0.7393323485460269,overdamped
-0.1299999999999999,0.5961666666666665,0.8398494477423769,0.8798870858067827,4.3051080921492915,0.6339840601415062,overdamped
-0.09749999999999992,0.5961666666666665,0.8224057562421845,0.8668043171816384,3.3519411527615395,0.5252963854787404,overdamped
-0.06499999999999995,0.5961666666666665,0.8053019905943996,0.8539764929457997,2.5693046758942595,0.4098156072690473,overdamped
-0.03249999999999997,0.5961666666666665,0.7885392781637374,0.841404458622803,1.9434225212264318,0.28856723121655004,overdamped
2.220446049250313e-16,0.5961666666666665,0.7721182983628005,0.8290887237721004,1.6181277051063745,0.20901279381172555,overdamped
0.032500000000000195,0.5961666666666665,0.7885392781637375,0.8414044586228031,1.9434225212264362,0.28856723121655103,overdamped
0.06500000000000017,0.5961666666666665,0.8053019905943997,0.8539764929457998,2.569304675894263,0.4098156072690479,overdamped
0.09749999999999992,0.5961666666666665,0.8224057562421845,0.8668043171816384,3.3519411527615395,0.5252963854787404,overdamped
0.13000000000000012,0.5961666666666665,0.839849447742377,0.8798870858067828,4.305108092149306,0.6339840601415077,overdamped
0.1625000000000003,0.5961666666666665,0.8576314971820662,0.8932236228865497,5.486967003769713,0.7393323485460292,overdamped
0.19500000000000006,0.5961666666666665,0.8757499063068794,0.9068124297301596,7.001535180313526,0.845193275334238,overdamped
0.22750000000000026,0.5961666666666665,0.8942022593770017,0.9206516945327513,9.033056241186912,0.9558347142245721,overdamped
0.26,0.5961666666666665,0.912985738482296,0.934739303861722,11.93388952621244,1.0767820131981745,overdamped
0.2925000000000002,0.5961666666666665,0.9320971410946703,0.9520971410946704,14.127245998978191,1.150057507636272,overdamped
0.32499999999999996,0.5961666666666665,0.9515328996098112,0.9715328996098113,15.322890900744758,1.1853407094087756,overdamped
0.35750000000000015,0.5961666666666665,0.9712891026105063,0.9912891026105063,16.481708171364115,1.2170022201616708,overdamped
0.3899999999999999,0.5961666666666665,0.9913615175701714,0.999,44.58504612424652,1.6491892202656557,overdamped
-0.35749999999999993,0.6122499999999997,0.9813716808060942,0.999,18.495288829294857,1.2670611178081865,overdamped
-0.32499999999999996,0.6122499999999997,0.9616597149506472,0.9816597149506472,15.25574735762233,1.1834334879758732,overdamped
-0.2925,0.6122499999999997,0.9422644863631564,0.9622644863631564,14.061288137332202,1.148025107690216,overdamped
-0.26,0.6122499999999997,0.9231897629193154,0.9431897629193154,12.827914941254491,1.1081560715661718,overdamped
-0.2274999999999998,0.6122499999999997,0.9044389796247319,0.9283292347185489,9.836895574393354,0.9928580610702868,overdamped
-0.19499999999999984,0.6122499999999997,0.8860152186229506,0.914511413967213,7.4919295071524985,0.8745936823712841,overdamped
-0.16249999999999987,0.6122499999999997,0.8679211908415101,0.9009408931311326,5.790681621837005,0.7627296875926048,overdamped
-0.1299999999999999,0.6122499999999997,0.8501592195217476,0.8876194146413107,4.489151771062413,0.652164288453712,overdamped
-0.09749999999999992,0.6122499999999997,0.832731225859395,0.8745484193945462,3.45445093731799,0.5383790288904068,overdamped
-0.06499999999999995,0.6122499999999997,0.8156387169588794,0.8617290377191595,2.612637900275405,0.41707922265905073,overdamped
-0.03249999999999997,0.6122499999999997,0.7988827762750547,0.849162082206291,1.9395645676195006,0.2877042417314393,overdamped
2.220446049250313e-16,0.6122499999999997,0.7824640566824779,0.8368480425118584,1.581445737949639,0.19905429513676637,overdamped
0.032500000000000195,0.6122499999999997,0.7988827762750548,0.8491620822062911,1.9395645676195041,0.28770424173144016,overdamped
0.06500000000000017,0.6122499999999997,0.8156387169588795,0.8617290377191595,2.612637900275413,0.41707922265905206,overdamped
0.09749999999999992,0.6122499999999997,0.832731225859395,0.8745484193945462,3.45445093731799,0.5383790288904068,overdamped
0.13000000000000012,0.6122499999999997,0.8501592195217477,0.8876194146413108,4.4891517710624225,0.652164288453713,overdamped
0.1625000000000003,0.6122499999999997,0.8679211908415103,0.9009408931311327,5.7906816218370425,0.7627296875926076,overdamped
0.19500000000000006,0.6122499999999997,0.8860152186229507,0.914511413967213,7.491929507152549,0.874593682371287,overdamped
0.22750000000000026,0.6122499999999997,0.9044389796247321,0.928329234718549,9.836895574393415,0.9928580610702895,overdamped
0.26,0.6122499999999997,0.9231897629193154,0.9431897629193154,12.827914941254491,1.1081560715661718,overdamped
0.2925000000000002,0.6122499999999997,0.9422644863631565,0.9622644863631565,14.061288137332197,1.1480251076902157,overdamped
0.32499999999999996,0.6122499999999997,0.9616597149506472,0.9816597149506472,15.25574735762233,1.1834334879758732,overdamped
0.35750000000000015,0.6122499999999997,0.9813716808060943,0.999,18.495288829295006,1.26706111780819,overdamped
-0.35749999999999993,0.6283333333333332,0.9913291628102047,0.999,41.13292527780469,1.6141895966191302,overdamped
-0.32499999999999996,0.6283333333333332,0.9716598008634222,0.9916598008634222,15.194901325509155,1.1816978841510046,overdamped
-0.2925,0.6283333333333332,0.9523035936482965,0.9723035936482965,14.001381503270586,1.146170889224415,overdamped
-0.26,0.6283333333333332,0.9332641740631368,0.9532641740631368,12.76945418904275,1.106172334401016,overdamped
-0.2274999999999998,0.6283333333333332,0.9145448525267461,0.9359086393950595,10.826638518599472,1.0344936367331437,overdamped
-0.19499999999999984,0.6283333333333332,0.8961485981539897,0.9221114486154923,8.077281728282447,0.9072652309443043,overdamped
-0.16249999999999987,0.6283333333333332,0.8780780214910449,0.9085585161182836,6.146243299209982,0.788609747819639,overdamped
-0.1299999999999999,0.6283333333333332,0.8603353590362578,0.8952515192771934,4.702554166036131,0.6723338066413677,overdamped
-0.09749999999999992,0.6283333333333332,0.8429224597550163,0.8821918448162622,3.5737999870423423,0.5531302429221366,overdamped
-0.06499999999999995,0.6283333333333332,0.8258407737746328,0.8693805803309747,2.665548733695135,0.42578662705284287,overdamped
-0.03249999999999997,0.6283333333333332,0.809091343418299,0.8568185075637242,1.9408125659862654,0.2879835954149275,overdamped
2.220446049250313e-16,0.6283333333333332,0.7926747967062744,0.8445060975297058,1.5462101690726537,0.18926852519998416,overdamped
0.032500000000000195,0.6283333333333332,0.8090913434182991,0.8568185075637244,1.940812565986268,0.2879835954149281,overdamped
0.06500000000000017,0.6283333333333332,0.8258407737746329,0.8693805803309747,2.6655487336951413,0.42578662705284387,overdamped
0.09749999999999992,0.6283333333333332,0.8429224597550163,0.8821918448162622,3.5737999870423423,0.5531302429221366,overdamped
0.13000000000000012,0.6283333333333332,0.8603353590362579,0.8952515192771935,4.702554166036147,0.6723338066413691,overdamped
0.1625000000000003,0.6283333333333332,0.8780780214910451,0.9085585161182839,6.1462432992099885,0.7886097478196394,overdamped
0.19500000000000006,0.6283333333333332,0.89614859815399,0.9221114486154924,8.077281728282466,0.9072652309443053,overdamped
0.22750000000000026,0.6283333333333332,0.9145448525267463,0.9359086393950597,10.826638518599507,1.034493636733145,overdamped
0.26,0.6283333333333332,0.9332641740631368,0.9532641740631368,12.76945418904275,1.106172334401016,overdamped
0.2925000000000002,0.6283333333333332,0.9523035936482966,0.9723035936482967,14.001381503270563,1.1461708892244142,overdamped
0.32499999999999996,0.6283333333333332,0.9716598008634222,0.9916598008634222,15.194901325509155,1.1816978841510046,overdamped
0.35750000000000015,0.6283333333333332,0.9913291628102048,0.999,41.13292527780574,1.6141895966191413,overdamped
-0.32499999999999996,0.6444166666666664,0.981537799290525,0.999,17.203214450610876,1.2356096031709394,overdamped
-0.2925,0.6444166666666664,0.962219196211883,0.982219196211883,13.947115601793675,1.1444844006025434,overdamped
-0.26,0.6444166666666664,0.9432137890288546,0.9632137890288546,12.716366881332451,1.1043630493024779,overdamped
-0.2274999999999998,0.6444166666666664,0.9245247709238776,0.9445247709238777,11.445100431622885,1.0586196079942451,overdamped
-0.19499999999999984,0.6444166666666664,0.9061550047249236,0.9296162535436927,8.785607011078659,0.9437717729405564,overdamped
-0.16249999999999987,0.6444166666666664,0.8881070066416145,0.9160802549812108,6.566137071989706,0.8173099446417816,overdamped
-0.1299999999999999,0.6444166666666664,0.8703829316956415,0.9027871987717311,4.9511467716904,0.6947058007387645,overdamped
-0.09749999999999992,0.6444166666666664,0.8529845610371805,0.8897384207778853,3.712695920889845,0.5696893808751025,overdamped
-0.06499999999999995,0.6444166666666664,0.8359132913181524,0.8769349684886143,2.729192043872266,0.43603409655649505,overdamped
-0.03249999999999997,0.6444166666666664,0.8191701262682773,0.864377594701208,1.9475755176538416,0.289494306531759,overdamped
2.220446049250313e-16,0.6444166666666664,0.8027556705914114,0.8520667529435586,1.5123385437059087,0.17964902079860912,overdamped
0.032500000000000195,0.6444166666666664,0.8191701262682775,0.8643775947012081,1.947575517653845,0.2894943065317597,overdamped
0.06500000000000017,0.6444166666666664,0.8359132913181525,0.8769349684886144,2.729192043872273,0.4360340965564962,overdamped
0.09749999999999992,0.6444166666666664,0.8529845610371805,0.8897384207778853,3.712695920889845,0.5696893808751025,overdamped
0.13000000000000012,0.6444166666666664,0.8703829316956416,0.9027871987717312,4.9511467716904,0.6947058007387645,overdamped
0.1625000000000003,0.6444166666666664,0.8881070066416147,0.916080254981211,6.566137071989716,0.8173099446417823,overdamped
0.19500000000000006,0.6444166666666664,0.9061550047249238,0.9296162535436929,8.785607011078648,0.9437717729405559,overdamped
0.22750000000000026,0.6444166666666664,0.9245247709238779,0.9445247709238779,11.445100431622903,1.0586196079942458,overdamped
0.26,0.6444166666666664,0.9432137890288546,0.9632137890288546,12.716366881332451,1.1043630493024779,overdamped
0.2925000000000002,0.6444166666666664,0.9622191962118831,0.9822191962118831,13.94711560179364,1.1444844006025423,overdamped
0.32499999999999996,0.6444166666666664,0.981537799290525,0.999,17.203214450610876,1.2356096031709394,overdamped
-0.32499999999999996,0.6604999999999999,0.9912980755286536,0.999,37.69320903614693,1.5762631129700027,overdamped
-0.2925,0.6604999999999999,0.9720157431136265,0.9920157431136265,13.898116690901352,1.142955953767507,overdamped
-0.26,0.6604999999999999,0.95304313374209,0.9730431337420901,12.668293696943845,1.102718123336084,overdamped
-0.2274999999999998,0.6604999999999999,0.9343833301176596,0.9543833301176596,11.398443236065074,1.0568455407966595,overdamped
-0.19499999999999984,0.6604999999999999,0.9160390949734776,0.9370293212301082,9.65743581768274,0.9848618305503454,overdamped
-0.16249999999999987,0.6604999999999999,0.8980128557298622,0.9235096417973967,7.067423584501321,0.8492611214404646,overdamped
-0.1299999999999999,0.6604999999999999,0.8803066907612127,0.9102300180709095,5.242586082230072,0.7195455702257135,overdamped
-0.09749999999999992,0.6604999999999999,0.8629223174488309,0.8971917380866231,3.874596523035612,0.5882264844055619,overdamped
-0.06499999999999995,0.6604999999999999,0.8458610821769135,0.8843958116326851,2.8050151531036756,0.4479352117210695,overdamped
-0.03249999999999997,0.6604999999999999,0.8291239524059064,0.8718429643044299,1.9603501856330567,0.29233365814402384,overdamped
2.220446049250313e-16,0.6604999999999999,0.8127115109311545,0.8595336331983658,1.4797546998616702,0.170189728012533,overdamped
0.032500000000000195,0.6604999999999999,0.8291239524059065,0.8718429643044299,1.9603501856330627,0.2923336581440252,overdamped
0.06500000000000017,0.6604999999999999,0.8458610821769136,0.8843958116326852,2.805015153103683,0.44793521172107065,overdamped
0.09749999999999992,0.6604999999999999,0.8629223174488309,0.8971917380866231,3.874596523035612,0.5882264844055619,overdamped
0.13000000000000012,0.6604999999999999,0.8803066907612128,0.9102300180709096,5.242586082230073,0.7195455702257136,overdamped
0.1625000000000003,0.6604999999999999,0.8980128557298624,0.9235096417973968,7.067423584501363,0.8492611214404672,overdamped
0.19500000000000006,0.6604999999999999,0.9160390949734777,0.9370293212301083,9.657435817682765,0.9848618305503465,overdamped
0.22750000000000026,0.6604999999999999,0.9343833301176598,0.9543833301176599,11.39844323606509,1.0568455407966602,overdamped
0.26,0.6604999999999999,0.95304313374209,0.9730431337420901,12.668293696943845,1.102718123336084,overdamped
0.2925000000000002,0.6604999999999999,0.9720157431136267,0.9920157431136267,13.89811669090128,1.1429559537675047,overdamped
0.32499999999999996,0.6604999999999999,0.9912980755286536,0.999,37.69320903614693,1.5762631129700027,overdamped
-0.2925,0.6765833333333331,0.9816974225427553,0.999,15.866809833777852,1.2004896166818726,overdamped
-0.26,0.6765833333333331,0.9627564670018078,0.9827564670018079,12.62490701781122,1.1012281882322668,overdamped
-0.2274999999999998,0.6765833333333331,0.9441248526017229,0.9641248526017229,11.356202746548963,1.0552331375453856,overdamped
-0.19499999999999984,0.6765833333333331,0.9258052476794608,0.9458052476794608,10.045348449230046,1.0019650059875205,overdamped
-0.16249999999999987,0.6765833333333331,0.9077999959671725,0.9308499969753794,7.674022720986325,0.8850230807085806,overdamped
-0.1299999999999999,0.6765833333333331,0.8901111036298888,0.9175833277224166,5.587110064619765,0.7471872269331348,overdamped
-0.09749999999999992,0.6765833333333331,0.8727402279962627,0.9045551709971971,4.063975409234404,0.6089510714052637,overdamped
-0.06499999999999995,0.6765833333333331,0.855688668127382,0.8917665010955365,2.89484901692341,0.4616259176914515,overdamped
-0.03249999999999997,0.6765833333333331,0.8389573573472727,0.8792180180104545,1.9797436491682452,0.2966089584638786,overdamped
2.220446049250313e-16,0.6765833333333331,0.8225468578344539,0.8669101433758404,1.4483881572194905,0.16088496514024292,overdamped
0.032500000000000195,0.6765833333333331,0.8389573573472728,0.8792180180104546,1.9797436491682507,0.2966089584638798,overdamped
0.06500000000000017,0.6765833333333331,0.8556886681273821,0.8917665010955366,2.8948490169234136,0.46162591769145206,overdamped
0.09749999999999992,0.6765833333333331,0.8727402279962627,0.9045551709971971,4.063975409234404,0.6089510714052637,overdamped
0.13000000000000012,0.6765833333333331,0.8901111036298889,0.9175833277224167,5.587110064619789,0.7471872269331367,overdamped
0.1625000000000003,0.6765833333333331,0.9077999959671728,0.9308499969753796,7.674022720986345,0.8850230807085818,overdamped
0.19500000000000006,0.6765833333333331,0.9258052476794609,0.945805247679461,10.045348449230078,1.0019650059875218,overdamped
0.22750000000000026,0.6765833333333331,0.9441248526017231,0.9641248526017231,11.356202746548977,1.0552331375453863,overdamped
0.26,0.6765833333333331,0.9627564670018078,0.9827564670018079,12.62490701781122,1.1012281882322668,overdamped
0.2925000000000002,0.6765833333333331,0.9816974225427554,0.999,15.866809833777973,1.200489616681876,overdamped
-0.2925,0.6926666666666665,0.9912681827432274,0.999,34.249569174888165,1.5346551128752903,overdamped
-0.26,0.6926666666666665,0.9723578020453462,0.9923578020453462,12.585907483872889,1.0998845350238007,overdamped
-0.2274999999999998,0.6926666666666665,0.9537534102113314,0.9737534102113314,11.318094502618163,1.0537733158401865,overdamped
-0.19499999999999984,0.6926666666666665,0.9354575864366086,0.9554575864366086,10.008606997420877,1.0003736363772535,overdamped
-0.16249999999999987,0.6926666666666665,0.9174725954652663,0.9381044465989496,8.420519033772937,0.9253388618744969,overdamped
-0.1299999999999999,0.6926666666666665,0.8998003753393181,0.9248502815044886,5.9987064314100005,0.7780576086721828,overdamped
-0.09749999999999992,0.6926666666666665,0.8824425267547181,0.9118318950660386,4.286709909955778,0.6321240949479611,overdamped
-0.06499999999999995,0.6926666666666665,0.8654003041581066,0.8990502281185799,3.001035807826653,0.47727117738044983,overdamped
-0.03249999999999997,0.6926666666666665,0.8486746086983893,0.8865059565237919,2.00650520757238,0.3024402912151423,overdamped
2.220446049250313e-16,0.6926666666666665,0.8322659831247861,0.8741994873435895,1.418173578401849,0.15172938989398957,overdamped
0.032500000000000195,0.6926666666666665,0.8486746086983894,0.886505956523792,2.006505207572384,0.30244029121514315,overdamped
0.06500000000000017,0.6926666666666665,0.8654003041581068,0.89905022811858,3.0010358078266575,0.4772711773804505,overdamped
0.09749999999999992,0.6926666666666665,0.8824425267547181,0.9118318950660386,4.286709909955778,0.6321240949479611,overdamped
0.13000000000000012,0.6926666666666665,0.8998003753393182,0.9248502815044887,5.998706431409995,0.7780576086721824,overdamped
0.1625000000000003,0.6926666666666665,0.9174725954652665,0.9381044465989499,8.42051903377296,0.9253388618744981,overdamped
0.19500000000000006,0.6926666666666665,0.9354575864366088,0.9554575864366088,10.008606997420884,1.0003736363772537,overdamped
0.22750000000000026,0.6926666666666665,0.9537534102113316,0.9737534102113317,11.318094502618203,1.053773315840188,overdamped
0.26,0.6926666666666665,0.9723578020453462,0.9923578020453462,12.585907483872889,1.0998845350238007,overdamped
0.2925000000000002,0.6926666666666665,0.9912681827432276,0.999,34.24956917488867,1.5346551128752968,overdamped
-0.26,0.7087499999999998,0.9818509259254226,0.999,14.480550712300873,1.1607850789029337,overdamped
-0.2274999999999998,0.7087499999999998,0.9632728440130375,0.9832728440130375,11.283858219423545,1.0524576206498624,overdamped
-0.19499999999999984,0.7087499999999998,0.9449999999999997,0.9649999999999997,9.975468990984146,0.9989333229460989,overdamped
-0.16249999999999987,0.7087499999999998,0.9270345839810511,0.9470345839810511,8.623287787219779,0.9356728801648717,overdamped
-0.1299999999999999,0.7087499999999998,0.9093784696449808,0.9320338522337356,6.496980204433712,0.8127115435210556,overdamped
-0.09749999999999992,0.7087499999999998,0.892033204208408,0.919024903156306,4.550662153903268,0.6580745942095552,overdamped
-0.06499999999999995,0.7087499999999998,0.8749999999999998,0.9062499999999998,3.126610890820026,0.4950738363166054,overdamped
-0.03249999999999997,0.7087499999999998,0.858279727800628,0.893709795850471,2.0415716286683154,0.30996462177538975,overdamped
2.220446049250313e-16,0.7087499999999998,0.8418729120241368,0.8814046840181027,1.3890502925514197,0.1427179702748015,overdamped
0.032500000000000195,0.7087499999999998,0.8582797278006281,0.8937097958504711,2.041571628668321,0.30996462177539097,overdamped
0.06500000000000017,0.7087499999999998,0.8749999999999999,0.9062499999999999,3.12661089082003,0.49507383631660595,overdamped
0.09749999999999992,0.7087499999999998,0.892033204208408,0.919024903156306,4.550662153903268,0.6580745942095552,overdamped
0.13000000000000012,0.7087499999999998,0.9093784696449809,0.9320338522337357,6.496980204433739,0.8127115435210573,overdamped
0.1625000000000003,0.7087499999999998,0.9270345839810513,0.9470345839810513,8.62328778721981,0.9356728801648734,overdamped
0.19500000000000006,0.7087499999999998,0.945,0.965,9.975468990984135,0.9989333229460984,overdamped
0.22750000000000026,0.7087499999999998,0.9632728440130377,0.9832728440130377,11.283858219423603,1.0524576206498646,overdamped
0.26,0.7087499999999998,0.9818509259254226,0.999,14.480550712300873,1.1607850789029337,overdamped
-0.26,0.7248333333333332,0.9912394169644891,0.999,30.7871409649169,1.4883693601986954,overdamped
-0.2274999999999998,0.7248333333333332,0.9726867822100373,0.9926867822100374,11.253255255579777,1.0512781700063043,overdamped
-0.19499999999999984,0.7248333333333332,0.9544361605938525,0.9744361605938525,9.945710707435477,0.9976358226830914,overdamped
-0.16249999999999987,0.7248333333333332,0.9364896715736081,0.9564896715736081,8.594834067312133,0.9342374965732356,overdamped
-0.1299999999999999,0.7248333333333332,0.9188491279689481,0.9391368459767111,7.110262884264788,0.8518856579836327,overdamped
-0.09749999999999992,0.7248333333333332,0.9015160264300713,0.9261370198225535,4.866575759259658,0.6872234885399856,overdamped
-0.06499999999999995,0.7248333333333332,0.8844915394728595,0.9133686546046447,3.275568224952445,0.5152866495355674,overdamped
-0.03249999999999997,0.7248333333333332,0.8677765091782716,0.9008323818837037,2.086131716800549,0.31934172598586646,overdamped
2.220446049250313e-16,0.7248333333333332,0.8513714426343729,0.8885285819757797,1.360961872728081,0.13384595863776194,overdamped
0.032500000000000195,0.7248333333333332,0.8677765091782718,0.9008323818837038,2.086131716800555,0.3193417259858677,overdamped
0.06500000000000017,0.7248333333333332,0.8844915394728596,0.9133686546046447,3.2755682249524574,0.515286649535569,overdamped
0.09749999999999992,0.7248333333333332,0.9015160264300713,0.9261370198225535,4.866575759259658,0.6872234885399856,overdamped
0.13000000000000012,0.7248333333333332,0.9188491279689482,0.9391368459767112,7.110262884264764,0.8518856579836313,overdamped
0.1625000000000003,0.7248333333333332,0.9364896715736083,0.9564896715736083,8.594834067312187,0.9342374965732383,overdamped
0.19500000000000006,0.7248333333333332,0.9544361605938527,0.9744361605938527,9.945710707435419,0.9976358226830888,overdamped
0.22750000000000026,0.7248333333333332,0.9726867822100376,0.9926867822100376,11.253255255579788,1.0512781700063047,overdamped
0.26,0.7248333333333332,0.9912394169644891,0.999,30.7871409649169,1.4883693601986954,overdamped
-0.2274999999999998,0.7409166666666664,0.9819986562999486,0.999,13.039136006107812,1.1152488153060935,overdamped
-0.19499999999999984,0.7409166666666664,0.963769540424149,0.983769540424149,9.91912675113647,0.9964734399106165,overdamped
-0.16249999999999987,0.7409166666666664,0.9458413654245376,0.9658413654245376,8.569290451395954,0.9329448632533304,overdamped
-0.1299999999999999,0.7409166666666664,0.9282158864772279,0.9482158864772279,7.17404054799292,0.8557638269984106,overdamped
-0.09749999999999992,0.7409166666666664,0.9108945523615319,0.933170914271149,5.249508025688998,0.7201186040268737,overdamped
-0.06499999999999995,0.7409166666666664,0.8938784979128899,0.9204088734346674,3.4532575113848156,0.5382289651445659,overdamped
-0.03249999999999997,0.7409166666666664,0.8771685380549465,0.9078764035412099,2.1417194405726367,0.33076257882473026,overdamped
2.220446049250313e-16,0.7409166666666664,0.8607651634834362,0.8955738726125771,1.3338557599645122,0.12510886853227338,overdamped
0.032500000000000195,0.7409166666666664,0.8771685380549467,0.90787640354121,2.1417194405726425,0.3307625788247314,overdamped
0.06500000000000017,0.7409166666666664,0.89387849791289,0.9204088734346675,3.4532575113848254,0.5382289651445671,overdamped
0.09749999999999992,0.7409166666666664,0.9108945523615319,0.933170914271149,5.249508025688998,0.7201186040268737,overdamped
0.13000000000000012,0.7409166666666664,0.928215886477228,0.948215886477228,7.174040547992938,0.8557638269984116,overdamped
0.1625000000000003,0.7409166666666664,0.9458413654245378,0.9658413654245378,8.569290451395968,0.932944863253331,overdamped
0.19500000000000006,0.7409166666666664,0.9637695404241491,0.9837695404241491,9.919126751136499,0.9964734399106179,overdamped
0.22750000000000026,0.7409166666666664,0.9819986562999489,0.999,13.039136006108063,1.1152488153061018,overdamped
-0.2274999999999998,0.7569999999999999,0.9912117156890663,0.999,27.292362811186884,1.4360411359425134,overdamped
-0.19499999999999984,0.7569999999999999,0.973003426606658,0.993003426606658,9.895528201882158,0.9954389808607914,overdamped
-0.16249999999999987,0.7569999999999999,0.9550929850379299,0.97509298503793,8.546482639458022,0.9317874147782458,overdamped
-0.1299999999999999,0.7569999999999999,0.937482091506754,0.957482091506754,7.152462223273056,0.8544555726964709,overdamped
-0.09749999999999992,0.7569999999999999,0.9201721494201303,0.9401721494201303,5.711073615679029,0.7567177582521698,overdamped
-0.06499999999999995,0.7569999999999999,0.903164257908868,0.927373193431651,3.6669963749917334,0.5643104806391233,overdamped
-0.03249999999999997,0.7569999999999999,0.8864592061682638,0.9148444046261979,2.210350421838897,0.3444611307922479,overdamped
2.220446049250313e-16,0.7569999999999999,0.8700574693662483,0.9025431020246862,1.307682927909882,0.11650245396375129,overdamped
0.032500000000000195,0.7569999999999999,0.8864592061682639,0.9148444046261979,2.2103504218389087,0.34446113079225016,overdamped
0.06500000000000017,0.7569999999999999,0.9031642579088681,0.9273731934316511,3.666996374991752,0.5643104806391255,overdamped
0.09749999999999992,0.7569999999999999,0.9201721494201303,0.9401721494201303,5.711073615679029,0.7567177582521698,overdamped
0.13000000000000012,0.7569999999999999,0.9374820915067541,0.9574820915067541,7.152462223273037,0.8544555726964698,overdamped
0.1625000000000003,0.7569999999999999,0.9550929850379302,0.9750929850379302,8.54648263945803,0.9317874147782462,overdamped
0.19500000000000006,0.7569999999999999,0.9730034266066582,0.9930034266066582,9.895528201882135,0.9954389808607904,overdamped
0.22750000000000026,0.7569999999999999,0.9912117156890665,0.999,27.292362811187687,1.436041135942526,overdamped
-0.19499999999999984,0.7730833333333331,0.9821409346923378,0.999,11.537476733132078,1.0621108382218307,overdamped
-0.16249999999999987,0.7730833333333331,0.9642476760067565,0.9842476760067566,8.526250099939158,0.930758067629722,overdamped
-0.1299999999999999,0.7730833333333331,0.9466509135328637,0.9666509135328637,7.133202245207079,0.8532845375959323,overdamped
-0.09749999999999992,0.7730833333333331,0.9293520076250865,0.9493520076250865,5.693203044630839,0.7553566729368367,overdamped
-0.06499999999999995,0.7730833333333331,0.912352023543353,0.9342640176575148,3.9270470854516435,0.5940661085098464,overdamped
-0.03249999999999997,0.7730833333333331,0.8956517260804832,0.9217387945603623,2.2947263616951497,0.36073090482266507,overdamped
2.220446049250313e-16,0.7730833333333331,0.8792515756786184,0.9094386817589638,1.2823975828958887,0.10802269077468556,overdamped
0.032500000000000195,0.7730833333333331,0.8956517260804833,0.9217387945603625,2.2947263616951568,0.3607309048226664,overdamped
0.06500000000000017,0.7730833333333331,0.9123520235433531,0.9342640176575148,3.9270470854516826,0.5940661085098508,overdamped
0.09749999999999992,0.7730833333333331,0.9293520076250865,0.9493520076250865,5.693203044630839,0.7553566729368367,overdamped
0.13000000000000012,0.7730833333333331,0.9466509135328638,0.9666509135328638,7.133202245207111,0.8532845375959341,overdamped
0.1625000000000003,0.7730833333333331,0.9642476760067568,0.9842476760067568,8.526250099939173,0.9307580676297227,overdamped
0.19500000000000006,0.7730833333333331,0.9821409346923379,0.999,11.53747673313218,1.0621108382218347,overdamped
-0.19499999999999984,0.7891666666666666,0.9911850209479101,0.999,23.752836531265906,1.3757154799111295,overdamped
-0.16249999999999987,0.7891666666666666,0.9733084225075544,0.9933084225075545,8.508444727499487,0.9298501819419286,overdamped
-0.1299999999999999,0.7891666666666666,0.9557253598425648,0.9757253598425648,7.116126585625277,0.8522436649528622,overdamped
-0.09749999999999992,0.7891666666666666,0.9384371524118276,0.9584371524118276,5.6772573731573965,0.7541385830061746,overdamped
-0.06499999999999995,0.7891666666666666,0.9214448333089441,0.9414448333089441,4.189875066020492,0.62220107333698,overdamped
-0.03249999999999997,0.7891666666666666,0.9047491441564064,0.9285618581173047,2.398549764864516,0.3799487335927612,overdamped
2.220446049250313e-16,0.7891666666666666,0.888350531415762,0.9162628985618215,1.2579568950130788,0.09966575988612479,overdamped
0.032500000000000195,0.7891666666666666,0.9047491441564065,0.9285618581173049,2.3985497648645238,0.3799487335927626,overdamped
0.06500000000000017,0.7891666666666666,0.9214448333089442,0.9414448333089442,4.189875066020495,0.6222010733369804,overdamped
0.09749999999999992,0.7891666666666666,0.9384371524118276,0.9584371524118276,5.6772573731573965,0.7541385830061746,overdamped
0.13000000000000012,0.7891666666666666,0.9557253598425649,0.9757253598425649,7.116126585625306,0.852243664952864,overdamped
0.1625000000000003,0.7891666666666666,0.9733084225075547,0.9933084225075547,8.508444727499512,0.9298501819419299,overdamped
0.19500000000000006,0.7891666666666666,0.9911850209479102,0.999,23.752836531266112,1.3757154799111333,overdamped
-0.16249999999999987,0.8052499999999998,0.9822780586641016,0.999,9.970685717335813,0.9987250272198195,overdamped
-0.1299999999999999,0.8052499999999998,0.9647082860572085,0.9847082860572085,7.101111424693258,0.8513263272874962,overdamped
-0.09749999999999992,0.8052499999999998,0.9474304562802063,0.9674304562802063,5.663127123654802,0.7530563106080123,overdamped
-0.06499999999999995,0.8052499999999998,0.9304455718472027,0.9504455718472027,4.176935845938135,0.620857804934974,overdamped
-0.03249999999999997,0.8052499999999998,0.9137543523571346,0.935315764267851,2.5270250424749405,0.402609545740568,overdamped
2.220446049250313e-16,0.8052499999999998,0.8973572309844057,0.9230179232383042,1.2343207564157759,0.09142803217688629,overdamped
0.032500000000000195,0.8052499999999998,0.9137543523571348,0.9353157642678511,2.5270250424749485,0.4026095457405694,overdamped
0.06500000000000017,0.8052499999999998,0.9304455718472028,0.9504455718472028,4.17693584593814,0.6208578049349746,overdamped
0.09749999999999992,0.8052499999999998,0.9474304562802063,0.9674304562802063,5.663127123654802,0.7530563106080123,overdamped
0.13000000000000012,0.8052499999999998,0.9647082860572086,0.9847082860572086,7.10111142469327,0.851326327287497,overdamped
0.1625000000000003,0.8052499999999998,0.9822780586641018,0.999,9.970685717335948,0.9987250272198254,overdamped
-0.16249999999999987,0.821333333333333,0.9911592789027557,0.999,20.157205252070383,1.3044303180640846,overdamped
-0.1299999999999999,0.821333333333333,0.9736024066297276,0.9936024066297277,7.088042190425951,0.8505262939544243,overdamped
-0.09749999999999992,0.821333333333333,0.9563346494037528,0.9763346494037528,5.65071100260655,0.7521030965064069,overdamped
-0.06499999999999995,0.821333333333333,0.9393569806388067,0.9593569806388067,4.165475871132262,0.6196646231260773,overdamped
-0.03249999999999997,0.821333333333333,0.9226700989791284,0.9426700989791285,2.6323553158632946,0.4203445100573355,overdamped
2.220446049250313e-16,0.821333333333333,0.9062744249582094,0.9297058187186571,1.2114515636032799,0.0833060548083675,overdamped
0.032500000000000195,0.821333333333333,0.9226700989791286,0.9426700989791286,2.6323553158633017,0.42034451005733664,overdamped
0.06500000000000017,0.821333333333333,0.9393569806388068,0.9593569806388068,4.165475871132285,0.6196646231260796,overdamped
0.09749999999999992,0.821333333333333,0.9563346494037528,0.9763346494037528,5.65071100260655,0.7521030965064069,overdamped
0.13000000000000012,0.821333333333333,0.9736024066297277,0.9936024066297278,7.088042190425968,0.8505262939544252,overdamped
0.1625000000000003,0.821333333333333,0.9911592789027559,0.999,20.15720525207106,1.304430318064099,overdamped
-0.1299999999999999,0.8374166666666665,0.9824103044258149,0.999,8.33406826429216,0.9208570534387511,overdamped
-0.09749999999999992,0.8374166666666665,0.9651523293110218,0.9851523293110218,5.639915143625058,0.7512725697754297,overdamped
-0.06499999999999995,0.8374166666666665,0.9481816677572323,0.9681816677572324,4.155414265418272,0.6186143263672693,overdamped
-0.03249999999999997,0.8374166666666665,0.9314989984516052,0.9514989984516052,2.6228671672809596,0.4187762966987554,overdamped
2.220446049250313e-16,0.8374166666666665,0.9151047298897906,0.936328547417343,1.189314020871169,0.07529653882872175,overdamped
0.032500000000000195,0.8374166666666665,0.9314989984516053,0.9514989984516053,2.6228671672809676,0.4187762966987567,overdamped
0.06500000000000017,0.8374166666666665,0.9481816677572324,0.9681816677572325,4.155414265418279,0.61861432636727,overdamped
0.09749999999999992,0.8374166666666665,0.9651523293110218,0.9851523293110218,5.639915143625058,0.7512725697754297,overdamped
0.13000000000000012,0.8374166666666665,0.982410304425815,0.999,8.33406826429223,0.9208570534387547,overdamped
-0.1299999999999999,0.8534999999999997,0.9911344394848944,0.999,16.49504642153063,1.2173535421054442,overdamped
-0.09749999999999992,0.8534999999999997,0.9738859697363408,0.9938859697363408,5.630652433583955,0.7505587202312136,overdamped
-0.06499999999999995,0.8534999999999997,0.9569221167843182,0.9769221167843182,4.146675925391889,0.6177000953317896,overdamped
-0.03249999999999997,0.8534999999999997,0.9402435402912727,0.9602435402912727,2.6145452646541205,0.4173961650103259,overdamped
2.220446049250313e-16,0.8534999999999997,0.9238506372785592,0.9438506372785592,1.167686667582985,0.06732632154738537,overdamped
0.032500000000000195,0.8534999999999997,0.9402435402912728,0.9602435402912728,2.6145452646541307,0.4173961650103276,overdamped
0.06500000000000017,0.8534999999999997,0.9569221167843183,0.9769221167843183,4.146675925391901,0.6177000953317909,overdamped
0.09749999999999992,0.8534999999999997,0.9738859697363408,0.9938859697363408,5.630652433583955,0.7505587202312136,overdamped
0.13000000000000012,0.8534999999999997,0.9911344394848945,0.999,16.495046421530926,1.217353542105452,overdamped
-0.09749999999999992,0.8695833333333332,0.9825379287254323,0.999,6.623114559115192,0.8210622670446681,overdamped
-0.06499999999999995,0.8695833333333332,0.9655806949740913,0.9855806949740913,4.139191007989669,0.6169154679088255,overdamped
-0.03249999999999997,0.8695833333333332,0.948906097301322,0.968906097301322,2.607329887073161,0.4161959828644506,overdamped
2.220446049250313e-16,0.8695833333333332,0.9325145217814752,0.9525145217814752,1.1465769901855871,0.05940322198801991,overdamped
0.032500000000000195,0.8695833333333332,0.9489060973013221,0.9689060973013222,2.607329887073169,0.41619598286445186,overdamped
0.06500000000000017,0.8695833333333332,0.9655806949740914,0.9855806949740914,4.1391910079896785,0.6169154679088266,overdamped
0.09749999999999992,0.8695833333333332,0.9825379287254323,0.999,6.623114559115192,0.8210622670446681,overdamped
-0.09749999999999992,0.8856666666666664,0.9911104560711714,0.999,12.756777919112226,1.105740995023456,overdamped
-0.06499999999999995,0.8856666666666664,0.9741596607408997,0.9941596607408997,4.132894472434172,0.6162543163330934,overdamped
-0.03249999999999997,0.8856666666666664,0.9574889330912031,0.9774889330912031,2.6011651524413164,0.4151679271735441,overdamped
2.220446049250313e-16,0.8856666666666664,0.941098648743407,0.961098648743407,1.1262177442008996,0.051622365615386245,overdamped
0.032500000000000195,0.8856666666666664,0.9574889330912032,0.9774889330912032,2.6011651524413235,0.4151679271735453,overdamped
0.06500000000000017,0.8856666666666664,0.9741596607408998,0.9941596607408998,4.132894472434182,0.6162543163330944,overdamped
0.09749999999999992,0.8856666666666664,0.9911104560711714,0.999,12.756777919112226,1.105740995023456,overdamped
-0.06499999999999995,0.9017499999999998,0.9826611705389774,0.999,4.833497735103062,0.6842615194257575,overdamped
-0.03249999999999997,0.9017499999999998,0.9659942089847139,0.9859942089847139,2.595998698351925,0.41430447037073603,overdamped
2.220446049250313e-16,0.9017499999999998,0.949605181114762,0.969605181114762,1.1065694941863229,0.04397869344982972,overdamped
0.032500000000000195,0.9017499999999998,0.965994208984714,0.985994208984714,2.5959986983519325,0.4143044703707373,overdamped
0.06500000000000017,0.9017499999999998,0.9826611705389775,0.999,4.833497735103108,0.6842615194257616,overdamped
-0.06499999999999995,0.9178333333333331,0.9910872851928159,0.999,8.933576019688823,0.9510253373591356,overdamped
-0.03249999999999997,0.9178333333333331,0.9744239903761388,0.9944239903761388,2.591781396744222,0.41359836826670054,overdamped
2.220446049250313e-16,0.9178333333333331,0.9580361858162422,0.9780361858162422,1.0875955275554068,0.036467412999683584,overdamped
0.032500000000000195,0.9178333333333331,0.9744239903761389,0.9944239903761389,2.5917813967442354,0.41359836826670276,overdamped
0.06500000000000017,0.9178333333333331,0.991087285192816,0.999,8.93357601968901,0.9510253373591447,overdamped
-0.03249999999999997,0.9339166666666665,0.9827802525874016,0.999,2.961113447832973,0.4714550466409056,overdamped
2.220446049250313e-16,0.9339166666666665,0.9663936396037935,0.9863936396037936,1.0692616230903518,0.0290839798234634,overdamped
0.032500000000000195,0.9339166666666665,0.9827802525874018,0.999,2.9611134478329983,0.4714550466409093,overdamped
-0.03249999999999997,0.95,0.9910648862732863,0.999,5.017308591343864,0.7004708132853278,overdamped
2.220446049250313e-16,0.95,0.9746794344808964,0.9946794344808965,1.0515358427108024,0.021824080661158877,overdamped
0.032500000000000195,0.95,0.9910648862732864,0.999,5.017308591343938,0.7004708132853341,overdamped
