step,step_size,momentum,progress_signal,true_curvature,observed_curvature,plant_prediction,funnel_lower,funnel_upper,static_prediction,gamma_p_estimate,gamma_r_estimate,true_edge_utilization,predicted_edge_utilization,upper_edge_utilization
0,0.1,0.85,0.8,8.517986560182385,8.54116921488559,8.486195815693739,8.432195815693738,9.801106879761091,8.48219581569374,0.06447088485933855,0.08,0.23611111111111113,0.2357276615470483,0.27225296888225253
1,0.10168067226890756,0.85,0.8005619119030755,8.542729986745263,8.55929414293878,8.592782149730665,8.54116921488559,9.058256590816562,8.54116921488559,0.04499737121483517,0.08,0.24058738883801786,0.24269996267913407,0.2558471165940252
2,0.10336134453781513,0.85,0.8022444901624335,8.572118077964896,8.56066173233022,8.595393036067675,8.55929414293878,8.937259732642383,8.55929414293878,0.031158692765928343,0.08,0.24527446040375056,0.2467864947330355,0.2566019951248864
3,0.10504201680672269,0.85,0.8050382801705562,8.601162576454596,8.595463858333611,8.585745672766866,8.56066173233022,8.86941993289597,8.56066173233022,0.03410936435014994,0.08,0.2501201586707778,0.2505177892380621,0.25879493268253884
4,0.10672268907563026,0.85,0.8089275832888412,8.619943879392777,8.621692891128845,8.623055864004897,8.497662317222547,8.96925033277028,8.595463858333611,0.033774502485740085,0.08,0.2549831109266419,0.2556321416266624,0.26589514291825994
5,0.10840336134453782,0.85,0.81389054506012,8.624421649776233,8.645880639650063,8.649181639366098,8.52793976910866,8.967204369551544,8.621692891128845,0.03309235059115397,0.08,0.25956413642429227,0.26044454516298476,0.27002085986744845
6,0.11008403361344538,0.85,0.8198992780114548,8.639325753458465,8.657330603012335,8.673013034007452,8.556175936720756,8.969286813467647,8.645880639650063,0.030291673906333364,0.08,0.263725311886248,0.26521118287931283,0.2742709086284458
7,0.11176470588235295,0.85,0.8269200183571679,8.664115367458702,8.69169196289202,8.68237939455503,8.571674319173907,8.961000460459923,8.657330603012335,0.03175795826084287,0.08,0.2682143616269785,0.26955099427540125,0.2782009946874813
8,0.1134453781512605,0.85,0.8349133157215728,8.679573307333404,8.673960999916947,8.718207105124128,8.61008409814447,8.981975383186052,8.69169196289202,0.025520657977477497,0.08,0.2730288456131944,0.2747334171782813,0.2830454427474596
9,0.11512605042016807,0.85,0.8438342548153307,8.70725389598694,8.667519416219342,8.695496205323769,8.581177871908714,8.961646664809864,8.673960999916947,0.021946508017346694,0.08,0.2775680539460029,0.27807725960069013,0.28658860716128653
10,0.11680672268907563,0.85,0.8536327078198077,8.741090669104599,8.76884001620903,8.686253673285378,8.576881747008045,8.942964684923059,8.667519416219342,0.03160275678862663,0.08,0.2825182753366444,0.2818368955617805,0.29016622110277895
11,0.1184873949579832,0.85,0.8642536160612543,8.778811451873494,8.792397305471114,8.796152813041104,8.658893217825327,9.06602808471476,8.76884001620903,0.031197611978008518,0.08,0.28769696179826065,0.2895092312415489,0.29839168065937943
12,0.12016806722689076,0.85,0.8756372993920473,8.801577561539089,8.824651801626164,8.819715098171018,8.684595965884347,9.082200110044486,8.792397305471114,0.031692324800147345,0.08,0.293036890200259,0.29440225467751063,0.3031640092755279
13,0.12184873949579833,0.85,0.8877197915405423,8.839322083165888,8.846389258368278,8.852785705591186,8.718995920836331,9.108597293549533,8.824651801626164,0.03109349688643296,0.08,0.2979058698466779,0.29963910534797433,0.3082975274427363
14,0.12352941176470589,0.85,0.9004331995451689,8.8645955845071,8.858083780808203,8.874386875254777,8.742878836375377,9.124103285324493,8.846389258368278,0.029660708110201005,0.08,0.30331007148118244,0.30451327513129134,0.3130819754768209
15,0.12521008403361344,0.85,0.9137060852530625,8.8754165685483,8.89748869581908,8.885184950301408,8.756718817612237,9.129277142803785,8.858083780808203,0.030679995860524365,0.08,0.30831576612781464,0.309031876189288,0.3175215439490579
16,0.126890756302521,0.85,0.9274638667395488,8.875321030176783,8.868658377951443,8.925943283411435,8.798269191420045,9.164797526636288,8.89748869581908,0.026190538103233206,0.08,0.3128356446897276,0.31461658165152345,0.3230355804206535
17,0.1285714285714286,0.85,0.9416292373928564,8.90365920965988,8.91913707098291,8.893320154372498,8.756862374553227,9.141976708765927,8.868658377951443,0.028110481278508254,0.08,0.3169757510777423,0.31761857694187495,0.32649916817021174
18,0.13025210084033614,0.85,0.9561226003091694,8.951570577306677,8.96945040527381,8.946014137438858,8.807803368838321,9.191697205918707,8.91913707098291,0.029768772079241022,0.08,0.3221445325623906,0.3236769820968775,0.3325660753775443
19,0.1319327731092437,0.85,0.970862515557105,8.975256470629095,8.988362766671099,8.998351790219708,8.858579004382852,9.241278864878382,8.96945040527381,0.02909472564227156,0.08,0.3280570916519954,0.3297715291933927,0.33867431881090243
20,0.13361344537815126,0.85,0.9857661577983822,8.987718719244413,9.013457612724808,9.01704336257968,8.877953667033768,9.257394128668858,8.988362766671099,0.028863509623255526,0.08,0.33311526116480533,0.3346661752217948,0.3435867568763652
21,0.13529411764705884,0.85,1.000749781693255,9.01386200923387,9.001734344534103,9.042342763679182,8.903510814341105,9.280265264246642,9.013457612724808,0.026356878744399348,0.08,0.3377737427167018,0.339826607131734,0.3487681390158052
22,0.1369747899159664,0.85,1.0157291924755465,9.034633705417999,9.033529201520832,9.028505795697328,8.893933004947336,9.262438280196527,9.001734344534103,0.02665416732745121,0.08,0.34296440417953333,0.3435215790613129,0.3524223715387567
23,0.13865546218487396,0.85,1.0306202190530602,9.058777652480646,9.099996031532308,9.060999525290526,8.927873320730999,9.291040883846346,9.033529201520832,0.028869800397482874,0.08,0.3479725866932703,0.34898807695446704,0.3578482133134097
24,0.1403361344537815,0.85,1.045339186974967,9.07942897594138,9.080015915318205,9.130174765207943,8.996485609539407,9.356404799886784,9.099996031532308,0.026130580697145293,0.08,0.35313162184039865,0.35591484262131806,0.3647338005558106
25,0.14201680672268907,0.85,1.0598033886085039,9.109440069569445,9.10994896777876,9.107709193287347,8.973920756376193,9.334921696856412,9.080015915318205,0.02624827187177256,0.08,0.35817541945240267,0.35929104894154096,0.36825438066497046
26,0.14369747899159663,0.85,1.0739315478830072,9.140174303253602,9.131506171806183,9.138137815019267,9.004816718697171,9.362834977730385,9.10994896777876,0.025912672807438916,0.08,0.36361210361726776,0.36475760186001266,0.37372660625394394
27,0.1453781512605042,0.85,1.0876442769898278,9.163627453003748,9.148108563966465,9.159689942086704,9.027336832585018,9.381909929860088,9.131506171806183,0.025347770611730373,0.08,0.3691060117793822,0.3698941083055555,0.3788679780265628
28,0.14705882352941177,0.85,1.1008645224718783,9.176593564273942,9.180487087269908,9.176013025356674,9.044902134605723,9.39578412823762,9.148108563966465,0.02555826568444212,0.08,0.3743311868057087,0.374837133388753,0.38381471112081783
29,0.14873949579831933,0.85,1.1135179981961791,9.219584584431784,9.209809069893558,9.208946676112214,9.078243567769588,9.42628885885243,9.180487087269908,0.02559742647513443,0.08,0.3791449721933911,0.38048169039959423,0.38946151447639593
30,0.15042016806722688,0.85,1.1255336027764828,9.244396144841,9.238699453913192,9.238619833535921,9.10852846025366,9.453546080130067,9.209809069893558,0.0256009180802013,0.08,0.3852254063056231,0.38602076335269137,0.3950011083901218
31,0.15210084033613447,0.85,1.136843819100426,9.270700094880945,9.244847239398496,9.267803699395966,9.138381754133714,9.480321182579369,9.238699453913192,0.02462820608313482,0.08,0.39057789500845497,0.3915668696523506,0.400545782924105
32,0.15378151260504203,0.85,1.1473850937162209,9.319208173889443,9.327110171865478,9.273105275943255,9.14571208855553,9.482996737819049,9.244847239398496,0.026840241960235992,0.08,0.3960173009718051,0.3961200433000971,0.40508599510291454
33,0.15546218487394958,0.85,1.1570981939470653,9.343066582993584,9.348415674701302,9.358166967362768,9.220638798434027,9.573949659832323,9.327110171865478,0.026453979111739283,0.08,0.4024401288911174,0.4041225231003997,0.4134408699974276
34,0.15714285714285714,0.85,1.165928540726605,9.37045109486254,9.366641621061795,9.379259123963465,9.242713510476348,9.592822974049488,9.348415674701302,0.0259704514165175,0.08,0.40783227147987866,0.4094121046174528,0.4187343361688268
35,0.1588235294117647,0.85,1.173826515285202,9.407685803269475,9.424839164125016,9.39712642554843,9.26170866604334,9.608464353015375,9.366641621061795,0.02699824463747584,0.08,0.413402254185112,0.4145791070094895,0.4239028391036194
36,0.16050420168067225,0.85,1.180747737963711,9.458981029483354,9.489651399564437,9.456717280409707,9.320675418313057,9.665820364378147,9.424839164125016,0.02818071294565164,0.08,0.419436972087878,0.4216230160033272,0.43094577254813865
37,0.16218487394957984,0.85,1.186653317588062,9.489221017886647,9.480225543246243,9.523092136073391,9.386256862958973,9.729950140252397,9.489651399564437,0.02669029646827132,0.08,0.4261399016550624,0.4290281938053605,0.438347426953481
38,0.1638655462184874,0.85,1.1915100700034007,9.523778469869807,9.526088647690997,9.512027300259565,9.377600215847279,9.716629134501474,9.480225543246243,0.02716386146987879,0.08,0.4319323292455407,0.4329704303339438,0.4422835390354313
39,0.16554621848739495,0.85,1.195290704539802,9.548435946887583,9.537267391699357,9.55855735880535,9.424232529498529,9.76089148529251,9.526088647690997,0.02646915345291786,0.08,0.43795153094405975,0.4395508402625243,0.4488551873488852
40,0.16722689075630254,0.85,1.1979739773617943,9.591738502898762,9.621290921146096,9.568976748738748,9.436180482713384,9.769031540098368,9.521671277932885,0.02812349428428536,0.08,0.4435431263843672,0.4444972859474816,0.45379021393080654
41,0.1689075630252101,0.85,1.199544810839999,9.622607747421732,9.610944373623816,9.6550263127775,9.5166625763314,9.857101013579577,9.559322926948639,0.02677222418491516,0.08,0.45003254880547416,0.453001934843202,0.46248303074918184
42,0.17058823529411765,0.85,1.1999943782741247,9.652807135533918,9.634894771054457,9.643070892139608,9.506747093312644,9.843182108956038,9.592761564621721,0.02652922944511701,0.08,0.4559732429333827,0.4569429017517135,0.46642529601262267
43,0.1722689075630252,0.85,1.199320153491246,9.6831136385942,9.69071763314062,9.666711810584578,9.531128555246807,9.86484940711922,9.624624072887078,0.02722109528707095,0.08,0.4619107055986118,0.4625760787044441,0.47205745295505136
44,0.17394957983193277,0.85,1.1975259250406722,9.715668248956266,9.737890645703375,9.72331560045489,9.58738248183649,9.919470419968732,9.659811162458452,0.02762852687575805,0.08,0.4678815413606441,0.4698240731312237,0.4793021421413463
45,0.17563025210084032,0.85,1.194621774905635,9.75092831504027,9.759588466532286,9.770896285517722,9.634986558902769,9.965060350719693,9.696915371302739,0.027321876441685225,0.08,0.47399035108119963,0.4766847160768449,0.4861572393324966
46,0.17731092436974788,0.85,1.1906240218514261,9.782480697263196,9.806162679981282,9.792118548945812,9.657115444235199,9.984285242321135,9.733198711171156,0.027691412944898738,0.08,0.4802628091674829,0.48229155318103784,0.49175634596866463
47,0.17899159663865546,0.85,1.1855551297283133,9.801008093669111,9.795543449543707,9.838992376647532,9.704120722187719,10.029156604068241,9.770472517231358,0.02658194443515356,0.08,0.4863838441916575,0.48919359855880584,0.4986485426392473
48,0.18067226890756302,0.85,1.17944358124449,9.819948249835795,9.834821172962005,9.826895353284748,9.693932556253667,10.0150536933251,9.804116042406825,0.026778383487492168,0.08,0.4918806582957187,0.49317985549865095,0.5026229094455874
49,0.1823529411764706,0.85,1.1723237179183492,9.862977181412985,9.853693364738746,9.866214107051906,9.733641344175485,10.052364948042376,9.836487013122959,0.026477128034111237,0.08,0.4974156793217478,0.49975921130491685,0.509188420570774
50,0.18403361344537816,0.85,1.1642355471094028,9.91547313655169,9.910122409830183,9.884518978381426,9.752944600455749,10.068662644875555,9.86593350169057,0.027075260808105923,0.08,0.5041998138957619,0.5053010402113755,0.5147145469719296
51,0.18571428571428572,0.85,1.155224517212168,9.931218897594249,9.926157216507198,9.94140041492562,9.809804710050706,10.123539284921492,9.901916411887848,0.026729445530661422,0.08,0.5115125030760792,0.5128500214048931,0.5222460742221404
52,0.18739495798319328,0.85,1.1453412622762265,9.967608699057276,9.96338964278859,9.95677155339123,9.827022065664233,10.13615868290796,9.936381724506854,0.026875274874521578,0.08,0.5169612077879359,0.5182913296933342,0.5276291751373657
53,0.18907563025210083,0.85,1.1346413174874748,10.026564903145331,10.04196186285937,9.993883440080054,9.865437040882137,10.170525633569396,9.971946445273755,0.02790443920009756,0.08,0.5235088602446047,0.5248888361386583,0.5341662622673001
54,0.1907563025210084,0.85,1.1231848071093036,10.078789431009065,10.103735368984703,10.073303705019825,9.942892419346148,10.249509516041963,10.01215910556014,0.02853738113200671,0.08,0.53128623553081,0.5337628247057656,0.5430995938705708
55,0.19243697478991595,0.85,1.1110361066372045,10.089669025854482,10.082869370934509,10.13544142981123,10.005082010893565,10.309689540744799,10.054580465342399,0.02747474935552179,0.08,0.5387588187911008,0.5417871352536815,0.5511015184011575
56,0.19411764705882353,0.85,1.0982634810651999,10.087678575081835,10.07604343383551,10.113043884803098,9.980396348637422,10.289584182175412,10.092246060788781,0.02674777979207772,0.08,0.544050780805879,0.5453111898668337,0.5548305196271056
57,0.1957983193277311,0.85,1.0849387012967133,10.131438109787547,10.116260310060637,10.105063135305697,9.974001476041947,10.279661628986482,10.12311750435117,0.026961673451189216,0.08,0.548652919699829,0.5495984384981856,0.5590945750592554
58,0.19747899159663865,0.85,1.071136640855323,10.153789674475902,10.159660089491377,10.145139946392982,10.014649416770597,10.317816043542358,10.156084930330522,0.027231415073415255,0.08,0.5557628281512776,0.5565144461723507,0.5659866410439901
59,0.19915966386554623,0.85,1.0569348551615185,10.192831648434709,10.18641800752033,10.18844192123784,10.058480260704856,10.359217756671244,10.19149719364139,0.027194840933698967,0.08,0.5617292607027985,0.5636462967631578,0.573093979535734
60,0.2008403361344538,0.85,1.0424131457395627,10.218949470410134,10.233511141055182,10.214766267205915,10.085669243237334,10.38366675395732,10.226025877121863,0.027524449782252894,0.08,0.5686477040093127,0.5698714140668099,0.5792942003258169
61,0.20252100840336135,0.85,1.0276531118032275,10.250772461758995,10.245637299878945,10.261796727524585,10.133193441275704,10.428849598090087,10.262007230124674,0.02724787082293375,0.08,0.5748755421029044,0.5772859503579423,0.5866836491922761
62,0.2042016806722689,0.85,1.0127376917400994,10.282903159034777,10.284273346181484,10.273232245680996,10.145735685521553,10.438483062113663,10.293877432536789,0.027431880315081477,0.08,0.5814513791333884,0.5827253584735018,0.5920988291535061
63,0.20588235294117646,0.85,0.9977506970709066,10.31389577363475,10.349917934907198,10.311643523887822,10.184787817246177,10.475125739428632,10.326539028204042,0.028053244326366432,0.08,0.5880745270689823,0.5897181753857414,0.5990676484967354
64,0.20756302521008402,0.85,0.9827763415026085,10.337751016112719,10.328035284669683,10.377487999733544,10.250848491393976,10.539237945422283,10.364533511495782,0.02727083954103067,0.08,0.5946620579103135,0.5983285564738995,0.6076544753779888
65,0.20924369747899157,0.85,0.9678987677215524,10.38181575113824,10.369113139544824,10.354430696656179,10.228282492750909,10.51558700934912,10.394456485416192,0.027497334465817643,0.08,0.6008636795079522,0.6018331567384193,0.6112000852772947
66,0.21092436974789916,0.85,0.9532015745857029,10.429144068934766,10.42564850842295,10.395323642054551,10.269501574591226,10.555103801168869,10.425298950074481,0.02795370300600482,0.08,0.6082716511521237,0.6090630798682755,0.618424615801444
67,0.21260504201680672,0.85,0.938767347372708,10.456315628877734,10.46952093793827,10.451890532043143,10.32617817043453,10.61033940841738,10.458112785022957,0.02821270209992093,0.08,0.615913503604224,0.6172568404778046,0.6266143488164325
68,0.2142857142857143,0.85,0.9246771937233946,10.496763906646946,10.514709882376968,10.49560858014338,10.370191826915022,10.652773808466366,10.49123036736,0.028486800707505387,0.08,0.6223997398141509,0.6247386059609155,0.634093679075379
69,0.21596638655462186,0.85,0.91101028788828,10.519828570444748,10.513232851405787,10.540661650890529,10.415521998318896,10.69659356006901,10.525527947803507,0.02810205378056218,0.08,0.6297078253987547,0.6323412801771396,0.6416957387809841
70,0.21764705882352942,0.85,0.8978434258380337,10.549137858120872,10.551562801421037,10.538464095645212,10.414186194312892,10.693215620896744,10.556125075002308,0.028281802952045555,0.08,0.6360027076902871,0.6371293652595961,0.6464852581261104
71,0.21932773109243697,0.85,0.8852505937377775,10.566217597458765,10.573610702805894,10.576599284276309,10.452657371293315,10.730225860226076,10.587097664874783,0.028241647047529482,0.08,0.642699575389717,0.6443726454706155,0.6537322477868828
72,0.22100840336134453,0.85,0.8733025522100171,10.602599504362583,10.605596625052113,10.598274205251116,10.474980131135084,10.750700007963601,10.61555660507532,0.028338072346666857,0.08,0.6486730224396954,0.6506410168022977,0.6599986232713415
73,0.2226890756302521,0.85,0.8620664387222814,10.645505361251418,10.652890799578358,10.63002592616026,10.507240911838212,10.781310989659952,10.646533051312511,0.02863346130031851,0.08,0.6558564119178535,0.6575529576172895,0.666911160658237
74,0.22436974789915964,0.85,0.851605390333701,10.667480556171085,10.66928442418985,10.677275209565622,10.554809944821365,10.827481627666245,10.678468878796611,0.028532076824859576,0.08,0.6634803761564259,0.6654604297278293,0.6748220342172939
75,0.22605042016806723,0.85,0.8419781889203578,10.684334627054836,10.66577126362855,10.693307810560983,10.571478427889765,10.842499549938792,10.708008253834826,0.028188562329746085,0.08,0.669830128293656,0.671451867656607,0.6808198830377066
76,0.22773109243697479,0.85,0.8332389308729263,10.713383659255275,10.698025153539177,10.689259071167031,10.568240125785373,10.83750176436641,10.735319862046744,0.028296213791960022,0.08,0.675876443494832,0.6761879571163085,0.68556558780189
77,0.22941176470588234,0.85,0.825436723122616,10.732196383834749,10.73059078286806,10.72138188752839,10.600768874152912,10.86874260630129,10.764573933082993,0.02840768225771254,0.08,0.6827156253446989,0.6832253163621032,0.6926159504015528
78,0.2310924369747899,0.85,0.8186154072034779,10.759738865326636,10.768039781085632,10.753845749247164,10.633609361938703,10.900392758856572,10.791929429581241,0.028577254630528064,0.08,0.6889248378978888,0.6903145614012535,0.6997217573962552
79,0.23277310924369748,0.85,0.8128133129016083,10.783148320601814,10.748384782828948,10.791267754095504,10.671333218613183,10.937070249445988,10.820690280603579,0.028070924339763496,0.08,0.6957160750923151,0.6977547077227952,0.7071821799945235
80,0.23445378151260504,0.85,0.8080630428755172,10.803294973422247,10.789335264043919,10.771067859367266,10.651953078813408,10.916195684060135,10.843310829041485,0.02828439429706784,0.08,0.7022638612156643,0.7014771084882043,0.7109287105165213
81,0.2361344537815126,0.85,0.8043912894579093,10.824481758902275,10.842325629830347,10.812086984444074,10.693178418485287,10.956610334088145,10.869892625682136,0.02863462654394087,0.08,0.7086194882193397,0.7091961817527508,0.7186758879268834
82,0.23781512605042016,0.85,0.8018186846682898,10.856590573568285,10.860556518393281,10.865285408421776,10.746935247786142,11.008782914703412,10.896723858869859,0.028580261858444523,0.08,0.7150626372010606,0.717758116382671,0.7272375268116399
83,0.23949579831932774,0.85,0.8003596842791904,10.885069762297054,10.858278414683829,10.883431007750922,10.765932599863504,11.025972625279456,10.921931735943952,0.02829282928617948,0.08,0.7222521740118958,0.7240377771262868,0.7335205878162103
84,0.2411764705882353,0.85,0.8000224865874637,10.909808801509811,10.921049995530893,10.880913314321953,10.76442095966848,11.022568381909135,10.945203565423522,0.02874941053305694,0.08,0.7292285298270903,0.728950074979085,0.7384400386573113
85,0.24285714285714285,0.85,0.8008089863470761,10.923757925694488,10.931047702528852,10.944072781837946,10.827959004029971,11.084909680653809,10.972802019889087,0.02860170434790172,0.08,0.7359791651812174,0.7382906241716074,0.7477915260758521
86,0.2445378151260504,0.85,0.802714764122261,10.941664024074203,10.959673145598625,10.954006712887972,10.838723174542354,11.094092518845867,10.998017976368974,0.0286658508183387,0.08,0.742019971143113,0.744074685679365,0.7535903181568971
87,0.24621848739495797,0.85,0.8057291111208532,10.97752546461833,10.967899368932503,10.982770056098008,10.868115081126554,11.122170189064267,11.02409870697233,0.02849757530687028,0.08,0.7483444348864943,0.7511558418386359,0.7606899779168603
88,0.24789915966386555,0.85,0.8098350893682678,11.01775591819038,11.014334472848601,10.990977705377922,10.87710776797486,11.129755577971995,11.045993676479291,0.028762111620430048,0.08,0.755922038296547,0.7568483714020745,0.766404737512077
89,0.2495798319327731,0.85,0.8150096268839947,11.065319522441136,11.056471546573581,11.037775870708764,10.924309335405384,11.175992539612635,11.070138049487365,0.02897429964607748,0.08,0.7638360195384087,0.7652239574230866,0.7748062054773465
90,0.25126050420168067,0.85,0.8212236473258042,11.089078860334745,11.092916269863258,11.080265926607643,10.967212872644792,11.217979749435834,11.094975735194804,0.029118337832707824,0.08,0.7722993784336833,0.7733425565022607,0.7829542355465252
91,0.2529411764705882,0.85,0.8284422333731739,11.103265690294801,11.072208858785922,11.1170391306895,11.004424059448896,11.254305431579352,11.121870310344466,0.028605723451112335,0.08,0.7791346258078333,0.7810991546072688,0.7907436822841701
92,0.2546218487394958,0.85,0.8366248229318701,11.117095937976343,11.136528840026248,11.096141117103047,10.982665148318043,11.234829827832836,11.143008349899638,0.02906993697216233,0.08,0.7853150103079656,0.7848111014197533,0.7946203169545633
93,0.25630252100840334,0.85,0.8457254370571828,11.136832250923623,11.13095153199824,11.161114025177255,11.04710196289765,11.300105117433858,11.16817531960062,0.02872116366061315,0.08,0.7914832542210047,0.7946171283097718,0.8045126192384049
94,0.2579831932773109,0.85,0.8556929383150886,11.178993276037756,11.187876956297224,11.15552802892282,11.041641488208922,11.294865855992228,11.192503296513234,0.029097740479486853,0.08,0.7980876519686163,0.7994274287766818,0.8094126558799285
95,0.25966386554621845,0.85,0.8664713181295803,11.211682173248747,11.22697224911771,11.213089313845078,11.098683745847183,11.352814010355749,11.221661659765811,0.029260539890839897,0.08,0.8063279463808743,0.8087872544300021,0.8188654363211778
96,0.261344537815126,0.85,0.8780000115015216,11.22537715794079,11.227622229382217,11.252663003478407,11.137895872006949,11.392810243509755,11.24943622322346,0.028964597958018853,0.08,0.8139199710271615,0.8168950032870643,0.8270690909737473
97,0.26302521008403357,0.85,0.8902142373305866,11.252105759283523,11.249246160248434,11.253406926863,11.139294185021352,11.393376210649048,11.272507838563055,0.02891502123582658,0.08,0.8201547736777466,0.8222027003053498,0.83242921427011
98,0.2647058823529412,0.85,0.903045362427973,11.264274647715832,11.27262268330954,11.275357736079954,11.16091811588757,11.415923538535537,11.295478221880066,0.028882156976216704,0.08,0.8273607175943767,0.8290704217705849,0.8394061425393777
99,0.26638655462184874,0.85,0.9164212871744603,11.270032889799424,11.253165688026154,11.29909090678206,11.184294638948677,11.440274362963734,11.318765530817961,0.028325584723135924,0.08,0.8335142538109054,0.8360905269490927,0.8465375754107152
100,0.2680672268907563,0.85,0.9302668506567515,11.286368303881103,11.278949933502624,11.279516040519557,11.164089310915394,11.422081497166467,11.33726732583747,0.02831866495604965,0.08,0.8392017954822633,0.8399079404588559,0.8505238089626757
101,0.26974789915966385,0.85,0.9445042530055918,11.32290753412052,11.352727781892101,11.305697032993052,11.189873556391863,11.44890697385854,11.35678045382378,0.028898442973438594,0.08,0.8456872608650405,0.847135561995978,0.857866278853546
102,0.27142857142857146,0.85,0.9590534925624942,11.370428575807031,11.384941244619426,11.380442934555395,11.261972291232619,11.525982054757058,11.380303395230149,0.028954359029462116,0.08,0.8537112823344837,0.8580492688752085,0.8690224565094609
103,0.273109243697479,0.85,0.9738328154185817,11.402972221051755,11.36091434144891,11.413137949591729,11.294185753959944,11.559327484676071,11.404870045087012,0.02829996350297583,0.08,0.8626025413485727,0.8658426315633315,0.8769331074976011
104,0.2747899159663866,0.85,0.9887591747995318,11.44421891369816,11.491539951901913,11.38889619000897,11.267958373793954,11.537931776368358,11.426335375179619,0.029596046230715538,0.08,0.8703949384416256,0.8693205075006847,0.8806964731261562
105,0.27647058823529413,0.85,1.0037486977152872,11.477758394426091,11.481971102091826,11.521246944763515,11.39643078022355,11.673071362056582,11.455796522048793,0.029096521329409927,0.08,0.878886093045447,0.8848016444507928,0.8964613627723192
106,0.2781512605042017,0.85,1.0187171562523702,11.514666824723388,11.527782139261898,11.51161222755736,11.386861930413463,11.664057339976868,11.482037650479354,0.029303555916845535,0.08,0.8868202681034165,0.8894359587585168,0.9012145143632921
107,0.27983193277310925,0.85,1.0335804408605538,11.54522607308565,11.538497387496806,11.558069721505213,11.434826171606943,11.708962569283335,11.511623871864396,0.029051426111048138,0.08,0.8950476313335407,0.8984213859153212,0.9101504518140406
108,0.2815126050420168,0.85,1.0482550329744371,11.578918324524967,11.554226118753151,11.568950691132796,11.44554141984185,11.720420095262995,11.540405004159002,0.028860710192738878,0.08,0.9028129632314876,0.9046681796287317,0.9165127758900802
109,0.28319327731092436,0.85,1.0626584743142036,11.586083643286221,11.610580538819208,11.584895197014191,11.461270151098196,11.736912377665435,11.569080812550716,0.029194971001110667,0.08,0.9108532855660395,0.9113234550405653,0.9232818560395077
110,0.2848739495798319,0.85,1.0767098302285136,11.610734782568588,11.623621981144526,11.642015051089341,11.517624571164253,11.794547093030209,11.599314391141434,0.028954654690192684,0.08,0.9168259465625651,0.9212518912976859,0.9333220038602336
111,0.2865546218487395,0.85,1.0903301444759403,11.65991915448731,11.681884200780251,11.655192113976135,11.53066601348957,11.808202255581646,11.628695466321622,0.02930451639053519,0.08,0.92419714305693,0.9277358802207893,0.9399152589060087
112,0.28823529411764703,0.85,1.1034428828894915,11.684174842704323,11.690020415235514,11.714220060827905,11.588928233125296,11.867668007042045,11.66096665361793,0.02898657328649463,0.08,0.9335556185782323,0.9379032401643256,0.9501891051389871
113,0.2899159663865546,0.85,1.1159743634312025,11.701429081144484,11.699546765318972,11.722368687906961,11.599264924576032,11.874010466261016,11.691511190873126,0.028686277427895087,0.08,0.9409524558200258,0.9440282906927873,0.9562403386694794
114,0.29159663865546215,0.85,1.1278541702202773,11.745561201322753,11.746137673649281,11.73190070294412,11.60879127465949,11.883890443542347,11.721384111802742,0.028873730557229835,0.08,0.9478048298686124,0.950273002782822,0.9625840298574215
115,0.2932773109243697,0.85,1.1390155492083063,11.743237205127864,11.702714463801083,11.779025301717617,11.655382182989799,11.931314167103137,11.752773257330109,0.027869220873535824,0.08,0.9568629456726517,0.9595891293882931,0.9719954818671788
116,0.29495798319327726,0.85,1.1493957832782082,11.765801260212818,11.789799610080198,11.734747228756374,11.609758496146128,11.889484736502169,11.775489168421426,0.028593068968188286,0.08,0.9621559894957702,0.9614603821880221,0.9741384553016481
117,0.2966386554621849,0.85,1.158936544659177,11.800640506597235,11.803183422829456,11.822937162631392,11.694690438401835,11.980023330735621,11.804662098981332,0.028333870401885605,0.08,0.9694976295180029,0.9742056065380209,0.9871494481208389
118,0.29831932773109243,0.85,1.1675842226773692,11.817541258629358,11.820177028355786,11.836265602878083,11.708074251151093,11.993493141003844,11.832727812177932,0.028123385420991923,0.08,0.9778775396456625,0.9808296659714564,0.9938585586032598
119,0.3,0.85,1.1752902250006612,11.823147317187981,11.829300296487144,11.853230168335005,11.725067856677423,12.010543981647205,11.86038401413905,0.027811515059057927,0.08,0.9847951048857798,0.9877691806945836,1.000878665137267
120,0.3,0.85,1.1820112506847462,11.870394516666577,11.855677944780583,11.86217382018554,11.734191124808781,12.019518167324996,11.856610563082029,0.027727256379059123,0.08,0.9852622764323318,0.9885144850154616,1.0016265139437497
121,0.3018988868036062,0.85,1.1877095334862975,11.916663136536538,11.903705019665855,11.88860987151941,11.762721977125628,12.043775512975953,11.88703944066455,0.02792196051624658,0.08,0.9954608029170197,0.9969883571816872,1.0100006722999921
122,0.3037672198077162,0.85,1.1923530540759821,11.943463034333961,11.941016183575401,11.935721424224388,11.806658930376233,12.092082005100403,11.919927492350542,0.027989499745342955,0.07846603675634271,1.0055254528807787,1.0071335870655658,1.0203272589934065
123,0.3055749368349049,0.85,1.1959157199588846,11.957233440581895,11.984718607814308,11.97065421789302,11.770895041626071,12.129438532396051,11.952114456273222,0.028158569709805115,0.06650005687902791,1.0137841561962837,1.0160921962514298,1.0295701148277179
124,0.307292951041507,0.85,1.198377512091342,11.970125711432745,11.95792672538412,12.012955699848078,11.742766208148163,12.173253160093237,11.982670345762902,0.027595681549344473,0.13734468035090136,1.0206593195135005,1.0254157243714466,1.0390985798167782
125,0.30889361893581957,0.85,1.1997245973703337,11.929590364391958,11.945696825191101,11.978161002594062,11.694016555112293,12.147856723658975,12.007668004768249,0.027314151314358017,0.17882556435334968,1.0270820694781007,1.0277715278575512,1.042332062690236
126,0.31035118517223165,0.85,1.1999494063633318,11.92936360865191,11.932342816150772,11.959273503495032,11.65969301151894,12.135209678815041,12.025828971095464,0.02712665460640398,0.2128992970089075,1.0284340300578552,1.0309929737801526,1.0461601961482734
127,0.31164219696437634,0.85,1.1990506758418458,11.906807643325164,11.935578984432988,11.939614609309295,11.632537706859495,12.12154958294214,12.038055627124216,0.027104718688132936,0.2177474660201422,1.0326925231631006,1.0335799243758645,1.049329539622419
128,0.3127458814492427,0.85,1.1970334558796525,11.86687991601193,11.85276110585654,11.939106685747577,11.621514869180542,12.124654437998386,12.045128895487894,0.026771879386584544,0.3167929874836385,1.034390292127308,1.037196234486298,1.0533154831886882
129,0.31364447993031774,0.85,1.1939090814758304,11.831481047401128,11.838164575080855,11.84748430033316,11.569165254879891,12.0412968241158,12.041226206576908,0.026731603741673965,0.3251744927055689,1.033883716570304,1.0321939032946108,1.0490795222462186
130,0.3143235336216611,0.85,1.1896951088620515,11.809250569293779,11.847251996128515,11.830616458021694,11.55510000077328,12.026415761545328,12.03345938330591,0.02679188684641779,0.31128460390319296,1.0330313696657873,1.0329558805577663,1.0500515274922688
131,0.3147721162951831,0.85,1.184415216852025,11.793394299259806,11.78909577317714,11.838771542815753,11.558773826085961,12.035272403133268,12.024183738453715,0.0266601813141237,0.3513001194365346,1.032561887099083,1.035143103574251,1.0523244901453535
132,0.3149830100877451,0.85,1.1780990737874246,11.785071567209927,11.77189202461248,11.780679014718887,11.527967480745685,11.979017823885448,12.005581026530786,0.02662910871697112,0.3569720684270822,1.031866343203474,1.0307538158149128,1.04810752557283
133,0.3149528216392791,0.85,1.1707821708279456,11.757915108827905,11.767545216349358,11.764662068019383,11.52357818448152,11.961317723886477,11.985805213983493,0.02663972833418036,0.35532517830904653,1.0310393175871133,1.0292537538764728,1.0464585465727683
134,0.31468203669322165,0.85,1.1625056225222536,11.742595082564188,11.760162624360822,11.761903086618222,11.529549655047104,11.956444321789085,11.963551318697842,0.02663317739847391,0.35622141733817325,1.0277790760311023,1.0281276718570311,1.0451328474415817
135,0.31417501228072003,0.85,1.1533159357804426,11.741428707489439,11.7435242860298,11.757127384803383,11.537341327678924,11.94844065776107,11.941473546767675,0.026576187937665405,0.3622959493519043,1.0247860984089239,1.0260543445851644,1.0427504139965387
136,0.31343990661437005,0.85,1.1432647485461698,11.740563951460642,11.73901036576264,11.744602091452203,11.543324053063671,11.931045163699956,11.918634434883717,0.026547427247162334,0.3642882089439995,1.022286754887437,1.0225630507688093,1.038796022756096
137,0.31248854781952157,0.85,1.1324085396369048,11.748269185335833,11.741119117628099,11.744189718654622,11.56072423874667,11.923296072967497,11.895038342257967,0.026528899833281258,0.365147185671382,1.0191088277150444,1.0194235529164828,1.0349704097399492
138,0.31133624361531387,0.85,1.1208083113827318,11.731941322849393,11.733341724579748,11.75061065817806,11.58296384266018,11.92451722352194,11.872061779874949,0.026408047878980677,0.36869348791903234,1.0160172214288894,1.0162197173620078,1.031259555360398
139,0.31000153500774436,0.85,1.108529246846995,11.741946652334025,11.71716208171427,11.748843661592309,11.603100534911686,11.91565167554306,11.849521400457238,0.026138662889804574,0.37199082604688405,1.0102555051955828,1.0117109915721176,1.0260750861210972
140,0.30850589795794153,0.85,1.0956403435549067,11.772559687239651,11.765715260483372,11.740290128454143,11.621830406857235,11.898114785541557,11.826924007610824,0.026404621421536847,0.37253866635989985,1.0062388321534872,1.0060968745459729,1.0196218294222663
141,0.30687339782591116,0.85,1.082214025788241,11.776591001200554,11.77524522263415,11.790347382958027,11.670606088805009,11.945758920764149,11.808101075143306,0.02624368831154918,0.3718752585404845,1.003523720092105,1.0050399897100468,1.018287674895579
142,0.305130302149885,0.85,1.068325737624674,11.798406933031806,11.767779082861551,11.803282030307576,11.680136050955786,11.9538720955023,11.791579477364621,0.025837485082026167,0.36825190100197014,0.9981652140255394,1.000427503407794,1.01319127898936
143,0.3033046579917981,0.85,1.05405351900853,11.831666671400145,11.812756607765426,11.795013174934592,11.672669911183188,11.944662995723991,11.776621739443726,0.02603641027471331,0.37002632583204786,0.9940310499086866,0.9937451213978581,1.0063533124292643
144,0.30142584064956274,0.85,1.0394775672350454,11.869392492875768,11.853237682939739,11.839820872177318,11.717647436087063,11.98853190442757,11.766152570995558,0.02618379188294472,0.37134097875061456,0.9906583535311674,0.9913410998711908,1.0037925854017176
145,0.299524080997529,0.85,1.024679786312223,11.909808083581401,11.917465706460924,11.880067685211198,11.758128511261376,12.027844952000866,11.757068382741778,0.02658630160094141,0.3749313899414394,0.9875469106743289,0.988435098778146,1.0007303348968963
146,0.29762997906039973,0.85,1.0097433267324585,11.93938421548784,11.925779178532842,11.944311047084971,11.82235653478256,12.091163121013174,11.753740650025637,0.026390868866484056,0.3731881180514053,0.9846433140360311,0.9874958463430004,0.9996368407008411
147,0.29577401164737854,0.85,0.9947521182400285,11.978095002399291,11.987159001860789,11.952031551239973,11.83067000685448,12.097970526314908,11.75418129586828,0.026753878330895223,0.3764261845753243,0.9809332127817298,0.9819723109017465,0.9939625764888632
148,0.29398604196890077,0.85,0.9797903982198675,12.001180342431324,12.011631813840268,12.013372194964543,11.892049830182426,12.158413647569123,11.763993133611915,0.026736251281437248,0.3762689502209586,0.9781646500230107,0.9810454839713533,0.9928899735748644
149,0.2922948391263989,0.85,0.9649422383576728,12.015891739556864,11.992855954182282,12.037430751997071,11.916522642161905,12.181593690377968,11.784551441052146,0.026293674364379304,0.3723211371750667,0.9744119659771847,0.9773552458750419,0.9890602688978289
150,0.29072761520669094,0.85,0.9502910722310985,12.04135309198548,12.04263319394676,12.017842598186903,11.899899986527327,12.158996195860984,11.810511339575424,0.026535043452586025,0.3744741641373219,0.9703754305619844,0.9705329773611835,0.981932213147192
151,0.28930958742931706,0.85,0.9359192264865488,12.072693709438568,12.073864552216454,12.06746785128969,11.949677226291804,12.207790983895276,11.849521350065531,0.02659613902377285,0.3750191403520348,0.967688581981403,0.9697872626036577,0.9810641591594663
152,0.2880635723920375,0.85,0.9219074582359537,12.113395679903583,12.090166614184295,12.09838373114275,11.983109061556972,12.235704798931687,11.89338170474771,0.026519114381177097,0.3743320758505329,0.966028688426598,0.968084343822969,0.9790724541985163
153,0.2870096189432334,0.85,0.9083345012729451,12.145648961111753,12.149710535768124,12.114254840719921,11.999411123524812,12.250806301364289,11.941819291782135,0.02684546567348621,0.37724314924741525,0.9657391883882603,0.9658076848934015,0.9766942356394241
154,0.2861646855884313,0.85,0.8952766236582974,12.186991238122067,12.189239724861057,12.173744653636817,12.058955045108641,12.309561474798732,11.994847645591515,0.02698560194191525,0.3784931732938215,0.9654599489511116,0.9676932809005071,0.9784893858797905
155,0.28554236762160085,0.85,0.8828071991606158,12.215505485016106,12.247208596157398,12.213062808529063,12.098484234201575,12.348182813769714,12.042332377854084,0.02728924045639436,0.3812016473296215,0.9666395367547443,0.9687074639607518,0.979424821241157
156,0.285152678371786,0.85,0.8709962949603984,12.249448872757764,12.260402875908223,12.270977423487201,12.156453105497915,12.405441146231965,12.091354738307517,0.027196709676209387,0.38037626713675216,0.9675789185326625,0.9719727995964147,0.9826235470087787
157,0.28500188808489185,0.85,0.8599102779342069,12.268844763275846,12.271345863336613,12.283789606084788,12.16964738524874,12.417640128446976,12.124614649967869,0.027089469188368652,0.3794196754560116,0.9697544602042535,0.9724731196032597,0.9830696894905854
158,0.2850924230330812,0.85,0.8496114417312881,12.272804930121092,12.257617873018537,12.294361386309479,12.18059037267713,12.427644162707374,12.14812389063114,0.026777302615957274,0.3766351306242357,0.971598522605289,0.9736192436853668,0.9841742185942146
159,0.2854228264751469,0.85,0.8401576567381448,12.30409326463562,12.272068229955355,12.280115028838129,12.166862382359055,12.412877694479953,12.160411282154454,0.026709837967362253,0.3760333418512684,0.9730385199814665,0.9736180947141413,0.9841440656246592
160,0.2859877820960234,0.85,0.8316020448979444,12.328492825603188,12.32881384274904,12.294280185827906,12.181312739295873,12.426572350289455,12.16615264237635,0.026995877168282813,0.3785848289386142,0.9774500954043779,0.9766705341144469,0.9871799626430693
161,0.28677819954828626,0.85,0.8239926812119982,12.3562338060892,12.325700448349751,12.351058247958603,12.239408773030673,12.481580853294988,12.170229549372046,0.026788128838685143,0.3767317011901091,0.9820952710195685,0.9838928463515497,0.994290356840083
162,0.2877813607192449,0.85,0.8173723236006057,12.354749899237465,12.374722016896898,12.34759632346354,12.236295378631384,12.477752672106332,12.166273963167864,0.027008213908805725,0.37869487341518543,0.9877482716893013,0.9870577976606343,0.997462400749154
163,0.288981124370137,0.85,0.8117781726412112,12.378808325498408,12.386191242900981,12.396646695430091,12.285316947178531,12.526490939170627,12.159037310124894,0.026924093544812927,0.37794451464680784,0.9917470881092998,0.9951102501290919,1.0055331766705171
164,0.2903581858547019,0.85,0.807241662533932,12.420810670256529,12.423939755114965,12.407925492936315,12.296786173182614,12.537512793285385,12.146501483876373,0.027052031235587432,0.3790857266378407,0.9984134245652216,1.0007618712081379,1.0112137416079057
165,0.291890387738166,0.85,0.8037882844690448,12.409030553731045,12.40341296322647,12.435665158755885,12.312793523065771,12.57507011715675,12.131084099753778,0.026871076388044736,0.38208265800648167,1.0070875673787576,1.0082919791586824,1.0195950256476412
166,0.2935530763186624,0.85,0.8014374433889545,12.42335347507471,12.415696080385619,12.409260123744948,12.26846675768939,12.554254073658493,12.11036106019836,0.026898467615196056,0.3809036498382847,1.0118636369944507,1.0118823567121764,1.0237055289468193
167,0.2953194983145227,0.85,0.8002023489495125,12.413204101589354,12.402376067235858,12.411853204541417,12.239327285716543,12.56652768472376,12.086057545697537,0.02688049613744384,0.3840864710712242,1.0191273654564015,1.0181839615329644,1.0308724031689391
168,0.2971612313345938,0.85,0.8000899412933883,12.415957459999072,12.438336900240378,12.391041436125775,12.195727967189823,12.553277410536067,12.057588210211847,0.026887969403131127,0.36340685876646056,1.0246452821210896,1.0228158696325302,1.0362076034998997
169,0.2990486412051515,0.85,0.8011008520525815,12.369221067572507,12.403498231001024,12.416388794727132,12.179346286178545,12.59077277670815,12.0290275511922,0.02692387964027218,0.3711373288042039,1.0313820021315796,1.0314178327050048,1.0459037473881623
170,0.30095135879484847,0.85,0.8032294007992068,12.330958268305936,12.367455771375093,12.375818819803332,12.12723339541664,12.556211160483693,11.998888492525182,0.02695451574462587,0.3763469369391262,1.0340371909777255,1.0345887472274085,1.0496691139062801
171,0.30283876866540616,0.85,0.8064636269644943,12.281369306312666,12.301198408522486,12.33449343325434,12.076751187190872,12.520515280804416,11.967923988318727,0.02709913991119072,0.3973382734869844,1.037303394010633,1.037600778732856,1.0532492863042253
172,0.3046805016854773,0.85,0.8107853570466486,12.237678756711823,12.234875778595065,12.264389636691268,12.010000879485593,12.454769792435371,11.940225665774136,0.027222019796126137,0.41479480973752564,1.039414933786657,1.0379778853814623,1.0540904190934268
173,0.3064469236813376,0.85,0.8161703067299194,12.208048431280828,12.194734617004139,12.195148107715585,11.944960593490016,12.389029578679146,11.916441313000146,0.02722363686501367,0.4150233270246198,1.0417219466652206,1.0381015615132572,1.0546055560509227
174,0.308109612261834,0.85,0.8225882173410619,12.167069484704609,12.172603840581761,12.151839084122994,11.89851451418614,12.349458645094034,11.898873789003153,0.02713739763266226,0.4038065341997283,1.0448380746210073,1.0400273412437042,1.0569408096620767
175,0.30964181414529807,0.85,0.8300030258764232,12.134282705834016,12.158882535196197,12.126825243945143,11.867017923541884,12.327899697316564,11.89079541428481,0.026989622984146363,0.3865934894533564,1.046509296687731,1.0430478245439363,1.06034256302177
176,0.31101887562986297,0.85,0.8383730676442528,12.107229119571315,12.112698782545676,12.111288303260773,11.845411882450042,12.314763760310727,11.895510625532895,0.026982551282520185,0.38584605338464567,1.0483308232620518,1.0463442418081323,1.0639233273275626
177,0.312218639280755,0.85,0.8476513103835652,12.060224923938648,12.049990234259813,12.065419778468058,11.805817445017286,12.26934482074279,11.909326399204344,0.027052532506071862,0.3933649606014391,1.0500285003258025,1.046402484884557,1.0640883735551925
178,0.3132218004517137,0.85,0.8577856185440115,12.000479686322894,11.976698627417637,12.004624270605332,11.757109632569023,12.207545921871676,11.927188177083902,0.02715363730544263,0.4054443558979208,1.049312601257971,1.0444750077181506,1.0621304202071171
179,0.3140122179039766,0.85,0.868719046241744,11.951403576126884,11.954218819176482,11.935080015533249,11.703117627567181,12.135274256796912,11.944861376905216,0.027107631628599457,0.3983126337808987,1.046749233948297,1.0410447073719507,1.0585067734027305
180,0.3145771735248531,0.85,0.8803901572451155,11.90924882727347,11.919568625469456,11.914145227510495,11.685019567279415,12.113764360284433,11.96512923306159,0.027095984289374427,0.3964011536461446,1.0443440990646713,1.041088369620797,1.058531598112327
181,0.3149075769669188,0.85,0.892733370192176,11.85483967957474,11.886026554025985,11.882885772858645,11.661672246099576,12.080171887355434,11.978316374161423,0.027091397791940718,0.39539840935203274,1.0417535254702242,1.03944743502933,1.0567049051086082
182,0.3149981119151081,0.85,0.9056793271001546,11.827498121564785,11.847175787762861,11.853595282290435,11.641566161689068,12.047749850510966,11.987376889265928,0.027095447948821322,0.39722316630302984,1.03729225447843,1.0371833703687001,1.0541717932601333
183,0.314847321628214,0.85,0.9191552830962186,11.805357875674087,11.7895806087267,11.820421217208375,11.62043005014169,12.01007608736864,11.993024818795666,0.02708031577890133,0.4047057013366701,1.034404473649279,1.0337855446542694,1.0503723024052989
184,0.31445763237839913,0.85,0.9330855151795722,11.780414234141498,11.721045169562501,11.771414384313397,11.589548365452663,11.953679955386127,11.991776851900259,0.02696848611559522,0.4140034034063887,1.0311902463789335,1.0282253047322838,1.0441460824944024
185,0.3138353144115687,0.85,0.9473917477180134,11.768721221336511,11.767473712258504,11.714104774711647,11.552703756715625,11.888474503446027,11.985815542057926,0.02720408432491731,0.4078701367004624,1.0269750014084211,1.0211943763949132,1.0363953149063616
186,0.3129903810567666,0.85,0.9619935922880273,11.775144669423122,11.743537384972026,11.759747378332753,11.592944888713237,11.937726538808995,11.98563555301808,0.027136104973110416,0.4098727750809909,1.023193483226936,1.0224132814099112,1.037887105092584
187,0.3119364276079625,0.85,0.9768089993869058,11.770851742015317,11.76535440601621,11.744125011119934,11.592198742581791,11.914977884885163,11.987850411534902,0.027258974933024847,0.4082695225891155,1.0203046007629974,1.0176167781527985,1.0324210101219318
188,0.3106904125706829,0.85,0.991754719478672,11.75948449575431,11.733057623149215,11.76977750784089,11.62320013551169,11.938144732982689,11.99463918157074,0.027020116052170876,0.4103153727585894,1.0158585511208558,1.0157658416045086,1.0302964201163658
189,0.3092723847933091,0.85,1.006746770783129,11.758076128800868,11.775786107587049,11.748479591222713,11.62209649423381,11.906821092776013,12.003957696105056,0.02725622109679734,0.4105398042601496,1.0102455038727443,1.0093000835758248,1.02290304296392
190,0.30770516087360106,0.85,1.0217009111794826,11.790938598027132,11.765019569828993,11.793998379179575,11.670890761325104,11.950918333236459,12.019922253338724,0.026990540330904058,0.40991173328885655,1.005005751882422,1.0080761579467892,1.0214886800877203
191,0.3060139580310992,0.85,1.036533111572843,11.81452019317068,11.82304117936248,11.792889497549195,11.670693356815342,11.940972434674423,12.039180312446856,0.027322705741264997,0.4122488522728154,1.0022754970233174,1.0024413310467806,1.0150289548541587
192,0.30422598835262143,0.85,1.0511600280637114,11.847860592696762,11.820528000866588,11.851761715496245,11.728714966348829,12.000319845127512,12.063927050759236,0.026975492046417724,0.4097906719899061,0.9984122451887094,1.0015594226712792,1.014113657064304
193,0.30237002093960025,0.85,1.0654994702672733,11.87047448541977,11.84463124467148,11.849270373352246,11.726201787852936,11.998383322397201,12.09213648030191,0.026923580756506863,0.409423153913249,0.9951216265286623,0.9952400363637509,1.0077642823429422
194,0.300475919002471,0.85,1.0794708631509522,11.91289660253865,11.959612106745528,11.87369446562982,11.750305031657827,12.023332379114382,12.123012532623978,0.027890596467810384,0.41626936703809536,0.9907754805560803,0.9910442379207428,1.0035338461351555
195,0.29857415935043724,0.85,1.0929956997951091,11.94290203026902,11.904279746358528,11.990096408749565,11.862640872992312,12.142870776210485,12.158104882909663,0.02691985347573742,0.4093967657602692,0.9880230801476825,0.9944258210480827,1.0070965094744546
196,0.29669534200820186,0.85,1.1059979825327688,11.983692728834082,12.011715777442738,11.934053049992771,11.804234761969019,12.090355664658011,12.190607233941689,0.02780205393854181,0.4156425095642199,0.9842787229003097,0.9835494308921193,0.9964311691462525
197,0.29486969785011496,0.85,1.1184046499895572,12.032752125944556,12.035715651984164,12.042809723846863,11.909122954549023,12.202074622802222,12.22530686464432,0.027721200165207346,0.4150700864301122,0.9815632927999793,0.9864054623714308,0.9994505714361795
198,0.2931266021740888,0.85,1.1301459876242594,12.07075399565785,12.072461357327352,12.067044655123002,11.933122829090449,12.226681143489241,12.25847309554613,0.027783088366648546,0.4155082383774148,0.9797554848558809,0.9825477216775569,0.9955459720713901
199,0.29149410204205844,0.85,1.1411560194631263,12.111353034261342,12.128298491599542,12.104166195856228,11.969868534433637,12.2641289338155,12.290911015355507,0.028059241709066266,0.41746333033221034,0.977375999148576,0.9800814045080415,0.9930336808029381
200,0.2899984649922556,0.85,1.151372878826722,12.134548544100753,12.1239914020087,12.160605141503805,12.028253507210033,12.318298799494306,12.320353952779596,0.027639985248213986,0.4144951064952942,0.9756316080319685,0.9795991178925096,0.9923021508803593
201,0.2886637563846861,0.85,1.1607391559661624,12.162949206786951,12.15880381495616,12.156074215156629,12.027020168255484,12.310923577465713,12.336213239736637,0.0276712331360943,0.41471633320095086,0.9730012124367908,0.9747272349550382,0.9871437345655697
202,0.2875114521804784,0.85,1.1692022206553263,12.19798763655618,12.218123500616668,12.191157082187154,12.061832581202944,12.346185125147734,12.345317932539666,0.027979574397118078,0.41689930702803285,0.9713853303446429,0.9736381323499868,0.9860193372834017
203,0.28656009338562993,0.85,1.1767145179263598,12.21525680246434,12.231789911143236,12.251047472015157,12.121152266863453,12.40620229222758,12.345248294231169,0.027759840307324906,0.4153436483226636,0.9709601322911938,0.9751836965701247,0.9875340242838198
204,0.28582498771927994,0.85,1.183233835286703,12.246023216340653,12.194433048744214,12.264636293457018,12.13481867739002,12.419865196850251,12.336788531657028,0.02696121280940693,0.4096895788032148,0.9698404515422835,0.9737609772107741,0.9860855048235654
205,0.28531796330677833,0.85,1.1887235399161082,12.274522962016889,12.269611006376289,12.226482477075443,12.094388064354705,12.384806062012737,12.31399622969936,0.02744992058720752,0.4131494994265135,0.9705584451927328,0.9690097441014388,0.9815576782119211
206,0.28504717836072085,0.85,1.1931527845108199,12.314509761463661,12.325121830845225,12.302362955559516,12.16956602198678,12.460654184997301,12.298045863894298,0.027706572398094192,0.4149665257433242,0.9718939266796643,0.9740982910143606,0.9866317544339412
207,0.2850169899122549,0.85,1.1964966806182435,12.347935281733651,12.33327528796173,12.358272652750854,12.225076846455716,12.516478419697828,12.285253875215865,0.02742627821934766,0.4129821177725728,0.9749568067937368,0.978421575556107,0.9909469454122144
208,0.2852278837048169,0.85,1.1987364384881252,12.392933107831245,12.380744761347996,12.366152167035375,12.23323030357222,12.524219845173509,12.272747774702498,0.027588834247079693,0.41413297106024255,0.9783265134813697,0.9797698367153431,0.9922935337479748
209,0.2856764663783389,0.85,1.199859472654394,12.412267804767094,12.400720939883827,12.413847485458847,12.280699776958487,12.571725216672892,12.261856802499985,0.027443688566021102,0.4131053783799348,0.9834359273078765,0.9850955788348641,0.9976238989384912
210,0.28635552006968223,0.85,1.199859472654394,12.43940061785278,12.437346592017722,12.433649509574344,12.300675955494318,12.591286476649056,12.252469346207366,0.027484233546891154,0.41339242602242343,0.9873115006884039,0.989012269910642,1.0015512187131104
211,0.2872541185507573,0.85,1.1987364384881254,12.467589796991827,12.461031118423461,12.470292944254298,12.337301607628213,12.62763962794679,12.244351039169025,0.02738357523070433,0.41267979201105437,0.9925747388280682,0.9950397243809711,1.0075948585284633
212,0.28835780303562364,0.85,1.1964966806182438,12.50999119045658,12.524328203954921,12.49379547529046,12.364059884670246,12.64773014463522,12.235604735150426,0.027712165602376465,0.41500612413673155,0.9986463341694223,1.000745393008659,1.0130754660817896
213,0.28964881482776833,0.85,1.19315278451082,12.53992196741796,12.534351964844545,12.545915301506412,12.415138868458243,12.705842268461756,12.226834888952553,0.02760900409018617,0.41492988174683754,1.0065289227282141,1.0094193050030267,1.022286709569031
214,0.2911063810641804,0.85,1.1887235399161087,12.544009590446345,12.539837659351154,12.546910478402939,12.399625265153531,12.715300103947449,12.213557801438279,0.02755609068350936,0.4152605662802049,1.0140142507672942,1.0145793619178123,1.0281958326125384
215,0.292707048958493,0.85,1.183233835286703,12.54525738717759,12.560403434644405,12.543167555176103,12.378896657412712,12.720275613475403,12.195190512336033,0.02765909676667324,0.41351973739869663,1.0199222303684956,1.0198537665743088,1.0342539824330748
216,0.2944250631650951,0.85,1.17671451792636,12.535514736521089,12.5138297196165,12.552385012064407,12.366261795643702,12.740501766250896,12.172114070422285,0.027503276335110138,0.4200173185953662,1.026010610733927,1.02659354168046,1.041978621467618
217,0.29623278019228383,0.85,1.1692022206553268,12.510564343268536,12.542319681034034,12.501041999327516,12.308647686736,12.69327000144791,12.142988800699193,0.02764016904581483,0.41226553984985914,1.0315084393169407,1.028671785211471,1.044489628405619
218,0.29810111319639376,0.85,1.160739155966163,12.477519584020042,12.454771241447775,12.51714749239206,12.300008447243743,12.721388625312052,12.111203744799282,0.027574556999637248,0.42843084501185574,1.0359480992898504,1.0364932226459782,1.0534055862804066
219,0.3,0.85,1.1513728788267226,12.446090522998103,12.47778969441033,12.42806843034465,12.210465889211855,12.638295704286957,12.075676067252797,0.0276292432231324,0.41618865684096573,1.0397932986683367,1.0356723691953873,1.0531913086905798
220,0.3,0.85,1.1411560194631265,12.422992774662465,12.428260449361245,12.449663776276891,12.225769086190608,12.663166881554234,12.08052247308508,0.027618229566431486,0.4216440995002477,1.037174210249842,1.0374719813564075,1.0552639067961862
221,0.29828282828282826,0.85,1.13014598762426,12.391380633085165,12.36440175709936,12.414299532795289,12.221486456164495,12.610504350394905,12.121920638756471,0.027474834143532377,0.4300521348122116,1.0293237279342944,1.0286034377201034,1.044860251030195
222,0.29656565656565653,0.85,1.118404649989558,12.39122718268938,12.38299017431868,12.36637777598158,12.202963740032263,12.548134811137881,12.162578689297117,0.027567116694146115,0.42879453945838414,1.0207938703349617,1.018734151242478,1.0337071774831879
223,0.29484848484848486,0.85,1.1059979825327695,12.404386541592702,12.384541981518964,12.391565422861083,12.240211455448094,12.565932901038334,12.204935008593944,0.027521257361154332,0.4290747371636486,1.014870711174812,1.0148984138420736,1.0291795212719108
224,0.29313131313131313,0.85,1.0929956997951098,12.432459080725339,12.456893609011251,12.401622897169196,12.266395827410603,12.566461590425437,12.24852747662306,0.027956301215725884,0.42949477961058835,1.0100316987570712,1.009806668001824,1.0232287187265605
225,0.2914141414141414,0.85,1.079470863150953,12.434463758133342,12.438876233599663,12.474137405329127,12.338826445374288,12.63821609919731,12.294139691196353,0.027683541039952284,0.42924681292639416,1.0063873301877835,1.0097611227377814,1.023043025987212
226,0.2896969696969697,0.85,1.065499470267274,12.46001194249836,12.485978858022216,12.466868628583162,12.33947919989537,12.618808461582283,12.338383242972517,0.02786470273863062,0.4305514396216733,1.0006184640383395,1.0032261286974329,1.0154529368074632
227,0.28797979797979795,0.85,1.0511600280637121,12.49215437592269,12.509312910652046,12.515269119734942,12.386581824317924,12.664895073123809,12.382504905782127,0.02780780918737337,0.4301039913227747,0.9967310338962632,1.0011512979900201,1.0131205346093146
228,0.2862626262626263,0.85,1.0365331115728436,12.520262059562848,12.525917464954734,12.538136625635058,12.412296182471763,12.68455771858806,12.425460607685697,0.027693261817691613,0.42920311548404105,0.9933435887027189,0.9969999774705319,1.0086430015285792
229,0.28454545454545455,0.85,1.0217009111794835,12.574463605811195,12.61183810311937,12.554211695787401,12.428900736774452,12.699810276086797,12.462832492391145,0.028223390804726398,0.4333723984379738,0.9896065718795888,0.9922899648438022,1.0037981354583756
230,0.2828282828282828,0.85,1.00674677078313,12.582295305408213,12.589157692008618,12.640251910672578,12.512219063357763,12.78763579433288,12.500851729902326,0.02776213690024867,0.42974479442384406,0.9878927636439772,0.9930613173367906,1.004640298095737
231,0.2811111111111111,0.85,0.9917547194786722,12.612959907705969,12.593631778807346,12.616690922302253,12.488890701561791,12.76391469232196,12.52672467024852,0.027557850358440127,0.4281381507252146,0.9825063926753943,0.9851922232538486,0.9966884003572394
232,0.27939393939393936,0.85,0.9768089993869064,12.631094482316664,12.6344233683887,12.620550535041229,12.49336478836052,12.766978589521534,12.546090011322754,0.02767847600027907,0.4290868300931159,0.9788845988977191,0.9794737031404049,0.9908379006345835
233,0.2776767676767677,0.85,0.9619935922880278,12.669502336518304,12.678918371902459,12.661049884945268,12.534156377941875,12.806697930766623,12.558774828072476,0.02783099393103864,0.43028633139268024,0.9742670800193185,0.9765776131794204,0.9878118016744514
234,0.27595959595959596,0.85,0.9473917477180143,12.691004491596862,12.67190351240503,12.705285225883514,12.578651381455632,12.85017226859794,12.571447368402024,0.027551215705285854,0.4280859714500233,0.971186318276319,0.973929271523955,0.9850356520148588
235,0.27424242424242423,0.85,0.9330855151795732,12.692011392594502,12.719731587011319,12.697611152705221,12.571636521958204,12.841759424086865,12.588162654624655,0.02773331941341578,0.4295181547577137,0.9667810660686161,0.9672843512793118,0.9782653433332166
236,0.2725252525252525,0.85,0.9191552830962195,12.711066790049058,12.695597029676932,12.745222814067954,12.619464596564493,12.88865768624766,12.606170258354066,0.027331865616310794,0.42636085811105523,0.9608037805056105,0.9648319627484663,0.9756901918489389
237,0.2708080808080808,0.85,0.9056793271001552,12.740477337451901,12.738931219363717,12.720350935336704,12.595330039230106,12.863100821163714,12.625317465347159,0.027479641440056057,0.42752306436276516,0.9561832228990325,0.9568816177788355,0.9676199018389425
238,0.2690909090909091,0.85,0.8927333701921766,12.765273973473525,12.777103023959656,12.763463212278172,12.638664228916891,12.9055594516026,12.65241969365892,0.027586359900559,0.4283623685116169,0.9523185080519604,0.9540366441500856,0.9646579792106995
239,0.2673737373737374,0.85,0.8803901572451159,12.784090286240488,12.765051857179074,12.801389783690329,12.67683603351283,12.942866515327985,12.68575422204468,0.027306483197702902,0.4261612340802634,0.9480830585798097,0.9507653972342396,0.9612729423701789
240,0.26565656565656565,0.85,0.8687190462417448,12.806703946349364,12.807884494214331,12.788773519218799,12.664784866732248,12.929667538444056,12.715141268667757,0.027451493325908266,0.42730168908359367,0.9433826445794748,0.9437282366875824,0.9541252981511747
241,0.2639393939393939,0.85,0.8577856185440121,12.817660737436038,12.797768368400796,12.831431990396853,12.707617503767505,12.971782591908074,12.749107468061553,0.027199634862982575,0.425320908515164,0.9389426883224153,0.9407556619221934,0.9510456765616104
242,0.26222222222222225,0.85,0.8476513103835658,12.82882638155366,12.843511163349408,12.820824174534357,12.69750137795397,12.960672980947981,12.777911816525414,0.02736715275137858,0.4266383793451876,0.933632078405835,0.9338625016018853,0.9440490195999147
243,0.2605050505050505,0.85,0.8383730676442531,12.868913770240091,12.891836415952213,12.86645504715427,12.743244172902582,13.005845823206126,12.810341327898776,0.027552306347693373,0.4280945489790959,0.9283261290131001,0.9310490338555236,0.9411357008431145
244,0.2587878787878788,0.85,0.8300030258764235,12.881196375015659,12.868709746484384,12.914704913590672,12.791569425505386,13.053683366354393,12.846031620225675,0.027220457692322356,0.4254846729376767,0.925088582473488,0.9283803027109793,0.9383708413187418
245,0.25707070707070706,0.85,0.8225882173410622,12.888902255154225,12.921961905535651,12.89110097425272,12.768442756037558,13.029714539822926,12.874132993992738,0.02744093144198403,0.42721862348317624,0.9198272944560844,0.9205345673252853,0.9304327582449311
246,0.25535353535353533,0.85,0.8161703067299197,12.905944295491294,12.905268439915302,12.94435837896761,12.821694915088825,13.082655996197962,12.904877246378648,0.027164065053038706,0.42504116413992604,0.9142296549110516,0.9181632430423714,0.9279729056786882
247,0.25363636363636366,0.85,0.8107853570466489,12.922935093099362,12.925949846705116,12.927292666098168,12.805001449468476,13.065324538129204,12.928175115557718,0.02715462353135686,0.42496690980490565,0.909282439000523,0.9107865287478256,0.9205115015500122
248,0.25191919191919193,0.85,0.8064636269644944,12.932932648485561,12.92176590174336,12.94784906288707,12.82568285625829,13.085666407344153,12.950481668298448,0.026972323983070878,0.4235331862814483,0.9043153794104885,0.9060587980594936,0.915702918628404
249,0.2502020202020202,0.85,0.8032294007992069,12.944477732607455,12.901904999256198,12.943430865374443,12.821498911296533,13.081085654260399,12.968255582045986,0.026683427591049653,0.4212611150833726,0.8988460766077087,0.8995757085727412,0.9091427936476714
250,0.24848484848484848,0.85,0.8011008520525815,12.969962149211085,12.98324639201876,12.92328111583507,12.801638008809372,13.060825806283578,12.980442546113224,0.02709926960431164,0.4245315701232298,0.8934740522506828,0.8920109861098281,0.901504811544826
251,0.24676767676767675,0.85,0.8000899412933883,13.004004385892273,13.032067495042599,13.004928245045567,12.881782958603903,13.143611945206942,13.000096204145068,0.027287133327239803,0.42600905397493877,0.889046507590423,0.8914433137667317,0.9009496066818338
252,0.24505050505050505,0.85,0.8002023489495125,13.037806872624133,13.036506219210414,13.053902723227154,12.930604061627742,13.192581579882134,13.022644419789758,0.027166759064105102,0.42506235161446815,0.885177178456079,0.8885737375574936,0.8980135497416963
253,0.24333333333333335,0.85,0.8014374433889544,13.066762805037161,13.057202518969612,13.058278677139915,12.935042785795558,13.19700491628355,13.043296867681665,0.02715930527651188,0.42500373012740617,0.8812591682421868,0.8826429105844572,0.8920197767487956
254,0.24161616161616162,0.85,0.8037882844690447,13.098780773964753,13.093609339076567,13.079032850365191,12.955739085554756,13.217858042761003,13.064207745750139,0.02726050340639905,0.4257996187662607,0.8769836315838633,0.8778071430435898,0.8871244791886734
255,0.2398989898989899,0.85,0.8072416625339318,13.09348277485681,13.092914905766445,13.11561515316786,12.99214590566171,13.254589921503412,13.08729040377215,0.027102327902138613,0.4245556225884032,0.8728845212729036,0.8740063408746821,0.8832674260261111
256,0.23818181818181816,0.85,0.811778172641211,13.116947074107332,13.095795264736331,13.114915983985167,12.991451472351589,13.254089710553263,13.109144921068626,0.026968437989961718,0.42350262427630364,0.866285981568809,0.867704037324271,0.8769119960012511
257,0.23646464646464646,0.85,0.8173723236006053,13.145523562470878,13.166889439763171,13.117838519560065,12.994331831321475,13.257259056448676,13.128978286235379,0.027314012836522506,0.42622045211124765,0.8615817368261858,0.8616402910855812,0.8707980766314913
258,0.23474747474747476,0.85,0.8239926812119978,13.154722155449845,13.1683294356208,13.189395986434997,13.065426006348314,13.329109370287943,13.156277736419895,0.02716451949050435,0.4250447381349829,0.8571884612565186,0.860049278127804,0.8691596570299995
259,0.23303030303030303,0.85,0.8316020448979443,13.1884156303065,13.171308708289905,13.190919505577773,13.066866002205943,13.330969679053663,13.179665495556538,0.02702420549383361,0.42394121659810247,0.8515135806010885,0.8538566582314232,0.8629221955549047
260,0.2313131313131313,0.85,0.8401576567381445,13.20662292057853,13.186945316526087,13.194013301452815,13.069845274875048,13.334441843559512,13.204040823132155,0.026973169003568328,0.42353983207830515,0.8474038101403446,0.8477634809294877,0.856786526985165
261,0.22959595959595958,0.85,0.8496114417312877,13.223467459905835,13.222567367010978,13.209862029531271,13.08548188311123,13.350707897045165,13.226034409818014,0.02706583244373043,0.42426859830495794,0.8422742395756171,0.8424808191112394,0.8514634974742888
262,0.22787878787878788,0.85,0.8599102779342062,13.261539569803631,13.250039068108316,13.245841554510188,13.121103933596121,13.387140836700793,13.245233637864555,0.027096775432593968,0.42451195431673555,0.8370410378660933,0.8384573105211836,0.847401507508333
263,0.22616161616161617,0.85,0.8709962949603977,13.267271390571734,13.210671227136299,13.27364025911548,13.14857563469346,13.415425947983875,13.264880313832975,0.02662730543120617,0.4208197335138001,0.8331253394161148,0.8338855370415139,0.8427928927479209
264,0.22444444444444445,0.85,0.882807199160615,13.283956521265198,13.26031439969646,13.234178004065216,13.106208070925483,13.379479505062331,13.277338961115792,0.026824480021819336,0.4223704441515834,0.8271570434862624,0.8250938138336955,0.8341527345748737
265,0.22272727272727272,0.85,0.8952766236582969,13.31125118929884,13.315380548325058,13.284329729601785,13.155851243485644,13.430173500949012,13.29548036234414,0.027061599502541042,0.4242353076719657,0.8218609463914074,0.8218840363011205,0.8309071989223504
266,0.221010101010101,0.85,0.9083345012729446,13.317641229782149,13.324162400588037,13.339961532812847,13.210917392114242,13.486370083387209,13.315068132102851,0.026939438684413477,0.4232745546682362,0.817200269421601,0.8189628460660636,0.8279511151080586
267,0.2192929292929293,0.85,0.9219074582359531,13.34091555695968,13.336358145573096,13.348998070031888,13.219699244377221,13.495990089724963,13.334699211807838,0.026840466031918937,0.42249616864701695,0.8112401545975602,0.8131502471952645,0.822104222356703
268,0.2175757575757576,0.85,0.9359192264865479,13.360874295070147,13.37816163920999,13.361478653780228,13.23189498936228,13.50906889201001,13.353582532143056,0.026972759149010764,0.42353660871255405,0.8062943914054755,0.8075371778968186,0.8164571939783828
269,0.21585858585858586,0.85,0.9502910722310975,13.394617342568052,13.39798722698467,13.403793611422735,13.273698482999174,13.551992782496228,13.374359350016254,0.026926132135396498,0.4231699032167046,0.8011276197689366,0.8037010928061274,0.8125872215542772
270,0.21414141414141413,0.85,0.9649422383576726,13.435446834068625,13.436071931960232,13.423969389197714,13.293524070773854,13.5727841057767,13.398467360359431,0.02702453533685606,0.42394381070052767,0.7967617498946203,0.7985077189982926,0.8073597728464255
271,0.2124242424242424,0.85,0.9797903982198668,13.46454517597279,13.474180633829748,13.462550312199637,13.331608775749416,13.611983047847001,13.422138937817792,0.027120258424482502,0.42469664000678964,0.7927818375995037,0.7943811253242377,0.8031986630084803
272,0.2107070707070707,0.85,0.994752118240028,13.48915333153262,13.467517088167654,13.501158568344719,13.369717477618932,13.651207649823073,13.446604935367837,0.02684007294537739,0.4224930771559701,0.7880763534534018,0.7902193258576622,0.7990016598633819
273,0.208989898989899,0.85,1.0097433267324576,13.538575449669988,13.555549741335998,13.49461867271326,13.363053931956838,13.645278302376012,13.469214322194425,0.027353374154946177,0.42653001540237423,0.783082442282295,0.7833997203659859,0.7921459261396175
274,0.20727272727272728,0.85,1.024679786312222,13.551673142113078,13.533975352195059,13.583578190920006,13.446910091947085,13.739014992361843,13.4998186525279,0.026930912435268198,0.4232074986383042,0.7794937380113023,0.7820848049317579,0.7910341965299242
275,0.20555555555555555,0.85,1.0394775672350445,13.567990739649208,13.540564809281777,13.561969431536692,13.425335702806146,13.717993052237935,13.524516161630366,0.026746712330328326,0.42175882788756097,0.7737838059539874,0.7743717113686073,0.7832804674888943
276,0.20383838383838385,0.85,1.0540535190085294,13.601849165487675,13.62888756329679,13.568757275535468,13.431925159892865,13.725349977538206,13.54913231338266,0.02726923337313967,0.42586827696532203,0.7682436956400701,0.7682870982612394,0.7771536547326628
277,0.20212121212121212,0.85,1.0683257376246735,13.636407934164454,13.664473063284722,13.658019987154608,13.515990444122764,13.819417762668504,13.578124136594322,0.027325819193249598,0.42631330506412163,0.7636728445606294,0.7668265430498421,0.7758881858333243
278,0.20040404040404042,0.85,1.0822140257882404,13.66169056006605,13.666423658914574,13.69404544808181,13.551575944110697,13.855965775529357,13.609418310274,0.027081586801857547,0.4243925009369512,0.7591086796122973,0.762317232575598,0.7713309791989408
279,0.1986868686868687,0.85,1.0956403435549058,13.681249184125615,13.681635971364813,13.696095337982173,13.553526539740549,13.858509781375917,13.639403172056738,0.026952769986526976,0.42337940079439584,0.7539995884301325,0.7558984155390274,0.7648621980910895
280,0.19696969696969696,0.85,1.1085292468469943,13.725176969857552,13.738020673901676,13.711513905178418,13.568738852190787,13.874390856905533,13.666839892123418,0.027190506911756313,0.4252491203044026,0.748553196101149,0.7502090941385497,0.7591207118677269
281,0.19525252525252526,0.85,1.120808311382731,13.768803600526182,13.761464651117427,13.768496020039082,13.62512355472765,13.931800933652681,13.698696131691124,0.027127072182207095,0.4247502278780967,0.7444098508062471,0.7467593380116596,0.7556164760031041
282,0.19353535353535353,0.85,1.1324085396369044,13.811462800287343,13.837566571843759,13.792183579311905,13.648567531943401,13.955879220011806,13.728774607668564,0.027538550505261376,0.4279863639887042,0.7402084090518565,0.741465312512952,0.7502655607615774
283,0.19181818181818183,0.85,1.1432647485461693,13.850236940607243,13.825215092591566,13.869050425862483,13.724669452669733,14.033097135979215,13.765219825128497,0.02713947524022604,0.4248477736823061,0.7359138007223812,0.7389822322871172,0.74772310497263
284,0.1901010101010101,0.85,1.1533159357804421,13.885917757128704,13.890314684574724,13.856515481874839,13.71231797341754,14.020871458571344,13.799208733616856,0.02744816100345608,0.4272754815085757,0.7313733423743779,0.7317048859957477,0.7403838407696764
285,0.18838383838383838,0.85,1.1625056225222532,13.910403025584817,13.891848791686206,13.922223326069139,13.777417565400699,14.086844908431404,13.834872401114334,0.02717012734967048,0.42508884202705666,0.7266340240472792,0.7285338525005315,0.7371483096022605
286,0.18666666666666668,0.85,1.1707821708279451,13.93343673095583,13.954116916552804,13.923659092366325,13.77895167251218,14.088501055066107,13.86962765350999,0.027449291093283815,0.4272843692781005,0.7212801568821757,0.7219675084930688,0.7305148695219463
287,0.18494949494949495,0.85,1.1780990737874244,13.96801951042213,13.9980959462705,13.986454900965922,13.841219797378779,14.151470751743055,13.905980505296789,0.027556028818145912,0.4281238249345404,0.7158283573058396,0.7185521583520932,0.7270298245353966
288,0.18323232323232325,0.85,1.1844152168520248,13.979619361564486,13.987224186859256,14.030733726118724,13.885198827096474,14.195876004442852,13.943810841664655,0.027157307062510284,0.4249880148585207,0.7109424071802959,0.7141344270252348,0.7225398168366817
289,0.18151515151515152,0.85,1.1896951088620513,14.032132797307819,14.065097809558106,14.01953310224139,13.87432706768523,14.184753676667386,13.976205073902834,0.02757424260107086,0.42826707010040155,0.704864646260701,0.7068771320069522,0.7152076980070509
290,0.1797979797979798,0.85,1.1939090814758302,14.059092749290189,14.087736852030613,14.098018948214342,13.95220069038408,14.26326931013518,14.01121931871883,0.027480383720356157,0.42752890214315054,0.7008192025591446,0.7041098127896052,0.7123630575768973
291,0.1780808080808081,0.85,1.1970334558796523,14.105737057585273,14.12701920978932,14.120631790724289,13.981371921524595,14.279331153773992,14.048403570429654,0.02753849699545013,0.42798594315236177,0.6954596104657296,0.6985037555288137,0.7063541196437584
292,0.17636363636363636,0.85,1.1990506758418455,14.141879606755083,14.160062577465387,14.160039263223384,14.026027215429433,14.313298473680613,14.087896846309913,0.027538708215836538,0.42798760432837385,0.6910386336291775,0.6936988931983172,0.7012070464378886
293,0.17464646464646466,0.85,1.1999494063633318,14.186459871529896,14.175616782094291,14.193107634040993,14.060443537703781,14.344878730089357,14.126722114433168,0.02738105421308659,0.42674770958132147,0.686063687993253,0.6885489085088912,0.6959117655534373
294,0.17292929292929293,0.85,1.1997245973703337,14.187628524157535,14.208185411864369,14.208466506335663,14.075997742332685,14.36007522304492,14.163895848551523,0.027378535676385866,0.4267279021525787,0.6814595763204035,0.6825166851528243,0.6897993485368379
295,0.1712121212121212,0.85,1.1983775120913422,14.233982301306655,14.24752767057857,14.24099523333294,14.108566372102763,14.392395324399756,14.201985219563701,0.02743666617139681,0.4271850785905404,0.6747483262751689,0.6772863894640666,0.6844868146705271
296,0.1694949494949495,0.85,1.1959157199588848,14.262736841068639,14.255610522005759,14.280339610956208,14.147908630816964,14.431486040260472,14.23968459283526,0.027218287716361075,0.42546760681979395,0.6701633642422157,0.6723459558693747,0.6794622215363937
297,0.16777777777777778,0.85,1.1923530540759824,14.2773613597707,14.306767198803733,14.28806433049108,14.155991482244152,14.438913495977996,14.273906529175564,0.0273820571799852,0.4267555975725388,0.6647139700621495,0.6658943561432571,0.6729246721890979
298,0.16606060606060608,0.85,1.1877095334862977,14.309741457415196,14.32515566141452,14.339289129162868,14.207148159042127,14.48979907320378,14.312611453169152,0.027259438280208638,0.42579124191349826,0.6585853556527225,0.6614419564630684,0.6683846710535079
299,0.16434343434343435,0.85,1.1820112506847464,14.338821756007826,14.296747951928719,14.357376624149072,14.225536621652914,14.507507230111292,14.348848616435227,0.026738671615054395,0.4216955904152686,0.6532533487995097,0.6554279396041117,0.6622815449885261
300,0.16262626262626262,0.85,1.1752902250006614,14.38143169162897,14.403632977727817,14.328173651307395,14.195755957568831,14.479259780811255,14.37795609948955,0.02737990955352813,0.4267387072258536,0.6477413868454714,0.647260369770059,0.6540855288189146
301,0.16090909090909092,0.85,1.1675842226773698,14.436659038675987,14.434970256361117,14.43560132814085,14.30264098336793,14.586234126015368,14.414265443860957,0.027374607746132724,0.4266970103261569,0.6428064165197798,0.6452276351214471,0.6519604647234143
302,0.1591919191919192,0.85,1.1589365446591777,14.463607471513404,14.466692042123343,14.46669568967382,14.33397826200123,14.616841602692267,14.450947058578732,0.027374577470243293,0.42669677221665375,0.6383887386350549,0.6397169586679556,0.6463564075713527
303,0.1574747474747475,0.85,1.149395783278209,14.48352800567812,14.468084522402748,14.498156266036663,14.365700047763456,14.647784229617173,14.487617009280449,0.02712812639687978,0.4247585189155086,0.6326813705973456,0.6341926380120976,0.6407378118398758
304,0.15575757575757576,0.85,1.1390155492083067,14.522972461264043,14.519037491436972,14.498983880189682,14.36709252804286,14.648065446264951,14.517626966673113,0.027290300954998903,0.4260339662825911,0.6266442251614944,0.6273129389240317,0.6337631009579281
305,0.15404040404040406,0.85,1.1278541702202778,14.548381583377944,14.555650688009294,14.549816971175634,14.418045497077085,14.698326422867934,14.550569109894486,0.02733682863270594,0.4263998905355452,0.6214234849446596,0.6225721347093952,0.6289267058045344
306,0.15232323232323233,0.85,1.115974363431203,14.57560815059332,14.619186275829222,14.586157887940907,14.454658693649407,14.734072341278791,14.585296430423325,0.027596488310160396,0.42844202498491746,0.6155712521810871,0.6171696435189363,0.6234282011966447
307,0.1506060606060606,0.85,1.1034428828894922,14.60313504799482,14.631272164306672,14.64963742444781,14.518194281469334,14.796936917345482,14.62207990893414,0.02745423613068988,0.42732326030399786,0.6097708123606802,0.6128678282786668,0.6190301050438304
308,0.1488888888888889,0.85,1.090330144475941,14.642199079721541,14.659906471180587,14.661206345553524,14.530280169946785,14.80787391424438,14.655747809194818,0.02744432048310703,0.4272452771311184,0.6039568198862056,0.6063585340444977,0.6124244149718355
309,0.14717171717171718,0.85,1.0767098302285136,14.676759280339315,14.674284310066419,14.68945604082869,14.5589144768207,14.835477783904402,14.689549658958972,0.027330388247702016,0.4263492391128343,0.5985882171479877,0.6005201305131145,0.6064896501444644
310,0.14545454545454548,0.85,1.0626584743142042,14.706641882392978,14.695933053226577,14.703327178744138,14.573292315706531,14.848692308902903,14.720927036445834,0.027275743786704075,0.4259194791386818,0.5930003749632048,0.5940738254038036,0.5999471639960771
311,0.14373737373737375,0.85,1.0482550329744376,14.740556655052846,14.758180799000263,14.724524988929112,14.59494105886669,14.869225872484899,14.751611168197103,0.027520451008640114,0.42784401764548713,0.5871928001864537,0.5879068198441674,0.5936842990052192
312,0.14202020202020202,0.85,1.0335804408605547,14.740351943779894,14.71765632181756,14.786625398886454,14.657188804640375,14.930657583038045,14.785726461852295,0.027027194117568924,0.423964721100403,0.5815157872335662,0.5833332017630289,0.5890152795104234
313,0.14030303030303032,0.85,1.0187171562523711,14.75456306510323,14.7663257747763,14.74518938815049,14.611291391311541,14.893924552104155,14.8104920393106,0.02717586047050502,0.42513393105925995,0.5744766792904118,0.5746652093193331,0.5804618743791434
314,0.1385858585858586,0.85,1.0037486977152883,14.790175736022714,14.78274636710086,14.793603509332861,14.659960844270282,14.941670658449057,14.840056554029047,0.027100763906850896,0.4245433223010154,0.5679927195657023,0.5694956233110181,0.5751956269189705
315,0.1368686868686869,0.85,0.9887591747995322,14.835922468977996,14.829073230033789,14.809542496057833,14.681754372740972,14.9515738241984,14.865444599205269,0.027233605770102073,0.4255880780671917,0.5623088698740398,0.5630451762670697,0.5684450766495184
316,0.13515151515151516,0.85,0.9738328154185822,14.869660585871923,14.883992674744452,14.855594209014887,14.728081235673901,14.996970948190592,14.891017182152904,0.02742355778918284,0.4270819856530573,0.5569715000979956,0.5577100182845656,0.5630175962031149
317,0.13343434343434343,0.85,0.9590534925624948,14.894545767354716,14.913232901425479,14.910293333620658,14.783000680384564,15.051026910018779,14.921881748554133,0.027442896125426334,0.4272340750456944,0.5511453881575985,0.5526514448292056,0.557867748264164
318,0.13171717171717173,0.85,0.9445042530055925,14.916518389565342,14.91610830358067,14.939152833530734,14.812512898370494,15.078985763735147,14.952759152578773,0.02729376141388354,0.42606118160677314,0.5449631784688707,0.5465952664120112,0.5517114881007473
319,0.13,0.85,0.9302668506567524,14.943848096713449,14.957380517080933,14.94149878505374,14.815388300525685,15.080720588058275,14.979226206436936,0.027394898133514256,0.42685658727498904,0.5386520529565262,0.5395541227936073,0.5445815767909933
320,0.13,0.85,0.9164212871744606,14.986704000815887,14.97295620961681,14.982485784890462,14.856660514025949,15.12111693282785,14.974808025825938,0.027335160640320308,0.4263867723465934,0.5396389590479856,0.5410342088988223,0.5460403336854501
321,0.13151515151515153,0.85,0.9030453624279734,14.995361349021675,15.007221404279395,14.997641099664275,14.87372758650084,15.134213540217699,14.946112526833915,0.027394305378032873,0.4268519254561019,0.5474940687166747,0.547893622664503,0.5528828852234412
322,0.13303030303030303,0.85,0.8902142373305871,14.995061636982495,14.995880048256218,15.031608204948702,14.907992781163426,15.167639398518947,14.92209452298478,0.02717695970561469,0.4251425761669925,0.5541215178636797,0.5554609429269763,0.5604876848442607
323,0.13454545454545455,0.85,0.8780000115015223,15.02653880617752,14.994875402937884,15.019741419190325,14.896651425140249,15.155260082693871,14.899908436695073,0.027027807298079572,0.4239695435551512,0.5604214955235881,0.5613438712222646,0.5664087101612861
324,0.13606060606060608,0.85,0.866471318129581,15.040656209798552,15.035021560421479,15.018294222753603,14.895646779821915,15.153331579472754,14.877066011281421,0.02712681169923727,0.42474817926873465,0.5679222158227026,0.5676106149845428,0.5727142995945511
325,0.13757575757575757,0.85,0.8556929383150893,15.063155391077439,15.063016850981032,15.058233781631518,14.935792937305509,15.192823417533557,14.857603395632854,0.027154769140084634,0.4249680549676895,0.5747860201387661,0.5754577556280058,0.580601164272747
326,0.1390909090909091,0.85,0.8457254370571831,15.091583429061377,15.10397871089843,15.085982329980217,14.964363092052977,15.219585172459606,14.83858594268031,0.027258746067242427,0.42578579789554954,0.5819855492007192,0.5828674991128721,0.5880294271177575
327,0.14060606060606062,0.85,0.8366248229318706,15.095987839477129,15.118385605170513,15.12678405450028,15.008932623589034,15.256405123166457,14.821077286743138,0.02721073436875425,0.4254082023273167,0.5894355817411178,0.5908104209838494,0.5958730620495991
328,0.14212121212121212,0.85,0.8284422333731744,15.115699010367074,15.108124887687428,15.140928126722688,15.023339517861118,15.270214772854514,14.803045087854258,0.027024983447896802,0.4239473349404189,0.5959611360871021,0.5977352938916617,0.6028392869081454
329,0.14363636363636365,0.85,0.8212236473258046,15.15199665578292,15.14225430442936,15.130318443163429,15.013078800378032,15.259312004039709,14.783441943823503,0.027092008437082708,0.4244744635293749,0.6031011221308075,0.6036844227322782,0.6088311355147157
330,0.14515151515151517,0.85,0.8150096268839951,15.164264209312034,15.130237155867684,15.164334552117204,15.047208217119964,15.293077816100162,14.763895566150985,0.026901898660241952,0.422979315232747,0.6109264644882172,0.6114239268067458,0.6166148378713787
331,0.14666666666666667,0.85,0.8098350893682681,15.202031877049052,15.169878776405342,15.152023257373378,15.035191068558289,15.28056024658407,14.74315646305218,0.027000870719549954,0.4237576965887573,0.6178033566756754,0.6173046512263227,0.6225413433793511
332,0.1481818181818182,0.85,0.8057291111208533,15.208774861193413,15.170443222079717,15.191634163969695,15.074832689095947,15.320009907032803,14.722885024712703,0.02688394107733095,0.4228380849922664,0.6257402009997464,0.6253122143250153,0.6305963673854411
333,0.14969696969696972,0.85,0.8027147641222611,15.226445233419136,15.192797237098587,15.192023358500283,15.078883347656712,15.316797441443649,14.702855769302987,0.026888197791740173,0.4228715625934921,0.6324187526455848,0.6317221834258536,0.6369106006795592
334,0.15121212121212121,0.85,0.8008089863470762,15.262940623640034,15.250545115477651,15.21432954751689,15.101237362675581,15.339034508339813,14.685641744940463,0.02708704878234262,0.42443545754315093,0.6395619672959721,0.6390530676945226,0.6442910959311082
335,0.15272727272727274,0.85,0.8000224865874637,15.271323481353175,15.278102088788879,15.272215363598816,15.158985241054646,15.396897802833882,14.674037410581931,0.02711935939290426,0.42468956943127706,0.6475186931241227,0.647912166940556,0.6532017249687102
336,0.15424242424242424,0.85,0.8003596842791904,15.280799884860476,15.278525014407291,15.299807330710438,15.186542214365874,15.424513868133314,14.670098738338204,0.027002426628023248,0.4237699332761187,0.654301654209492,0.6555220480918866,0.6608651143838263
337,0.15575757575757576,0.85,0.8018186846682896,15.314167995079007,15.299690188366785,15.300176064609024,15.186965139984286,15.424953079051239,14.67903581722933,0.02699975061181312,0.4237488873249593,0.6611389849173641,0.6619773145798854,0.667375916046493
338,0.1572727272727273,0.85,0.8043912894579092,15.33223475128784,15.318901587638017,15.321408552576465,15.20813031394378,15.446301919204688,14.703106576776904,0.026985891230423376,0.4236398880361192,0.6690280462496637,0.6693443635342748,0.674800563642023
339,0.1587878787878788,0.85,0.808063042875517,15.351111137747859,15.406159531732056,15.340707889020381,15.227341713215012,15.465762715642558,14.74858242238592,0.027349568863115455,0.4265000880851503,0.6762702870096658,0.6766440180005623,0.6821599042926517
340,0.1603030303030303,0.85,0.8128133129016081,15.348285715331297,15.36472395353032,15.428389625406115,15.311113444422661,15.557136202326637,14.827908191868385,0.02699357255380673,0.42370029901425676,0.6835637871943281,0.6870048915690097,0.6927377989083158
341,0.16181818181818183,0.85,0.8186154072034775,15.371908146328895,15.359372754033116,15.38682130791833,15.266070194602264,15.51942388023167,14.915192281786952,0.026838933881051456,0.42248411880508996,0.6898976912446897,0.6916298466690564,0.6975902653235448
342,0.16333333333333333,0.85,0.8254367231226154,15.407229003535642,15.429744871376121,15.381526595667996,15.26071899510506,15.51441873052147,15.012793064602828,0.027112933053379144,0.42463902847144736,0.6974291658982554,0.697865558507159,0.7038949238847704
343,0.16484848484848486,0.85,0.8332389308729261,15.41977093500986,15.418196846417977,15.452336422726347,15.331091112448066,15.585557560681218,15.120490590839324,0.026917058873443422,0.4230985451183498,0.7055162102629117,0.707581735182082,0.7136820970547629
344,0.16636363636363638,0.85,0.8419781889203574,15.436034325158456,15.444169328880527,15.440860422899302,15.319543087489922,15.574447963476496,15.222878689201984,0.02693624495371843,0.4232494370699309,0.7125803235118193,0.7135549134824678,0.7197282771000503
345,0.1678787878787879,0.85,0.8516053903337004,15.462036400928216,15.461736490152441,15.467108380278463,15.345515569952472,15.601097448757136,15.313786525510316,0.026904740716345528,0.4230016670308124,0.7198285367119348,0.7212776130197197,0.727525924798944
346,0.1693939393939394,0.85,0.8620664387222807,15.491356362330308,15.50057587092393,15.484930164166528,15.363082731224386,15.61935338988291,15.39054203943309,0.026997613445296543,0.4237320792421244,0.7275486825015887,0.7286259227078359,0.7349510559717632
347,0.17090909090909093,0.85,0.8733025522100163,15.533663059255385,15.518169240236515,15.524152955649287,15.403306675012699,15.657655700632006,15.45447542172629,0.026961640272837258,0.4234491625588238,0.7354482313429541,0.7370052413288045,0.7433432504340447
348,0.17242424242424242,0.85,0.8852505937377771,15.557684562168907,15.601783993574093,15.542037048296189,15.420900044325284,15.676030903142285,15.506884896358534,0.027325600213888985,0.4263115828664343,0.7439944680737639,0.7443955454949943,0.7508132646370337
349,0.17393939393939395,0.85,0.8978434258380332,15.575199479953632,15.597401783621514,15.626318104083213,15.503130234646038,15.762211585688553,15.557343877429728,0.027147042871201076,0.4249072905085833,0.7516928399566459,0.7550089723690038,0.7615748695442113
350,0.17545454545454547,0.85,0.9110102878882794,15.58898737438537,15.602105807492476,15.622133018962922,15.498748024693459,15.7585622868773,15.596215088612048,0.02702165068040389,0.42392112386530806,0.7590943180886492,0.7613817355201626,0.768030939739222
351,0.17696969696969697,0.85,0.9246771937233939,15.61281885556969,15.62024024364242,15.627092111613406,15.503452048564421,15.764074519685936,15.626631788219255,0.026978145053221464,0.42357896700490616,0.7663273254748364,0.7682004876416018,0.7749343029879281
352,0.1784848484848485,0.85,0.9387673473727071,15.635634976620823,15.659023890796007,15.64556644531107,15.521586484714366,15.78311586292438,15.651860650917145,0.027064803418095588,0.42426050537070326,0.774069891071595,0.7756934879030489,0.7825130676146852
353,0.18000000000000002,0.85,0.9532015745857018,15.661902802998853,15.658935265278032,15.684822104029989,15.560370131867952,15.822948823298116,15.67584353952362,0.026895752032411815,0.4229309741096183,0.7817817488310412,0.7842411052014996,0.7911474411649059
354,0.18151515151515152,0.85,0.9678987677215519,15.69475403207114,15.682040931088066,15.684967630527147,15.561114150844958,15.82284565304955,15.695001831323719,0.026876372310703778,0.422778559234474,0.7896868500838647,0.7908497988792729,0.7978017294761515
355,0.18303030303030304,0.85,0.982776341502608,15.694225953548383,15.667227725082174,15.70845439394044,15.584219816654992,15.846919320478326,15.712781129935868,0.026599630506407405,0.42060207970682695,0.7979487740211254,0.7986453244057261,0.8056851237010867
356,0.18454545454545457,0.85,0.9977506970709058,15.71356993753194,15.744555755555497,15.693767524961771,15.5694066106491,15.83281860374096,15.726416912930983,0.0269451289389997,0.4233193065720748,0.8045272395379601,0.8045037392846566,0.8116318627675292
357,0.18606060606060607,0.85,1.0127376917400985,15.769318113456908,15.745148431818842,15.77184410324082,15.644164686236822,15.91404683711195,15.746885328611782,0.02676116438433561,0.4218724883435924,0.8121323183202535,0.815144131261773,0.8224936664972
358,0.1875757575757576,0.85,1.0276531118032266,15.800073808238896,15.787875784857412,15.772649625673882,15.644757362500167,15.91542594134665,15.765943421302914,0.02686740360877497,0.4227080234649062,0.8216504976624432,0.8218240840313243,0.8292633550247118
359,0.1890909090909091,0.85,1.0424131457395622,15.832328219909277,15.809263709328606,15.815882719571091,15.687484715538737,15.959220892105076,15.787573361520678,0.02682066783140589,0.4223404625793685,0.8299028666953763,0.8307332337552491,0.838262107464105
360,0.1906060606060606,0.85,1.056934855161518,15.86627488516444,15.851943484620405,15.837611407998327,15.711442594895532,15.978926236346053,15.811791134683766,0.026923011399774457,0.42314535969965317,0.8382604756164086,0.838540199968935,0.8460222729513188
361,0.19212121212121214,0.85,1.0711366408553222,15.881993615894853,15.870215326742933,15.880781708612869,15.75412237018733,16.02262449031409,15.83895509604738,0.02684675417157282,0.42254562271218227,0.8467355452183717,0.8475097309141886,0.8550794551228227
362,0.19363636363636366,0.85,1.0849387012967124,15.888206494878515,15.900401410160264,15.899342409347872,15.772394212309859,16.04169120958943,15.866410570278134,0.026854472803615585,0.4226063271101507,0.8542587475216171,0.8551919023209842,0.862848542333977
363,0.19515151515151516,0.85,1.098263481065199,15.908693064044872,15.935672811815246,15.929894696943734,15.80258029572719,16.072724459523798,15.892954757055291,0.026896972514864965,0.42294057278618935,0.8612798806988018,0.86353974619796,0.8712823696913574
364,0.19666666666666668,0.85,1.1110361066372039,15.949890413693485,15.972207853020874,15.96555631943849,15.837851697382172,16.108839043637836,15.919493059396544,0.026946304283358806,0.4233285502529926,0.8690860099802291,0.8721924285619176,0.8800199107172523
365,0.19818181818181818,0.85,1.1231848071093031,15.976526971073335,16.000569706419224,16.002473532599687,15.8743867385878,16.146178469051357,15.948228130457965,0.026932078639797154,0.42321667043758754,0.8780495227740353,0.8809442500269525,0.8888552793568676
366,0.1996969696969697,0.85,1.1346413174874743,16.024266721839275,16.017324906557008,16.031127955609758,15.90274859198615,16.175221819180695,15.977702262917813,0.026828258485533215,0.4224001604748548,0.8862400062236808,0.8892687982110127,0.8972618837407473
367,0.20121212121212123,0.85,1.145341262276226,16.057276966331038,16.083737348286864,16.0480524179955,15.919503792123933,16.19249961553894,16.00745158148146,0.02709819747959335,0.42452313822944193,0.8956324161028013,0.8969618523189404,0.9050353320469575
368,0.20272727272727276,0.85,1.1552245172121673,16.091734763484613,16.079133624064283,16.115041850387545,15.98591623385379,16.259804721110896,16.041105030080207,0.026825266446651074,0.4223766291135938,0.9042355463363186,0.9074884678374806,0.9156405183857905
369,0.20424242424242425,0.85,1.1642355471094024,16.137588626195,16.159775741657118,16.110364552822155,15.98131250963121,16.255403618943436,16.070032714764853,0.0272022830049938,0.4253417352452938,0.9129485884333863,0.9140055310271156,0.9222341783811343
370,0.20575757575757578,0.85,1.1723237179183486,16.159825565653403,16.168111871622777,16.1916656232054,16.062146277114028,16.336748198652902,16.105127700047273,0.027022037233693917,0.4239241639745688,0.9223419761941419,0.9254327405855611,0.9337249180879901
371,0.20727272727272728,0.85,1.1794435812444897,16.193309840994743,16.214076969944585,16.199982839990206,16.074328888597933,16.34141176273533,16.136495677106694,0.027130107030392096,0.4247740959198656,0.9304141992345898,0.9327262847267087,0.9408691620968826
372,0.2087878787878788,0.85,1.185555129728313,16.217759968604888,16.242007960436812,16.246241207504546,16.12029398691974,16.387819601930868,16.17060288696664,0.02709761393915612,0.42451854888372165,0.9391574478489376,0.9422272888864169,0.9504383590682128
373,0.21030303030303032,0.85,1.190624021851426,16.262520982071738,16.2560352420274,16.27427103052763,16.151060260588242,16.413119498178805,16.203517442206202,0.026957628078113548,0.4234176080211951,0.9474011294791072,0.9507023649146612,0.958813546442432
374,0.21181818181818185,0.85,1.1946217749056347,16.2895429564192,16.268538883175335,16.288239411529325,16.16508754217883,16.427148629772613,16.234917000496775,0.02680652526923247,0.4222292361706328,0.9568604517229079,0.9583736825470538,0.9665468764487423
375,0.21333333333333335,0.85,1.197525925040672,16.34046821245438,16.32322379841504,16.3006403921455,16.177591183326765,16.43956552935777,16.266587047103595,0.026979433321351283,0.4235890987926127,0.965306249269286,0.9659638750901037,0.9741964758137936
376,0.21484848484848487,0.85,1.199320153491246,16.37194474236396,16.40681404853926,16.35558077652711,16.23227609856647,16.49447703532355,16.301294061613845,0.02737064289385061,0.4266658281206201,0.9752013436557371,0.9761032635149597,0.984392610946498
377,0.21636363636363637,0.85,1.1999943782741247,16.415454843927574,16.42147257640188,16.43965866614163,16.313031065514416,16.581316820364314,16.34036317517126,0.027232275310232017,0.4255776144558955,0.9839704163339957,0.9880400915509362,0.9965538897087644
378,0.2178787878787879,0.85,1.1995448108399993,16.452378356452073,16.44912217843522,16.454138910937633,16.327689593377034,16.595679702312193,16.37769823151992,0.027194276830568898,0.4252787694249513,0.9934942788538659,0.9958355115289697,1.0044018271012178
379,0.21939393939393942,0.85,1.1979739773617946,16.465446607629403,16.476315403583765,16.477941722149755,16.355339195410377,16.623080439441644,16.41451816038641,0.02718272701094339,0.4252429872070687,1.002653361117113,1.0042112632017193,1.0130564173531778
380,0.22090909090909094,0.85,1.1952907045398022,16.469784152646206,16.50911278013192,16.491895662055118,16.339696229936838,16.65000829239098,16.45440891417744,0.02727764578309373,0.42336512376593566,1.0103796781954408,1.0120026883533824,1.0217050543058102
381,0.22242424242424244,0.85,1.191510070003401,16.457187955649022,16.45235488565718,16.511120690973428,16.32565566932792,16.682669412140793,16.491232274982202,0.027054879038160045,0.43762133613016396,1.017577573067535,1.020131530906944,1.0307305848915271
382,0.22393939393939394,0.85,1.1866533175880623,16.455200711232564,16.444622388835533,16.447554873190725,16.247168847640886,16.629231798438614,16.517690209341197,0.02704593258175796,0.43846600831490196,1.023725749092982,1.0231265194686823,1.0344278029500114
383,0.22545454545454546,0.85,1.1807477379637112,16.442788683358888,16.45578938730783,16.42941519849031,16.206244814722492,16.621176565874343,16.542960384445628,0.027091274545379483,0.42869272613714277,1.030527721309514,1.028912871016565,1.0409221687719286
384,0.226969696969697,0.85,1.1738265152852025,16.438150646546912,16.441405108300724,16.429731102439856,16.180569154548195,16.632040033533613,16.56482206760162,0.02709342752365832,0.42338787702456077,1.0366707679996472,1.0358475248928831,1.0486025239997203
385,0.2284848484848485,0.85,1.1659285407266053,16.405632392824042,16.412881654874756,16.406686505552184,16.139692589877342,16.61724583993305,16.58265310060145,0.027087447317505002,0.42029648962303867,1.0432967666242738,1.0412998000998608,1.0546635827701618
386,0.23000000000000004,0.85,1.157098193947066,16.36625770582142,16.353354479187985,16.3706882487347,16.091353861698142,16.588235587030216,16.59474219009865,0.027119416018300133,0.4292735972811802,1.0481376250970917,1.0459050825580505,1.0598039402824861
387,0.23151515151515153,0.85,1.147385093716221,16.31947814307866,16.342731248523904,16.304604823411125,16.02169677755738,16.528194737871623,16.599311662665926,0.02703250016456971,0.40995194091922393,1.0525101756942394,1.0485452933574158,1.0629243080584108
388,0.23303030303030303,0.85,1.1368438191004264,16.26779525958498,16.268487088391833,16.288048830211537,15.992461546904861,16.516857760323045,16.60048622971339,0.027094359874851915,0.4200820147732112,1.056370260271674,1.054335820743491,1.069146769165692
389,0.23454545454545456,0.85,1.1255336027764833,16.207608573797224,16.218712617739186,16.208371136771046,15.915333781442996,16.441996936606195,16.595567321280104,0.02706065741054867,0.4150499944370573,1.0598715093365971,1.0559999376987197,1.0712210125364643
390,0.23606060606060608,0.85,1.1135179981961798,16.149351920169543,16.158196773931447,16.153965079146516,15.858949192669895,16.391446841974986,16.582870757957874,0.02704550819595697,0.4130680101917794,1.0627716396454576,1.0592541074625537,1.0748263543685619
391,0.2375757575757576,0.85,1.1008645224718792,16.07724498660495,16.035235714500484,16.089331292080658,15.795173056123337,16.330123848944407,16.56198624679362,0.027248000457088237,0.43710010600560334,1.0657484768866097,1.061787519612057,1.077678206866365
392,0.2390909090909091,0.85,1.0876442769898287,15.998080520844285,15.997887687480423,15.962643273644062,15.678333655802385,16.209118785731498,16.52764328791574,0.02713175376114363,0.4230805398140601,1.0677564220901772,1.06014524771929,1.0765147072341879
393,0.24060606060606063,0.85,1.0739315478830076,15.912747420510854,15.925546976222131,15.921598429484852,15.63355321499763,16.17078655212447,16.490057740140813,0.02711709571940479,0.4215416331895264,1.0692319809385828,1.0641202990749978,1.0807747914467027
394,0.24212121212121213,0.85,1.0598033886085045,15.825687121490732,15.785940255053525,15.846407892802901,15.561298705094803,16.097532247920178,16.44393002680186,0.0273436298145464,0.4437767002882729,1.0702260260091054,1.0657643018812726,1.0826538944518704
395,0.24363636363636365,0.85,1.0453391869749677,15.757811382449638,15.753954407722867,15.705341649372492,15.432002936282046,15.95906170118092,16.384060362924483,0.027189125617115048,0.42788669179245487,1.0710313506463425,1.0628867580888455,1.0800577110900218
396,0.24515151515151518,0.85,1.0306202190530611,15.676500641450735,15.644618511341584,15.669824489792262,15.39370410250113,15.924164001778548,16.319794867360017,0.02728075125067709,0.43607007643633433,1.0730698155220335,1.067078115508581,1.0843980368214516
397,0.2466666666666667,0.85,1.0157291924755474,15.588735445944682,15.586389169136035,15.55938364440272,15.293045620797633,15.811793256481469,16.248426035018888,0.027190015107996776,0.4280038011665904,1.0741305995068098,1.066105916375742,1.0834006490552117
398,0.2481818181818182,0.85,1.0007497816932553,15.504895190837729,15.521553246246446,15.498783954689694,15.232377204751515,15.752518470901666,16.171650555810686,0.027109032218167812,0.4214069711558095,1.0746779739249743,1.0684767726339106,1.0859690764030694
399,0.24969696969696972,0.85,0.9857661577983826,15.410941108496038,15.407062980254086,15.432100911758486,15.166855828779786,15.686642985908021,16.09130280048746,0.02720094077527749,0.4283885972632754,1.07542370683925,1.070374676034427,1.0880297828609604
400,0.2512121212121212,0.85,0.9708625155571057,15.344843864593937,15.342433931274305,15.317617525009673,15.060357028428447,15.571284668535549,16.001681993492717,0.02711767085706326,0.4220208043583467,1.075393112705658,1.0688808862149006,1.0865820698834991
401,0.25272727272727274,0.85,0.9561226003091702,15.272431727126198,15.241024357665747,15.251271450610767,14.994801779916747,15.505634216071925,15.909443349227525,0.027153384342182736,0.4245679963101295,1.0772390389790694,1.070670066482271,1.088526846481817
402,0.25424242424242427,0.85,0.9416292373928573,15.178041394288522,15.20071054305649,15.149872675774464,14.899069813112906,15.403330094736233,15.810007268151715,0.026985812592058664,0.41273948625769075,1.078583351772633,1.0699278766813785,1.0878277735255641
403,0.25575757575757574,0.85,0.9274638667395498,15.09425728664406,15.122116423114168,15.10699504740904,14.85190164265778,15.36413244578328,15.710585175372376,0.026931104232522134,0.4092437293428885,1.078305297708713,1.0732578973075109,1.0915259077644013
404,0.2572727272727273,0.85,0.9137060852530628,14.996629702881732,14.99938458204184,15.027834904644424,14.775538570761551,15.284606261104868,15.6078940186383,0.027033367856207663,0.4155329293970844,1.0787057606364319,1.073958908589488,1.0923089828011814
405,0.2587878787878788,0.85,0.9004331995451693,14.87554702694259,14.85038725282878,14.9066877682064,14.662413867582488,15.161117360398787,15.49802601228,0.027214526918367402,0.4269747888596466,1.0780405527155723,1.0715750298020426,1.0898648338199128
406,0.2603030303030303,0.85,0.8877197915405428,14.792645811825974,14.781558539955986,14.76114128017353,14.526177500641431,15.012901384848762,15.37852707768715,0.02716031188366064,0.4232488473508849,1.0755972134801082,1.0673249461000895,1.085528812254637
407,0.26181818181818184,0.85,0.8756372993920479,14.712926994083112,14.707670670970208,14.691029742697838,14.456612162323736,14.943267873617186,15.257471253559025,0.02711425651881379,0.42027342249668764,1.0758287863146163,1.068438526741661,1.08678311808125
408,0.26333333333333336,0.85,0.8642536160612551,14.628613970461739,14.61355823295931,14.616361239209542,14.38317231210508,14.868628127325287,15.137355644650835,0.027122170730656016,0.4207614768779282,1.0762233634560796,1.06915975731255,1.087612613017313
409,0.2648484848484849,0.85,0.8536327078198085,14.5247722428707,14.544641675381776,14.52294564020827,14.294597038429485,14.772434212816641,15.012873463242343,0.027063469050851958,0.41716009037843566,1.0762128459750473,1.0684389300961303,1.0867935607745578
410,0.26636363636363636,0.85,0.843834254815331,14.442474622220827,14.44285228555854,14.45310862616839,14.225380069714523,14.702863384904095,14.891478722373812,0.02709204719606111,0.41882863459623887,1.0746864311012916,1.069384047340237,1.0878633767113384
411,0.26787878787878794,0.85,0.8349133157215731,14.363242117519533,14.379651684142924,14.352834635436993,14.129452616453724,14.5996319788795,14.766565965160613,0.02702256787362829,0.41470220269544356,1.0746757210474085,1.0680055402126518,1.0863699216607308
412,0.2693939393939394,0.85,0.8269200183571682,14.287211094890743,14.28149598909571,14.288455449754972,14.065007103821024,14.535218485874607,14.644443805354209,0.02704137720746056,0.4157596333653382,1.0748251045854262,1.0692286948511929,1.087694379961492
413,0.27090909090909093,0.85,0.8198992780114551,14.18769404414238,14.188747194639902,14.191833218652645,13.972226936566654,14.434591523597172,14.521065534322661,0.027049152589541645,0.41620490717886915,1.0751487137064246,1.067971287666285,1.0862394631393832
414,0.27242424242424246,0.85,0.8138905450601204,14.103536895440326,14.0797906189477,14.100318648813966,13.883842044985009,14.339825694451639,14.396708129667106,0.027097943965827653,0.41903664493115117,1.0736310560340068,1.067019062734323,1.0851433753629651
415,0.2739393939393939,0.85,0.8089275832888414,13.988893715895895,13.99642508965425,13.994014574734388,13.78232399268007,14.228609427167317,14.270079448301807,0.02709288672875169,0.4187246755903673,1.0731984304274456,1.0648644087171621,1.0827157341884894
416,0.2754545454545455,0.85,0.8050382801705565,13.919965874303545,13.922438863285793,13.91130244890529,13.701518956649103,14.143943747355893,14.146477048920934,0.027070358796592652,0.417329464561577,1.0703623222011254,1.0644254146510868,1.0822259988507161
417,0.276969696969697,0.85,0.8022444901624336,13.832186929523063,13.83570573994416,13.83728047402827,13.62839143688529,14.069018259234872,14.028926266174365,0.027073529119198286,0.41752261123668644,1.0709468694539932,1.0645853832711987,1.0824143677559488
418,0.2784848484848485,0.85,0.8005619119030755,13.751415952461198,13.733324457894126,13.751732185797271,13.545106461795307,13.981196767279336,13.91304676561413,0.027108264324812725,0.4196966916871666,1.0700151336895367,1.063791403934991,1.0815420731590664
419,0.28,0.85,0.8,13.67208411149496,13.693673127403377,13.652046523991284,13.44929759600919,13.877625191753948,13.798363218637077,0.027040723609381298,0.41506012331865794,1.0695545740803154,1.0618258407548777,1.0793708482475293
