mode,trial,c1_estimate,c2_estimate,contrast_estimate,regressor_condition,smallest_eigenvalue,state_variance
none,0,1.839444242263472,-0.8456090414590548,2.6850532837225267,518.5705650640937,2.711169896670723e-05,0.006125797929297703
none,1,1.7862377711904793,-0.8033920182755571,2.5896297894660365,209.50202125096527,2.3916615803747966e-05,0.0019115118407442915
none,2,1.734830402257387,-0.7488141521686902,2.4836445544260775,281.2021274129414,1.8817484362170563e-05,0.002639726247462845
none,3,1.7937757208118301,-0.7989994303669018,2.592775151178732,690.7811204741253,1.9201966940106917e-05,0.006062339488816792
none,4,1.7512135643442042,-0.7641712714868124,2.5153848358310165,282.67195939170705,2.025738227318715e-05,0.0021325457350206234
none,5,1.7741113205762096,-0.7879689015226472,2.5620802220988566,253.0625830355596,2.1562345832383707e-05,0.0025307650633394486
none,6,1.8157749166815353,-0.8214055247602908,2.637180441441826,567.9280847077314,2.9879618577361225e-05,0.004943473002622896
none,7,1.8377763932107238,-0.8517743497029919,2.689550742913716,265.00615519927595,3.056077944499792e-05,0.004029658744476589
none,8,1.8077889948810069,-0.8221413489902714,2.629930343871278,240.9338726850024,2.41632462132939e-05,0.002923776581079655
none,9,1.8359332436990694,-0.8528808189430773,2.688814062642147,228.74606664120114,2.6369514457183496e-05,0.0027844382311665054
none,10,1.6825386712883652,-0.7082220795518811,2.390760750840246,137.83605852506597,1.6275027028561954e-05,0.0010952856384117888
none,11,1.8028332673269574,-0.8153001832007788,2.6181334505277363,280.63387851944543,1.981073707349847e-05,0.0026522411261583594
none,12,1.812449993571543,-0.8295594735311382,2.6420094671026813,204.98332104399196,2.148171790112988e-05,0.001704608002855305
none,13,1.7855926801655722,-0.7967384112262682,2.5823310913918402,364.78850490359434,2.2838764608754634e-05,0.003698383738018281
none,14,1.759006143828953,-0.7676566062041118,2.526662750033065,459.1301812899864,1.7583402057775796e-05,0.004030308368939347
none,15,1.716742500708293,-0.728343598145033,2.4450860988533263,304.96955907102364,1.513509421384061e-05,0.0017166855828616683
none,16,1.7936359626840563,-0.8074321219978446,2.601068084681901,254.28659962646358,2.231318108134343e-05,0.0028441138498054535
none,17,1.7514784737505078,-0.762738138095785,2.514216611846293,383.77159171564995,2.0667321345479994e-05,0.003502132677152106
none,18,1.7566080031846998,-0.7666731231960595,2.523281126380759,328.5247255046917,2.1082340145021916e-05,0.003037875609931541
none,19,1.767172082472869,-0.7875888587638012,2.5547609412366703,146.57062384100084,1.822105280676646e-05,0.0012691069808555336
none,20,1.8447753948159782,-0.8559807160379912,2.7007561108539693,345.88308834278763,2.5484767921414055e-05,0.00441467209415596
none,21,1.7915628494263072,-0.8066898103292148,2.5982526597555218,230.86172730213298,2.3062941822157932e-05,0.002674801597256236
none,22,1.802784220925276,-0.8118867266104084,2.6146709475356844,375.7053009056317,2.4371020085810213e-05,0.004309209032805384
none,23,1.8056277213350642,-0.8187128971400061,2.6243406184750704,264.42997111041365,2.725805707123408e-05,0.003604578562600592
none,24,1.8357816844100476,-0.843232912191105,2.6790145966011525,507.20298888145453,2.610200132980873e-05,0.006638176078318808
none,25,1.7630990687616273,-0.768755779063233,2.53185484782486,693.3362881098024,2.1121921815542115e-05,0.0038693785107691892
none,26,1.839619699229461,-0.8460043864860758,2.6856240857155367,388.45614908429513,2.6618826655317937e-05,0.0052531547305986305
none,27,1.7818641199792462,-0.7937180211674437,2.5755821411466897,332.4087204342989,2.1170880307487972e-05,0.0017285433797886657
none,28,1.8052823216449407,-0.815246899006531,2.6205292206514716,331.6352570965749,2.04266013844631e-05,0.0034253001551694745
none,29,1.7697018684940131,-0.7758625008121642,2.5455643693061774,620.7479056603667,1.8014389126658203e-05,0.005594664325797573
none,30,1.815268089323388,-0.8288429359001189,2.644111025223507,250.85076336988283,2.9098753023348075e-05,0.003363251583861142
none,31,1.7559130640155889,-0.7671736011748413,2.52308666519043,307.0013715801357,1.7746261934436288e-05,0.0021508889968993184
none,32,1.8021446673858421,-0.8106122051769082,2.61275687256275,400.93011803391755,2.0503573361391192e-05,0.003545880238579953
none,33,1.7903333915469888,-0.8020667865336196,2.5924001780806085,315.47563245823795,2.408415016179376e-05,0.0029981260909150965
none,34,1.8371053034426377,-0.8436218311735489,2.6807271346161867,474.7001658383363,2.594452629762177e-05,0.005936410548632625
none,35,1.7998425148133779,-0.8169220352251856,2.6167645500385635,209.64906031614802,2.2518018904304788e-05,0.0022168852843394214
none,36,1.7206493273134644,-0.7354993121656914,2.4561486394791556,231.23744330768264,1.720490276664339e-05,0.0019274680687390634
none,37,1.7895294286823404,-0.7953192893812316,2.584848718063572,628.4463895021489,2.3848675762496233e-05,0.005540842872340532
none,38,1.781161325706257,-0.7864547610573649,2.567616086763622,652.8884042541907,2.089857882885647e-05,0.003487678346738969
none,39,1.70920181114132,-0.7253892581269602,2.43459106926828,222.55555050531308,1.5348317946070177e-05,0.001681392365931901
none,40,1.7925285800315094,-0.808752310552569,2.6012808905840785,217.27874387339025,2.3843643369908518e-05,0.002299761545829082
none,41,1.8109659067346968,-0.8245284281027718,2.6354943348374684,269.0770471848092,2.3730984322519345e-05,0.0031638877128639044
none,42,1.8524508174818364,-0.8630622160921908,2.715513033574027,375.29135806447874,3.211518931663104e-05,0.005617594705165729
none,43,1.8225263130930118,-0.8296290748589512,2.652155387951963,490.3506278308534,2.366318127013621e-05,0.004813778020741194
none,44,1.8430704437471512,-0.8472389217988787,2.69030936554603,855.7424804838342,2.8015749051318525e-05,0.011897601768028735
none,45,1.780599300076193,-0.7957103186571961,2.576309618733389,235.22300776330258,1.792990371754337e-05,0.0020745965457342895
none,46,1.794207467861544,-0.8012183954674447,2.595425863328989,362.1595899284219,1.941387675384338e-05,0.0034787167848727616
none,47,1.8102707247765266,-0.8232015511335701,2.633472275910097,291.1717111028314,2.8630779616788636e-05,0.0037170220290554555
none,48,1.8027780413619547,-0.8179378924975172,2.620715933859472,250.0927650963449,2.304236877757491e-05,0.002884699042613247
none,49,1.6737383354769189,-0.6943523787752,2.368090714252119,156.77833859113323,1.5248518615616855e-05,0.0011709281194393142
none,50,1.8114808624539136,-0.8278086224065089,2.6392894848604227,233.77861926954682,2.3333604307237445e-05,0.002687286778513944
none,51,1.7889037518359936,-0.7956012161353413,2.584504967971335,547.3220679779043,2.2697632014481023e-05,0.006175984936510437
none,52,1.7286735334198489,-0.7403499262186922,2.469023459638541,344.2234202903962,1.848776539530462e-05,0.00270788677631748
none,53,1.8587098891918656,-0.8724503205441976,2.731160209736063,279.9436973627573,3.017245513843407e-05,0.003797076050033522
none,54,1.7880516478888184,-0.8047805084069657,2.592832156295784,220.90722954988266,2.0213480728869734e-05,0.0019575327426362235
none,55,1.8426488961285132,-0.8485782016532925,2.691227097781806,608.7904157757333,2.479319698597219e-05,0.004217519081778147
none,56,1.8312607558014642,-0.8507301442554103,2.6819909000568742,186.78864947500415,2.606240855089221e-05,0.0021743378068761034
none,57,1.6747664741474944,-0.6863385811833618,2.361105055330856,356.066542509985,1.2458329503239277e-05,0.0010993103360952894
none,58,1.8162146264793702,-0.8281157148634566,2.644330341342827,266.0369486264958,2.7311305305640927e-05,0.0036541543202783804
none,59,1.7535528330193004,-0.7609760520764279,2.5145288850957286,411.6569579503902,2.1086233812151953e-05,0.0032840967615622467
none,60,1.840298297446511,-0.8454953379432164,2.6857936353897274,709.2166286029534,3.028506099505418e-05,0.010680469887198885
none,61,1.802891429344846,-0.8088212884489372,2.6117127177937833,598.7123380108724,2.5009097623662074e-05,0.006943376815343633
none,62,1.7911084366597918,-0.8110740064966521,2.602182443156444,166.54471240002698,2.1650794146714112e-05,0.001761742637627286
none,63,1.7857085336813732,-0.7982409851001735,2.5839495187815467,269.26384729567485,2.5796189523800972e-05,0.0032830093739356836
none,64,1.7844131175569593,-0.7988556351593291,2.5832687527162883,274.26307952574734,1.8938596374913023e-05,0.002468819964729747
none,65,1.7176986915994608,-0.7359547498022585,2.4536534414017193,189.4966826632152,1.647382224070253e-05,0.0015509094133232706
none,66,1.7989328432338465,-0.8072279045221639,2.6061607477560105,434.61784293777447,2.2091882210446313e-05,0.0035741130739126003
none,67,1.7884345199975258,-0.8009204591348905,2.589354979132416,293.30268923198196,2.4058083775671275e-05,0.0028760203343888963
none,68,1.855470660034536,-0.8644489974206272,2.719919657455163,402.6240186277173,2.991126607733343e-05,0.006072646197734708
none,69,1.779552093078893,-0.7868811079841446,2.5664332010630377,519.5331823062908,2.3579008657754336e-05,0.004938531368227856
none,70,1.8538881094420605,-0.8640206360288785,2.7179087454709387,350.32908056866034,3.3492357641747364e-05,0.005856467466184738
none,71,1.7522187706867527,-0.7591571391377542,2.511375909824507,568.1317890280469,1.7784912085113888e-05,0.004616486596647762
none,72,1.7486894669866135,-0.7618733119374905,2.510562778924104,278.36739911859115,2.00852580726444e-05,0.002654511104476637
none,73,1.8127158649155954,-0.8198752914236012,2.6325911563391964,501.44380161034746,2.5988797886400405e-05,0.004542839585104218
none,74,1.8184159918489007,-0.8316310397648514,2.6500470316137523,278.27617409192095,2.341040164520773e-05,0.0030802787792988443
none,75,1.797329423607854,-0.8048852987044195,2.6022147223122736,528.336977366047,2.140160215606448e-05,0.005655338895386844
none,76,1.759385296399289,-0.7644392513827175,2.5238245477820067,511.1049896156065,1.63559559676809e-05,0.004207663799596555
none,77,1.8479576015955634,-0.8555847038732496,2.703542305468813,433.9540136430416,2.613224679562636e-05,0.005189190521890324
none,78,1.7280090765166514,-0.7361307317265253,2.4641398082431767,449.16379387813726,1.868773342660491e-05,0.003813823856083355
none,79,1.794825969323678,-0.8022871329302267,2.5971131022539047,446.87656022538476,2.3510380047494367e-05,0.005287481472503488
none,80,1.8328680193233837,-0.8458794129791546,2.678747432302538,281.93201655229905,2.5379859079138842e-05,0.0034735992467252287
none,81,1.7779740666196806,-0.7867074488428789,2.5646815154625595,406.7028986246078,1.8637287304139848e-05,0.0033269466383908726
none,82,1.7789795454584867,-0.7884949798030347,2.567474525261521,402.3810804811363,2.1765729685941856e-05,0.0039465702502474755
none,83,1.706561988473431,-0.7202296147434706,2.426791603216902,240.90628873506483,1.610961677315061e-05,0.0018739795037840368
none,84,1.8024107033403323,-0.816510147412857,2.6189208507531894,243.67698359714606,2.3720840993827607e-05,0.0028909860752241424
none,85,1.7863842845437141,-0.7938526936311738,2.580236978174888,451.9650226945155,2.0779032086673012e-05,0.004141344068030565
none,86,1.8248537322212208,-0.8351299518189508,2.6599836840401716,344.91017945614686,2.6723291370959676e-05,0.0041271911125644895
none,87,1.7572347132356914,-0.7751791566969256,2.532413869932617,202.02106962614485,2.0443435367035155e-05,0.0019695970447995625
none,88,1.7503879501572153,-0.7678074409430145,2.51819539110023,199.6402472701434,1.8466509089126726e-05,0.001450488475260255
none,89,1.7621304672641998,-0.7679568423726119,2.5300873096368117,608.1441084300745,2.039362101809942e-05,0.00497514197801739
none,90,1.7763865418931308,-0.791078034212477,2.567464576105608,262.3210863221102,2.2615410216371423e-05,0.002277057691669153
none,91,1.8661197498382267,-0.8746755694661511,2.740795319304378,454.1819633989542,3.329117761429173e-05,0.007066729854112536
none,92,1.6639424923737611,-0.6724037340081813,2.3363462263819423,422.9200644584922,1.5014632797592797e-05,0.001841860317163486
none,93,1.763220496158597,-0.7720860361410218,2.535306532299619,413.88530187024753,1.9652760924768718e-05,0.0034019928628021877
none,94,1.7501257970642463,-0.7559947668791765,2.5061205639434228,582.9572580724356,1.6378298112119244e-05,0.004530565680475659
none,95,1.7766341311350868,-0.7870958548407616,2.5637299859758484,262.2158020230669,2.237502416757315e-05,0.002002077497297937
none,96,1.8029960936075222,-0.8122347257625442,2.6152308193700664,384.7487264446825,2.2277249183256728e-05,0.0027918724384844106
none,97,1.7612253052700049,-0.7773289586719789,2.538554263941984,237.6923502511035,1.9812982776345675e-05,0.0016379232081204181
none,98,1.820620203623486,-0.829474391733465,2.650094595356951,422.4678966287431,2.89108705985551e-05,0.00583670066559985
none,99,1.845641074992453,-0.8598542128170467,2.7054952878094998,242.39757649668266,2.9249317482073472e-05,0.003497187762815655
none,100,1.7689014007803308,-0.7789969016522825,2.547898302432613,376.2052575031963,1.9604705734566595e-05,0.0031286922294839164
none,101,1.8484450689638716,-0.855297908351706,2.703742977315578,521.8572275855461,2.572923962514736e-05,0.006640508543101336
none,102,1.8156101569227436,-0.825697294603778,2.641307451526522,361.1310719300102,2.302965751768693e-05,0.003978292940873205
none,103,1.7920224165999952,-0.8038619452705535,2.5958843618705485,326.0504574572372,1.9634790792974217e-05,0.0032050842613757183
none,104,1.83627770707969,-0.8487205938753067,2.6849983009549967,285.7290121561699,2.5485733151522135e-05,0.003443548823902548
none,105,1.8205614350011519,-0.8288302675388451,2.649391702539997,403.3395736118553,2.7724295834614422e-05,0.005031170898097505
none,106,1.7944662341733666,-0.811047702086338,2.6055139362597046,211.01583827091696,2.4763105348366444e-05,0.0024689765010107944
none,107,1.831656218121063,-0.843006310101859,2.674662528222922,313.254192847148,3.0363209510090097e-05,0.004763470955933515
none,108,1.7694505923515662,-0.7852417509798022,2.5546923433313684,207.44920253612926,2.119486094354561e-05,0.002199657693429695
none,109,1.7896866075592872,-0.7987567473060473,2.5884433548653343,354.64764638929995,2.2332831280440224e-05,0.003446231705033337
none,110,1.804003590744843,-0.8145907028796838,2.618594293624527,352.2793936652269,2.4387432766395482e-05,0.004222367213189352
none,111,1.7642701141531383,-0.7744152380970994,2.538685352250238,346.22433943799615,2.3669613381953336e-05,0.004110965524559257
none,112,1.8695875892646687,-0.8813866286773681,2.7509742179420367,317.7406819476265,4.137190429977233e-05,0.00653491825177489
none,113,1.7723998027717982,-0.7936717166842097,2.566071519456008,164.2424720691299,1.9194418679583563e-05,0.0015831192078809514
none,114,1.810437516304114,-0.8225604047243992,2.632997921028513,302.1419195815031,2.048882490118158e-05,0.0028601466388028787
none,115,1.7917920026393552,-0.7982189811619311,2.590010983801286,454.6248866130752,2.0157889220146982e-05,0.00429237887988502
none,116,1.8128122253849537,-0.8201404027592839,2.6329526281442375,484.14214645233596,2.2360333806632424e-05,0.004887543131553238
none,117,1.7439382956926546,-0.7507212192462746,2.4946595149389292,375.05823518085964,1.8414493815874493e-05,0.0032263774968219272
none,118,1.7976053533426954,-0.8141848087334848,2.61179016207618,216.51007168202617,2.5690442880799396e-05,0.0027335995959230845
none,119,1.813303477431899,-0.8229472145604405,2.6362506919923394,514.16783745753,2.374370766691173e-05,0.0027288802054638516
none,120,1.8584995571558576,-0.8693289569309769,2.7278285140868346,298.89205263174574,3.0179810657617392e-05,0.0038340330658928126
none,121,1.810217044820576,-0.8225769010002334,2.6327939458208096,276.6342428410565,2.454040398535296e-05,0.0031547036220493842
none,122,1.804021023420856,-0.8164804214365132,2.620501444857369,324.4559887373162,2.3703284425402853e-05,0.0037102026479937074
none,123,1.6742436972969525,-0.6906284634718188,2.3648721607687713,203.78412382273072,1.3804474344764278e-05,0.0013447983806518932
none,124,1.8065825614652793,-0.8155152221813083,2.6220977836465877,386.8803377334294,2.638323605006366e-05,0.0012296703587321293
none,125,1.7009792034469975,-0.7186194826941226,2.41959868614112,209.7722261982266,1.5844060910751153e-05,0.001548485561878996
none,126,1.7861147994120106,-0.7950922174300551,2.5812070168420655,394.65833531332686,2.2919922438613925e-05,0.0019596975083116595
none,127,1.8293180300330665,-0.8380248647961119,2.6673428948291784,425.5232033812939,2.824812957449331e-05,0.00471973860275605
none,128,1.829452580248283,-0.842840883696747,2.67229346394503,272.49768818959274,2.7872482559030895e-05,0.003048999007981643
none,129,1.848081477314626,-0.8638757257117509,2.711957203026377,248.9800442399727,2.9298444171245875e-05,0.0036126823059781875
none,130,1.8115150200592454,-0.8274852760320396,2.639000296091285,242.2187786083403,2.594918352758456e-05,0.0031221588261003386
none,131,1.786129340619347,-0.8060964863246979,2.592225826944045,174.13740933325556,2.6054543239484827e-05,0.0021555668715821765
none,132,1.8021416410025193,-0.8201889435093992,2.6223305845119187,194.34554778487245,2.4136369549608485e-05,0.001988958844483174
none,133,1.7850245690018514,-0.7954688945418474,2.5804934635436987,433.2241921137898,2.4920108179782297e-05,0.005332837110130569
none,134,1.7685881168660385,-0.7897952762171289,2.5583833930831674,166.41267014071911,1.9795537039297767e-05,0.0013611282225807714
none,135,1.7178278448588855,-0.723453601285575,2.4412814461444605,650.5585254549851,1.755707980590545e-05,0.004429428647860282
none,136,1.8312139439095299,-0.839258708398751,2.670472652308281,441.10487925066474,2.7940220943860165e-05,0.006203791501774234
none,137,1.85225052183394,-0.8632517198529981,2.715502241686938,340.7929145046526,3.5990448851157264e-05,0.006115197222640587
none,138,1.7606922796383924,-0.7794611994770461,2.5401534791154385,190.2516809169946,2.2132600703043525e-05,0.0014197398990241975
none,139,1.8246911719436951,-0.8320552993700686,2.6567464713137636,494.26619270278,2.9925801205333072e-05,0.00653878935718756
none,140,1.8311377043629022,-0.8391581338656838,2.670295838228586,469.30580102760615,2.7905872664588972e-05,0.004092178174603127
none,141,1.752519260794594,-0.7601524968917117,2.512671757686306,497.57963426919594,1.8720855605692047e-05,0.0028445204110886515
none,142,1.801258113221759,-0.8116448357935079,2.612902949015267,331.33952059028525,2.5016885251763488e-05,0.004157088526054014
none,143,1.7618610324702442,-0.7705613846711096,2.532422417141354,367.70899136169913,2.0219543098254442e-05,0.0026916079608075663
none,144,1.8235657616910823,-0.8377980273604784,2.6613637890515607,254.9177658711071,2.503438629939802e-05,0.0031647795227659464
none,145,1.742452668390922,-0.7555930783365571,2.4980457467274793,316.3600936865435,1.942827211725076e-05,0.002792331164809039
none,146,1.8352226823478008,-0.8475603189259919,2.6827830012737928,306.6573646561899,2.9669666577861013e-05,0.004054444334686088
none,147,1.8138181529636268,-0.8268218261853387,2.6406399791489656,277.24750076448504,2.5474608127846847e-05,0.00352080675114476
none,148,1.8180546656975745,-0.8262427506557203,2.644297416353295,459.2705375484141,1.9591438739524972e-05,0.0033029543921548944
none,149,1.7716553172831808,-0.7795330000005499,2.5511883172837306,462.86848010827026,2.408978586614704e-05,0.004667825364835343
none,150,1.83856231916309,-0.8585768483483392,2.697139167511429,192.15535249520386,2.8726307595973617e-05,0.002434567126985059
none,151,1.8269261776884025,-0.8355633333263359,2.6624895110147384,283.4616145061569,2.1157947252214114e-05,0.002702576902103661
none,152,1.7834176756610907,-0.7915314496433674,2.574949125304458,420.8441256840886,2.0881887607789723e-05,0.0037540119731735728
none,153,1.7807986578742518,-0.7862817266926808,2.5670803845669328,627.7694984621297,1.850431851062751e-05,0.005717757896723832
none,154,1.7849541838489325,-0.7998015262741107,2.5847557101230434,279.2273984526093,2.2330956806632715e-05,0.003027572725919342
none,155,1.813087774833212,-0.8209358980442447,2.634023672877457,430.60709540424523,2.4538306010603306e-05,0.0052603345518823785
none,156,1.7779430153665856,-0.7812284752034134,2.559171490569999,566.4221129519891,1.882670384393756e-05,0.0047451500443106516
none,157,1.7878184304211493,-0.8103546264998782,2.5981730569210275,151.97270222770982,2.382690322482307e-05,0.001807601590546391
none,158,1.7975953592566705,-0.8081580937562693,2.60575345301294,340.65844010308984,2.1674666809200476e-05,0.0036119379147179546
none,159,1.8169552731635605,-0.8223357783966286,2.639291051560189,732.9341651081302,2.1835005667434834e-05,0.006924714384416789
none,160,1.8553573762779465,-0.8668693090623925,2.722226685340339,311.5656143375434,3.098181846665493e-05,0.002280776909724588
none,161,1.8102487276472103,-0.8197121322589382,2.6299608599061486,347.15240545727005,2.8118269093980325e-05,0.004745261419178955
none,162,1.789647306534304,-0.794101339973982,2.583748646508286,816.3233772198835,2.082593663681881e-05,0.005189539951569821
none,163,1.7702266564548303,-0.7860676605433745,2.556294316998205,246.22706974950844,2.0256902067016316e-05,0.002378948600563702
none,164,1.7877353548888995,-0.8027509730129082,2.5904863279018078,258.9274761723892,2.1022195310439144e-05,0.0027291495238848497
none,165,1.7995082019316835,-0.809234443499802,2.6087426454314855,347.81149274450297,2.1751887212252425e-05,0.0033688679333017603
none,166,1.7862742586215077,-0.792674469982009,2.5789487286035166,406.75851447328915,2.018924215455367e-05,0.0033744356195280277
none,167,1.7596803304954405,-0.7646796923260876,2.524360022821528,583.5093263016985,1.968020773153792e-05,0.005749751295317926
none,168,1.7711720879258377,-0.7806575155878864,2.551829603513724,378.5052176569409,2.2228070796075604e-05,0.0013311398345553353
none,169,1.7408955616065955,-0.7446973192135692,2.485592880820165,607.1821652521138,1.8124801957204208e-05,0.003286566417473145
none,170,1.841424016190787,-0.8509202427138938,2.692344258904681,340.4764808427359,2.7743788241916395e-05,0.004763597789324336
none,171,1.7387939753860808,-0.7552429927207835,2.4940369681068644,211.7202426929931,1.9294961766840642e-05,0.0020402717133439535
none,172,1.791767172180612,-0.8050641879352336,2.5968313601158455,303.84496369230044,2.2753568248592634e-05,0.0031603465973708577
none,173,1.821157230659816,-0.8316214157500004,2.6527786464098164,360.9289723720852,2.2533497720101173e-05,0.0034097611346272207
none,174,1.8353086921060457,-0.8469082103809835,2.6822169024870295,304.0400235521713,3.151416979824389e-05,0.003332284111730557
none,175,1.8158089657099106,-0.8250298176459571,2.6408387833558677,452.4013751035806,2.858087835538349e-05,0.0063200342761406845
none,176,1.7989836545632942,-0.8058683215923584,2.604851976155653,507.3145166921377,2.194651195290727e-05,0.0049934864983421905
none,177,1.813367678698472,-0.8347020270939005,2.6480697057923726,197.72256213643763,2.6643299815963528e-05,0.002614488320649196
none,178,1.8142813477298065,-0.8216478860863834,2.63592923381619,486.99883254992545,2.518457126171169e-05,0.006080343454708779
none,179,1.782657325998663,-0.7993244969848127,2.5819818229834754,189.06385739083356,2.1857813505263713e-05,0.001999610553538786
none,180,1.8208674385198282,-0.8290794003821321,2.6499468389019603,454.41449161227644,2.5706160847867483e-05,0.0034836936033454855
none,181,1.7204332730341216,-0.7281514874841003,2.448584760518222,351.24997258609824,1.6072373249817994e-05,0.001882244764996827
none,182,1.7874743195297877,-0.8041117444422564,2.591586063972044,221.30813021706393,2.4381720357545284e-05,0.0026802284363269453
none,183,1.7998608013626798,-0.811216874030307,2.6110776753929867,323.9670111899699,2.545516034582144e-05,0.00336554467590435
none,184,1.7529640347291158,-0.7720892319889978,2.5250532667181136,182.9266528269631,2.06613169918522e-05,0.0018133488509306892
none,185,1.7547638578790137,-0.7756798856276941,2.5304437435067078,154.67467881780402,1.988473483376563e-05,0.0015059207887677354
none,186,1.807575585485923,-0.8136204585893196,2.6211960440752424,589.0814168158122,2.1141057383411953e-05,0.00419953596699497
none,187,1.8086429035401845,-0.8209356775687078,2.629578581108892,326.53471481474037,2.330120772374997e-05,0.0036685332342415943
none,188,1.8017315323856025,-0.8109164538654978,2.6126479862511003,447.2532831633547,2.7430159513946485e-05,0.004421206385141915
none,189,1.8249813825906351,-0.8330222911571449,2.65800367374778,456.48516657550425,2.519478341469171e-05,0.004710238942517411
none,190,1.820580465382497,-0.8287983667474826,2.6493788321299796,358.11606546599603,2.368652715788351e-05,0.004204592136631837
none,191,1.8137012497445801,-0.8234786329503346,2.6371798826949147,410.9909193418744,2.0579081892995593e-05,0.00371409732191453
none,192,1.8057182976282802,-0.8147076254088741,2.6204259230371543,334.31269619542826,2.19873428944084e-05,0.003548063631241823
none,193,1.7853425369323037,-0.797731780747995,2.583074317680299,287.62766024050615,2.2296021660169526e-05,0.0027539500170083303
none,194,1.8115949084870555,-0.816429786582308,2.6280246950693638,711.2180920948651,2.0842886398248286e-05,0.005717289731391941
none,195,1.8691746645844347,-0.8784327647268306,2.747607429311265,365.46899839985167,3.3894117384478464e-05,0.006216372619350341
none,196,1.8101395573223653,-0.8238469987145415,2.633986556036907,265.53038840463853,2.5144211889489843e-05,0.002940115439579505
none,197,1.8047754215482645,-0.8111650812206878,2.6159405027689524,562.5432233123965,2.1050802555762187e-05,0.003920388514391236
none,198,1.7424152541235196,-0.7503559107728492,2.492771164896369,467.44157800877247,1.762783148712751e-05,0.0023767593819333114
none,199,1.6637880047091131,-0.6807276669637704,2.3445156716728834,172.09772230386855,1.6246505996811433e-05,0.001357890828894884
none,200,1.7595075028446965,-0.7702881045767418,2.5297956074214385,328.24051029324863,2.090067443467295e-05,0.0023865665359289307
none,201,1.6829407748806497,-0.6917134635457226,2.3746542384263725,384.44689012746704,1.4083016813214253e-05,0.0023094433577638884
none,202,1.8387640421366045,-0.8461029822376637,2.684867024374268,517.8332751713956,2.6677176997051688e-05,0.006391025742520638
none,203,1.734792463737703,-0.7439702073641083,2.478762671101811,391.32038429024067,1.8229304329814202e-05,0.00208475463017589
none,204,1.7974730887418875,-0.8086758458316028,2.6061489345734903,303.1153632512758,2.1657932805750624e-05,0.0025670637492384695
none,205,1.8418125679566075,-0.8497438743619062,2.6915564423185137,440.7126950925561,3.3782476121381466e-05,0.0074221878812059565
none,206,1.8871408516812769,-0.8971044185186484,2.7842452701999254,403.85980556628067,3.928558865897401e-05,0.008090888547751595
none,207,1.7859720161405968,-0.792270171411123,2.57824218755172,540.4827924478059,2.129697195775611e-05,0.0019944319338913515
none,208,1.7931299513743022,-0.8048611514878493,2.5979911028621516,301.7006845826048,1.9565828352767923e-05,0.002390956119932615
none,209,1.7726883221368235,-0.7905459242083837,2.563234246345207,274.88804987910254,2.329618902345825e-05,0.002029602842343998
none,210,1.8491840165731512,-0.8612254113760186,2.7104094279491697,315.23214463283404,2.951574042815014e-05,0.0046230687959021395
none,211,1.8010424092418245,-0.8088524995775112,2.6098949088193355,638.8696362343408,2.5000675947609366e-05,0.0071105149859932125
none,212,1.7632238916382814,-0.772919443676414,2.536143335314695,381.83407768694906,2.2101202066614374e-05,0.004032202242671756
none,213,1.7965694250723345,-0.8080023877836303,2.6045718128559647,329.1210658916056,2.5236175393226513e-05,0.004100964076979728
none,214,1.7791838263460669,-0.8042532677968433,2.5834370941429103,143.67208917693804,2.1262379086137238e-05,0.0009230083050289095
none,215,1.8190758321792777,-0.8297058948370822,2.64878172701636,352.38987287174797,2.5338636225095794e-05,0.004416400197699909
none,216,1.7205702562910654,-0.7307355947829899,2.4513058510740553,335.6259852821116,1.62393786934268e-05,0.0011297983740814457
none,217,1.80617618154046,-0.8207406594373556,2.626916840977816,246.6725486206157,2.5731133954248926e-05,0.0030449355764154587
none,218,1.7421109630994795,-0.7467993160490539,2.4889102791485334,657.029263289695,1.939717345278598e-05,0.00339055916771412
none,219,1.8420723115041904,-0.8529559761952895,2.69502828769948,326.7588125864156,2.845377434198583e-05,0.003498922433662711
none,220,1.827783406990411,-0.8362628775237433,2.6640462845141544,450.6735700448226,2.2077373698896167e-05,0.00500909458652886
none,221,1.8021399028788596,-0.8215783867478579,2.6237182896267175,206.62076828394086,3.097892706170396e-05,0.003166571037862531
none,222,1.7745450461353487,-0.7872214622870897,2.5617665084224384,293.29678783011275,2.1390498882835687e-05,0.0029947790160245106
none,223,1.8284716417696867,-0.8390931615995101,2.6675648033691965,353.67854696126847,2.3522296310831553e-05,0.004160533831598234
none,224,1.8438584787120733,-0.8554835364269336,2.699342015139007,315.7285022087839,3.0906094072230723e-05,0.00470633606007193
none,225,1.8118255057425943,-0.8384119918481544,2.650237497590749,144.79309519097086,2.6079134618718766e-05,0.001858227719815498
none,226,1.7474028567829512,-0.7530748054636542,2.500477662246605,549.6385792600391,1.96423113958304e-05,0.004207055425012818
none,227,1.8222002488225892,-0.8342567036412296,2.656456952463819,280.82670698593597,2.8097955856231337e-05,0.0038708252792807847
none,228,1.7941212352979778,-0.8108361032626555,2.6049573385606335,214.88613639722703,2.25908078646188e-05,0.0023486258539124395
none,229,1.7785178207525714,-0.7857928929833566,2.564310713735928,494.9152724949085,2.040254924009794e-05,0.00503588850658927
none,230,1.7816765701936799,-0.795477949774992,2.577154519968672,266.62448352745406,2.4900485717609805e-05,0.002801691708482815
none,231,1.8090266784415951,-0.8170996347840567,2.626126313225652,456.61799465424497,2.7467736253470286e-05,0.005359083967230294
none,232,1.7902873408966433,-0.7996908527977226,2.5899781936943658,384.9949432342437,2.394860855909134e-05,0.004621800416283643
none,233,1.7777492019507193,-0.783454476637482,2.5612036785882015,585.7657363655641,1.9809120919261555e-05,0.0023094876333500784
none,234,1.8308546013214204,-0.8443109998069002,2.6751656011283207,272.34506188913815,2.9156795149468638e-05,0.003950429343612784
none,235,1.7716372817537587,-0.7820153347411234,2.5536526164948823,326.07309321183874,1.940069475541567e-05,0.0030495786040233663
none,236,1.7842626826822396,-0.7941650665783878,2.5784277492606273,370.1032124131376,2.182525784450752e-05,0.0039681867385238856
none,237,1.8136114799045906,-0.8166437005780529,2.6302551804826435,478.32685149400146,2.273003275565788e-05,0.0020808624665752382
none,238,1.8328693436579477,-0.8419453560805708,2.6748146997385183,442.4550660349402,2.866510932000247e-05,0.005985393605389445
none,239,1.8744609221385118,-0.8823627276843192,2.756823649822831,468.22604193749663,3.85898616311383e-05,0.007722572959990233
none,240,1.7413007130032934,-0.7518706974359112,2.4931714104392046,333.08382255440176,1.8942868135517123e-05,0.001602236727380952
none,241,1.8132562804371513,-0.8220583694382302,2.635314649875381,422.32647873881933,2.2906386438634185e-05,0.003919148275551063
none,242,1.8265591502388712,-0.8348403209809027,2.6613994712197737,423.7684463220809,2.322494721132551e-05,0.003010853350749888
none,243,1.8229639019287205,-0.8354442810346336,2.6584081829633543,288.77244552385787,2.896127373791177e-05,0.00408791974875594
none,244,1.8696988699999735,-0.8768223930731538,2.7465212630731273,518.4377159695829,3.577562173209467e-05,0.009115478984123293
none,245,1.811688761059616,-0.8298798922360486,2.6415686532956646,175.45929244986206,2.248161632573088e-05,0.001979907356156219
none,246,1.8110001463361067,-0.8184696442677893,2.629469790603896,382.0546614249428,1.942706047602938e-05,0.003626679582434262
none,247,1.7573307439699062,-0.7638042258997029,2.521134969869609,547.4631644170862,1.9035285561345115e-05,0.003935316970089181
none,248,1.795752449478547,-0.8042717735607208,2.600024223039268,427.1316128518842,2.132704350641529e-05,0.00259373426222736
none,249,1.8370376638346182,-0.8466958336760141,2.6837334975106324,299.7813510271824,2.654029961678215e-05,0.0038492458859695025
none,250,1.7311261105360256,-0.7438002142535065,2.474926324789532,275.13686377912614,1.64458019531891e-05,0.0020893196924185297
none,251,1.7793762219611664,-0.7954396948558325,2.574815916816999,218.16356176097406,2.5296780302512013e-05,0.002736572907953282
none,252,1.7702590740398423,-0.781109269409646,2.5513683434494885,333.1577877394709,2.018684475614931e-05,0.003221830017513188
none,253,1.821533535858804,-0.8286165561434236,2.6501500920022276,515.4535567528582,2.7669168100856283e-05,0.003982662299501187
none,254,1.7925236128382747,-0.8013317404249426,2.5938553532632174,423.25596919201973,2.3881869315351377e-05,0.004946179557450516
none,255,1.8044600889990872,-0.8167515772345815,2.621211666233669,304.6659358195206,2.2542170711936302e-05,0.0034020231669479053
none,256,1.731753144973847,-0.7447007665464583,2.4764539115203053,143.114143581961,1.5500938994829046e-05,0.0010442379966024416
none,257,1.7784489708371793,-0.7954076498788126,2.573856620715992,219.28887269401338,1.9899085927777786e-05,0.002164698629645768
none,258,1.8377367001685656,-0.8472639512364929,2.6850006514050584,342.51259358207017,2.6755257848883572e-05,0.004302459067259356
none,259,1.8398127105239486,-0.8464085626676328,2.686221273191581,541.2560324096567,2.627440471795247e-05,0.006846126121048029
none,260,1.8308093258876488,-0.8404588640089253,2.671268189896574,383.3787882958667,2.6879195075629747e-05,0.005169470502502849
none,261,1.8008597211309256,-0.8121573666087926,2.6130170877397183,337.90034677339344,2.150116491379632e-05,0.0030276083957621646
none,262,1.838075213690354,-0.8543418409058344,2.6924170545961883,237.6891362585811,2.6331761439091564e-05,0.0031324631590775977
none,263,1.7771424124497566,-0.7907336545127849,2.5678760669625413,242.80305907273217,2.1997762550805648e-05,0.0021678353401626623
none,264,1.8017188046650545,-0.8084422476546047,2.6101610523196594,643.4366951415396,2.2436921820985674e-05,0.0070141905716079025
none,265,1.7543752683475726,-0.7616939318127848,2.5160692001603575,558.1216506359395,1.7976515430179717e-05,0.004208002981498505
none,266,1.8738821473798413,-0.8809430852421029,2.7548252326219442,546.6458399614463,3.269041171083918e-05,0.0089107216362544
none,267,1.872318393097586,-0.8827679427039107,2.7550863358014968,369.8112727689989,3.655093200917014e-05,0.005992304014071984
none,268,1.796726746243688,-0.8018863605362497,2.5986131067799376,707.6854687172928,2.3878482049327285e-05,0.0035673991025270547
none,269,1.766326699194324,-0.7727850990458166,2.5391117982401408,564.8894662831847,1.7123225899330456e-05,0.0018524881238191752
none,270,1.776355122700918,-0.790841755233313,2.567196877934231,252.4260662619253,1.8131264467204002e-05,0.0020356247593963568
none,271,1.7944129227992063,-0.8075312238852629,2.601944146684469,255.3070504293147,2.073418657535771e-05,0.0015439687823689643
none,272,1.8064382298524226,-0.8182490282576943,2.624687258110117,311.1481883887051,2.562223837314099e-05,0.0035674029629393757
none,273,1.7693824027797158,-0.7865184577425236,2.5559008605222395,205.53191174999031,2.4735194475797567e-05,0.002386413110198924
none,274,1.8562559000650443,-0.8700980615972177,2.726353961662262,278.30888947034646,3.303347185431519e-05,0.004595911194299144
none,275,1.7475412160939623,-0.7542909191866706,2.5018321352806328,514.0449320971778,2.026414886585441e-05,0.004045171949551798
none,276,1.7984968725953447,-0.8114496709916659,2.609946543587011,287.619583415967,2.502625596817725e-05,0.003413139179550326
none,277,1.7349369282297984,-0.7440744264885075,2.479011354718306,320.22269876777517,1.8649665913772397e-05,0.0019597820811179433
none,278,1.7881984154050128,-0.7970238561234136,2.5852222715284263,450.2265491320147,2.017735751907307e-05,0.0045545097172718565
none,279,1.7331019193815118,-0.7426296577848459,2.475731577166358,324.9067295798353,1.7970965903247975e-05,0.0016382541869169299
none,280,1.7996607426674949,-0.8136620862259454,2.6133228288934403,258.5020356311415,2.4111417779548207e-05,0.002562192111553215
none,281,1.7608277234048622,-0.7684978601923831,2.5293255835972452,346.20247120901354,1.5021316390370111e-05,0.0026190481921473663
none,282,1.8051972410618784,-0.8156029758765138,2.620800216938392,318.04172529765304,2.3229334310372832e-05,0.0024824657932100954
none,283,1.7068893385002963,-0.7144733745247108,2.4213627130250073,449.39332282689855,1.652975496655492e-05,0.0035121735202807342
none,284,1.7829078428866925,-0.7955540712683514,2.578461914155044,263.6751042898569,2.1659740056977333e-05,0.0022667857251145174
none,285,1.8148276685864122,-0.8246451389518016,2.6394728075382137,368.3000197813496,3.0139493655247096e-05,0.005407247440202188
none,286,1.8353606303237777,-0.8493625496514049,2.6847231799751827,248.43408271767586,2.8429460116801385e-05,0.00351908774826841
none,287,1.8073849801450634,-0.8131204381949376,2.620505418340001,678.3862029426544,2.7935204757946475e-05,0.009324075244548901
none,288,1.7836719144624957,-0.792651589576868,2.5763235040393635,384.6722669953632,2.3129435610272885e-05,0.003238709357550761
none,289,1.8420656105001658,-0.8526570133484485,2.694722623848614,347.514821681044,3.551207947220369e-05,0.0037416665632769882
none,290,1.8007722233109034,-0.8123976151631533,2.6131698384740565,308.2532279460634,2.492498930377774e-05,0.0038402864335424338
none,291,1.7942331497572659,-0.7992880901917658,2.5935212399490317,717.5805979518595,2.1888111826845816e-05,0.007865116428181107
none,292,1.709999994298334,-0.7248034650577896,2.4348034593561234,237.1862714756328,1.7342276399355278e-05,0.0017380803137144005
none,293,1.8115516042792934,-0.8248830223857521,2.6364346266650456,285.5497302295245,2.9235663631468206e-05,0.004157421127007399
none,294,1.8246291187685202,-0.8347961185901231,2.6594252373586436,360.3525046322691,2.5711367804735763e-05,0.003708964336925584
none,295,1.7626112225143855,-0.7732208912475935,2.535832113761979,311.6754311405604,2.1898289075498144e-05,0.002127283478517231
none,296,1.819481269804927,-0.8335690273878902,2.6530502971928174,226.12673958976626,2.320636514462418e-05,0.0026475781383705397
none,297,1.735152498518759,-0.7484819680454653,2.483634466564224,288.9084791738202,1.750915819629566e-05,0.0024503645314343783
none,298,1.786663738632942,-0.8009036966805524,2.5875674353134945,257.097506642486,2.08530664351737e-05,0.0026270888402648044
none,299,1.770064557702174,-0.7803690297975322,2.550433587499706,342.4642464452504,2.436951825898065e-05,0.004114126997251887
none,300,1.8170069143490712,-0.8283215000338695,2.6453284143829405,355.4985864416603,2.8118713678639343e-05,0.004895726227523416
none,301,1.8878342081137935,-0.8965083903729221,2.784342598486716,415.8363780979736,5.126891010416405e-05,0.009850670772302802
none,302,1.8116274150805645,-0.8211724316528921,2.6327998467334566,354.83651330647245,2.868683222762014e-05,0.005087380560868981
none,303,1.7268942784967198,-0.7460535490835876,2.4729478275803074,187.6594189665921,1.8243214042079885e-05,0.0016538009504509469
none,304,1.855535306308441,-0.8648078814029846,2.7203431877114257,395.82570555921455,3.34534704410994e-05,0.005931011077019621
none,305,1.839564173272077,-0.8448347249972386,2.6843988982693157,664.9356207561133,2.686324445957955e-05,0.006520067808472947
none,306,1.847910485756544,-0.8570056212599361,2.70491610701648,410.3593492483086,3.33613548958887e-05,0.006278670252743107
none,307,1.8642159788338746,-0.8728999669459073,2.737115945779782,430.727908925385,3.4656805642382764e-05,0.005675776957058124
none,308,1.7410627197683892,-0.7508823174199579,2.491945037188347,383.26550830779007,1.9228663157191527e-05,0.003445590042599869
none,309,1.8549408330217012,-0.8610463939020351,2.7159872269237364,571.2858458496221,2.704909026314973e-05,0.005615515426088486
none,310,1.8282301863455785,-0.8417781854635367,2.670008371809115,279.3637974571098,2.8802709328198256e-05,0.0036594815360925367
none,311,1.7768747205202589,-0.788844695823852,2.565719416344111,297.0127227215461,1.9870034586807334e-05,0.002873188420757786
none,312,1.836897384185419,-0.8481500937691611,2.68504747795458,328.1436015021701,2.8909686610936215e-05,0.003384225469732836
none,313,1.7296264351724766,-0.7426302426878642,2.472256677860341,277.6140448015383,2.3466540937503323e-05,0.0031766562820202218
none,314,1.8368934219478505,-0.8464125128172747,2.683305934765125,405.3731674900587,2.8411130061305363e-05,0.005220395204093956
none,315,1.7908178507532448,-0.7978461767287686,2.5886640274820136,510.8604814618362,2.1079899116821163e-05,0.004413371282055795
none,316,1.8178144873872417,-0.833477919748892,2.6512924071361335,239.54980266316994,3.205255037241287e-05,0.0033972887403935907
none,317,1.800235329994141,-0.8061415887274651,2.606376918721606,608.2192337320042,2.2561024429976206e-05,0.005339485500388392
none,318,1.8457220021704557,-0.8527102415901399,2.6984322437605957,529.5820721291981,3.140576387976844e-05,0.004910657020199153
none,319,1.8019628725792933,-0.8157677605429766,2.61773063312227,233.3616132207646,1.9891877379140874e-05,0.002346755024953347
none,320,1.735195190156553,-0.7463887531020728,2.4815839432586255,333.0102557856718,1.79330251038742e-05,0.002684779454404445
none,321,1.8026348698057628,-0.8115741353002709,2.6142090051060336,497.56858213907293,2.340746655767577e-05,0.0058097968315043115
none,322,1.7604422608912667,-0.7679378673559336,2.5283801282472003,430.3067952092808,2.0054887223709683e-05,0.004325097459372426
none,323,1.8385556400696883,-0.8483998764774479,2.686955516547136,392.8704703232679,2.892227414425918e-05,0.005677430357524494
none,324,1.7514510824985428,-0.7611351844101483,2.512586266908691,370.36211127471455,1.8792100086081898e-05,0.0034743560967222197
none,325,1.7611673585258716,-0.7776637904652325,2.538831148991104,222.73974806165015,1.9234451231985722e-05,0.001882155968171349
none,326,1.7668659371580184,-0.7802669699871465,2.5471329071451647,269.85709954864717,2.446143102346728e-05,0.003184690524838913
none,327,1.8424889839321095,-0.8538959814323753,2.696384965364485,334.79142178823554,2.448355712427342e-05,0.003390021867110889
none,328,1.797011106561878,-0.8077225513087727,2.604733657870651,301.06537522263216,2.049329138983447e-05,0.003090186703963979
none,329,1.8250221956930237,-0.8378850712790348,2.6629072669720584,279.1940595119001,2.784834276739999e-05,0.0036350066340324083
none,330,1.7197395748075388,-0.7253800343068101,2.445119609114349,617.0606096755574,1.7651037616073922e-05,0.004352989667672411
none,331,1.7548131298505656,-0.7684760846915949,2.5232892145421606,279.62567345742275,2.0681369814460997e-05,0.0028787925223727326
none,332,1.7872072221048,-0.8059255560043388,2.5931327781091387,202.1536337311071,2.3060474826207093e-05,0.0016938226309180266
none,333,1.8220576363677108,-0.8310079217744526,2.6530655581421634,437.9230759457862,2.6848613141264646e-05,0.005356063790880489
none,334,1.8039827280639649,-0.8130712064173813,2.617053934481346,412.3025569034713,2.3839886425723947e-05,0.003357579014381729
none,335,1.8180907167167986,-0.8241738932918706,2.6422646100086693,486.7548738178311,2.3268118715847816e-05,0.005232608919672669
none,336,1.8483681176657742,-0.8566166780227159,2.7049847956884903,484.34724839250686,2.811795051818871e-05,0.006076853039304884
none,337,1.76440263014304,-0.7771455936223127,2.5415482237653526,271.04537977194485,2.3509557716832035e-05,0.0027071295532681418
none,338,1.7506712191140694,-0.7591609948857007,2.50983221399977,396.02946607779666,2.3309088209758078e-05,0.0041696838711572795
none,339,1.7363526119427475,-0.7534125192503717,2.4897651311931193,246.779543150737,2.0193904342199597e-05,0.0022760419824353006
none,340,1.806982170242524,-0.8210882842897119,2.628070454532236,258.3307175289097,2.2377112520521186e-05,0.002885905490118476
none,341,1.7948947278708387,-0.8056723386943818,2.6005670665652207,359.9277825895027,2.5030980304738965e-05,0.0036675657036085107
none,342,1.7956337787164987,-0.8122608321727062,2.607894610889205,216.81419219308194,2.4973159301375225e-05,0.0026605889458556882
none,343,1.8022635461450065,-0.8159830459756467,2.618246592120653,264.72991644014064,2.048981206003884e-05,0.0025415113470519464
none,344,1.8442427730530848,-0.8567886144006743,2.7010313874537593,292.9265632574934,2.833895788994286e-05,0.0037223686767800888
none,345,1.8255035526626584,-0.8347798466897599,2.6602833993524184,407.00867489166603,2.4412569453264622e-05,0.00473206863278559
none,346,1.8074570732193118,-0.8142082966529738,2.621665369872286,618.5260283778313,2.195500337790271e-05,0.004460406404860378
none,347,1.8311463666767938,-0.839588389288469,2.6707347559652628,436.4949861113696,2.9071441633679584e-05,0.006274643559395776
none,348,1.8075478375994412,-0.821228359511297,2.628776197110738,257.5649451940648,2.2586280332481407e-05,0.0023752955694513783
none,349,1.7862631867507692,-0.7982161662396525,2.5844793529904218,309.72749471852524,2.253246364839921e-05,0.0029740430747407427
none,350,1.7609736215542722,-0.7735704379427389,2.5345440594970112,266.89227079878293,1.9586630800984186e-05,0.002272245203424661
none,351,1.8097155969592147,-0.8191760203660795,2.6288916173252943,448.43146723216796,2.783305235700643e-05,0.005691178523997661
none,352,1.8316556954662118,-0.838580317985008,2.6702360134512197,498.95606922731264,2.657426595717178e-05,0.006716415354742998
none,353,1.7942866286551575,-0.7999715333960995,2.594258162051257,708.168653908608,2.1094510949488596e-05,0.0016461822526351343
none,354,1.819880658493331,-0.8271422084459388,2.6470228669392695,474.77257062464304,2.7091734155671073e-05,0.004090615670334017
none,355,1.7593629818457572,-0.7743835964276283,2.5337465782733855,222.25897701276023,2.077553425833571e-05,0.0023279597064700176
none,356,1.7783668961067447,-0.7910970731211314,2.569463969227876,281.3260373909416,2.2840946520478415e-05,0.0031439725471288783
none,357,1.821101000222498,-0.8390557728714648,2.660156773093963,211.00702605400096,3.0845589729159434e-05,0.003253945248357969
none,358,1.7588031189513638,-0.7737331206310963,2.53253623958246,224.92741973340915,2.0915800391404886e-05,0.0023177471733636106
none,359,1.7456431399810162,-0.7623757198956231,2.508018859876639,196.09515566950031,2.0348792032584377e-05,0.002006217934531241
none,360,1.8726229229132092,-0.8821267506028087,2.754749673516018,379.6157959916578,3.565646578298446e-05,0.006236148196285028
none,361,1.7801486531672521,-0.7891517591040544,2.5693004122713066,429.52053566373536,1.9282443091363753e-05,0.0035887949147718457
none,362,1.716257802970802,-0.7274734080676057,2.4437312110384077,341.97359765882396,1.5679731661621694e-05,0.0016077015973935272
none,363,1.8150790110863217,-0.81895262275836,2.634031633844682,938.0505287349976,2.387623845909008e-05,0.009130331434120866
none,364,1.7446492994927094,-0.7510228883401544,2.495672187832864,430.25034226871935,1.526768554845591e-05,0.003294819388912884
none,365,1.75081268668745,-0.7579362124176986,2.5087488991051488,510.05066568571465,1.960405118108053e-05,0.002438860451489658
none,366,1.7491847148888728,-0.7612012140685425,2.5103859289574153,317.486069363872,1.989154878655284e-05,0.002585437154871113
none,367,1.756949871931297,-0.7808844275949155,2.5378342995262124,152.83270969296527,2.046701589170541e-05,0.00151078349564598
none,368,1.8046368033373523,-0.8229259687784348,2.627562772115787,199.93028708436967,2.171162785386503e-05,0.0012997895901722886
none,369,1.8008420157855685,-0.8092829378537473,2.610124953639316,423.89096998521785,2.350581432454795e-05,0.004652752812845268
none,370,1.7757843173041705,-0.7849778676793259,2.5607621849834965,375.9117652289345,2.2171657395950693e-05,0.003688865945383883
none,371,1.766451306818365,-0.770241028203697,2.536692335022062,768.8810253715563,2.1202554949846172e-05,0.0074894886895526935
none,372,1.827705835670417,-0.834033207487329,2.661739043157746,575.8570047876868,2.262414631468493e-05,0.006302296766498822
none,373,1.7852320782015227,-0.8005445995273789,2.5857766777289015,232.40073057088614,2.525331133797909e-05,0.002946384634215139
none,374,1.8019592723994875,-0.8129450225020629,2.6149042949015504,311.0463195801755,2.2743129205815733e-05,0.00348976932705987
none,375,1.7676055706558729,-0.781703736333045,2.549309306988918,243.2504195723857,2.1370313795242984e-05,0.0017600586003966349
none,376,1.8020263943501218,-0.8116014370397698,2.6136278313898917,380.26492245354814,2.3128530218161775e-05,0.004096028438765749
none,377,1.7671830495044871,-0.7969059778998415,2.5640890274043286,119.43520135867668,1.989444220859885e-05,0.0011519908702257713
none,378,1.768716562988504,-0.7768836039301427,2.5456001669186468,432.3788635724689,1.9858668016376792e-05,0.0042313500265084075
none,379,1.7897172100367025,-0.8042130533828858,2.593930263419588,262.96382288528633,2.617394116417003e-05,0.003274946361683302
none,380,1.7551788210574275,-0.7613608728817366,2.516539693939164,562.3621595581901,2.054265809475677e-05,0.004080647125390106
none,381,1.7802830426668173,-0.7987898971339445,2.5790729398007617,192.0331234850819,2.1501148071177006e-05,0.0019833593126435114
none,382,1.7782757155371565,-0.794094040618177,2.5723697561553336,198.1098965523962,2.0151254710622322e-05,0.0014963454856441335
none,383,1.856040107947404,-0.8642328906947028,2.720272998642107,355.0034988558827,2.582991197827133e-05,0.004163203988881624
none,384,1.8393071991995862,-0.8484834654916679,2.687790664691254,375.99635956677986,2.329533012914841e-05,0.003055803677002793
none,385,1.7870549863182406,-0.8082640707115012,2.5953190570297417,167.99150889167882,2.3566148748575128e-05,0.001982008909457385
none,386,1.8258864144732796,-0.8404066991892044,2.666293113662484,240.39571024037753,2.3844103595389073e-05,0.0027566603319255007
none,387,1.7845450594696346,-0.7951238481454861,2.5796689076151207,367.357717120201,2.2063515508099867e-05,0.003927454188663078
none,388,1.7785193354269806,-0.7889920718740715,2.567511407301052,328.77319973882777,2.0299373655628238e-05,0.0030527220845320067
none,389,1.8541565128595778,-0.8656983995147823,2.7198549123743603,335.73524367513016,2.8633780639228737e-05,0.003297530277896753
none,390,1.8196265869994503,-0.8296386999587814,2.6492652869582316,374.49481053909915,2.4289620888185738e-05,0.0029376631612618204
none,391,1.821625087447263,-0.8320846021667416,2.6537096896140047,361.07559476138647,2.7405772026378034e-05,0.004429286001587804
none,392,1.8265312480309532,-0.8422040875678903,2.6687353355988437,255.76255949096864,2.2110925787193533e-05,0.002356439355876763
none,393,1.7730193902312743,-0.7823189186176731,2.555338308848947,355.20402533856424,2.0183688628803726e-05,0.002848661739966791
none,394,1.8281159841832146,-0.8356815868315869,2.6637975710148014,482.65952810992394,2.66425463760038e-05,0.006341041825495024
none,395,1.7931199100979507,-0.7994485805852091,2.59256849068316,552.9730306022867,2.086341988969103e-05,0.0055369656031860935
none,396,1.7733345280451072,-0.7880504762743419,2.5613850043194493,236.58217130603637,2.7128149761302713e-05,0.0032102801386614628
none,397,1.7580706390775336,-0.7661786258514252,2.524249264928959,439.19231337973906,2.1379276216335584e-05,0.0016330774721738685
none,398,1.8374013643128622,-0.8517612789236106,2.6891626432364726,259.5870670802716,2.0952564755524327e-05,0.0026910366891296496
none,399,1.8087010327017374,-0.8215960327885581,2.6302970654902955,294.94510419531247,2.862926364043724e-05,0.004197279843378378
none,400,1.784869828359316,-0.7985854588163506,2.5834552871756666,266.88108072165153,2.1540608212973923e-05,0.002875679569221551
none,401,1.7925592053512902,-0.8055669627887513,2.5981261681400416,274.0617853742259,2.46733185699944e-05,0.0022338090847274584
none,402,1.750705988035113,-0.7705063944942273,2.5212123825293404,164.11418238662165,1.78582333091534e-05,0.0013123684173152554
none,403,1.7471867459998776,-0.7670581959218634,2.514244941921741,179.5823058858771,1.766927800288514e-05,0.001576458106727593
none,404,1.7694701727877613,-0.7795421526476581,2.5490123254354193,305.22300229327584,2.143983032977005e-05,0.0032862899144253306
none,405,1.7762900273558249,-0.7915724163734237,2.5678624437292488,219.3992639597767,2.0060473464415807e-05,0.0014769858038284724
none,406,1.8198578058498895,-0.8282420470153466,2.6480998528652364,435.70320996265696,3.2432775145758985e-05,0.007035646230293914
none,407,1.8029463572733269,-0.8098804937625129,2.6128268510358397,560.981886621262,2.617783566937707e-05,0.003542422735864818
none,408,1.7759220536280957,-0.7899106607681774,2.565832714396273,261.23737253919325,1.9987103547608378e-05,0.002216827081652862
none,409,1.8500180383773501,-0.857876123715413,2.7078941620927632,481.5035576645023,2.675763797060221e-05,0.004254617737298691
none,410,1.7704599434161723,-0.7774152801464135,2.5478752235625857,533.22008425867,2.1259470416258065e-05,0.004634618673009102
none,411,1.8452050855826723,-0.8517245994037392,2.6969296849864115,547.7150443088465,2.7002147076821137e-05,0.004129029689605343
none,412,1.8287409469311255,-0.8382397078276981,2.6669806547588237,346.3553877555549,2.4935959778701194e-05,0.004236181315293963
none,413,1.7882796346290544,-0.7970128299903758,2.58529246461943,400.0788804072336,2.056647099045461e-05,0.0034529192600682057
none,414,1.8574352505101555,-0.8679908586462971,2.7254261091564524,377.9345462858803,3.38857933633507e-05,0.005841484688990934
none,415,1.8221629980127574,-0.8352045260703148,2.6573675240830723,281.2614322164299,2.3663398246793338e-05,0.0025792688546429636
none,416,1.7054936820873547,-0.7082938942769893,2.413787576364344,829.0622837258296,1.7027724861831336e-05,0.003637082659734812
none,417,1.8442258519462515,-0.8539734302966505,2.698199282242902,370.43501367108945,2.7266885512675088e-05,0.005031184343017374
none,418,1.7908198597986802,-0.8028123508810596,2.59363221067974,299.3356955171617,2.3568412185611017e-05,0.002809836863193944
none,419,1.764798185712294,-0.7798511755121443,2.5446493612244385,279.9253806305047,2.0940186408000255e-05,0.002897866893028675
none,420,1.7756762206255838,-0.7910793094243925,2.5667555300499765,218.00607767464223,1.555276151664082e-05,0.001492381659417489
none,421,1.7251520010583519,-0.7435687011659571,2.468720702224309,208.71381370069994,1.595634782013914e-05,0.0015041889947278657
none,422,1.8072684067149718,-0.8161985870906947,2.6234669938056667,402.8034541312778,2.571092470399737e-05,0.00520318945825739
none,423,1.7752057842614093,-0.7889301549072688,2.564135939168678,245.9659141518636,1.8757256215003095e-05,0.002297954886778968
none,424,1.7852036783184777,-0.8032172826993697,2.5884209610178472,199.71864957598058,2.410288141193326e-05,0.0023132591371422687
none,425,1.8536034945925635,-0.8590622121337022,2.7126657067262654,600.527255348133,2.2755665445954587e-05,0.006064544133781552
none,426,1.8315866692500564,-0.8370762636531212,2.6686629329031777,669.7393161550584,2.4927905574269327e-05,0.00736039994991482
none,427,1.7691299270054348,-0.7841218869619884,2.553251813967423,236.94280686247234,2.186504940752433e-05,0.0025050046160790002
none,428,1.833951060719179,-0.8524239825313781,2.686375043250557,199.66411721250884,2.8918090322436335e-05,0.0028447485640258692
none,429,1.7586577755989374,-0.764924559255931,2.5235823348548685,565.7600022746086,2.014295249454061e-05,0.00391161322457288
none,430,1.8109765059856735,-0.8251532842063345,2.636129790192008,271.29997995144583,2.5028847245440328e-05,0.003337128498092485
none,431,1.827564559859882,-0.8366116307768371,2.664176190636719,410.720685367511,2.5149128768411216e-05,0.003588111760515892
none,432,1.8131065212409412,-0.8314665204237455,2.6445730416646867,198.59006499149737,2.617447006155252e-05,0.0024079706242907677
none,433,1.8488486090316087,-0.855950842091794,2.7047994511234026,523.0427349705813,2.8169028945431752e-05,0.007039448095562711
none,434,1.8121906777683534,-0.8198433098599471,2.6320339876283008,480.8938667318834,2.5062036543704e-05,0.0052925427393433816
none,435,1.8160177895873053,-0.8345923112339941,2.650610100821299,196.3380608384178,2.790710824507629e-05,0.002664133219929642
none,436,1.721600123636342,-0.7329574954600009,2.454557619096343,297.8376911962897,1.7904023114382814e-05,0.0018768806552300445
none,437,1.7834666965230874,-0.7892554479375681,2.5727221444606556,504.40648382079416,2.0240794718791137e-05,0.0032202074554834484
none,438,1.7945974134192018,-0.8093394950337136,2.6039369084529156,232.52117220776728,2.229953770684816e-05,0.0025750707956043637
none,439,1.7917569725116866,-0.8012916377000113,2.593048610211698,335.9967938330735,2.5647404366713027e-05,0.003520192639449251
none,440,1.7200421237652324,-0.7320238649572314,2.4520659887224636,296.9526856061678,1.6664552424025796e-05,0.0023915141254016634
none,441,1.7953808724685951,-0.803987431133357,2.599368303601952,427.5967944183322,2.2342518807249613e-05,0.004762618328444554
none,442,1.793828117649836,-0.8033358047355096,2.5971639223853455,273.7606143142411,2.159131002148814e-05,0.0029453173432420223
none,443,1.7317998760170186,-0.7391768019486378,2.4709766779656563,591.548036938804,1.9541005808339576e-05,0.0035686511405592478
none,444,1.817556219775556,-0.8307102761640561,2.648266495939612,280.78229846810643,2.543347909991561e-05,0.0026463124091549556
none,445,1.8065213224347003,-0.8175287680925816,2.624050090527282,379.3210713704625,2.277137681151991e-05,0.003502340644692583
none,446,1.7815548000365182,-0.7889364691163011,2.5704912691528192,412.3375539033469,1.8545158909785957e-05,0.003638430103804912
none,447,1.703911966764164,-0.711900066137935,2.415812032902099,422.6589340156444,1.7554100454779398e-05,0.003632538609251259
none,448,1.8013330320418586,-0.8263759366254615,2.62770896866732,152.14178098017774,2.7050604957271594e-05,0.001889242665074029
none,449,1.785863063921741,-0.791991585037049,2.57785464895879,612.4355216360634,2.071605389492373e-05,0.002142394569062024
none,450,1.8267161927762097,-0.8375742762314057,2.6642904690076152,340.1432163186507,3.039742090194062e-05,0.005178920673905665
none,451,1.8580731878193613,-0.8653885791150229,2.723461766934384,535.9329321767657,2.8481334801230482e-05,0.005370081905015065
none,452,1.7220721911994061,-0.7326309913055082,2.4547031825049146,344.54407735736453,1.8812596771702363e-05,0.0028357221373465544
none,453,1.7679345362992869,-0.776186213758233,2.54412075005752,410.2131049457851,2.271216516620128e-05,0.004331706046627447
none,454,1.7327736466533152,-0.7458267473279886,2.4786003939813037,265.0151655065744,2.0203193191267125e-05,0.0023576626877065297
none,455,1.7918985711774846,-0.8032464656335875,2.595145036811072,310.97171240653734,2.1905124742855383e-05,0.002720925502187122
none,456,1.8361106033366312,-0.8412408253382948,2.677351428674926,584.5729734443613,2.8187811014063896e-05,0.005226316642022647
none,457,1.7646431359569172,-0.7796093021345056,2.544252438091423,238.0912423555771,2.3363844782632506e-05,0.0021703116045819182
none,458,1.7219840464431067,-0.7337959665155205,2.455780012958627,324.3532418990436,1.8543240961158784e-05,0.002933808737988002
none,459,1.7974212503632383,-0.8069949078610033,2.6044161582242413,455.2452163056197,2.1600549591722917e-05,0.002625773888028211
none,460,1.7897293006914081,-0.794616417844307,2.5843457185357153,684.517187099111,2.178811477554759e-05,0.006424762893542193
none,461,1.7282124553359721,-0.7349887733792534,2.4632012287152256,526.5551513001591,1.7973731526802796e-05,0.004542867879128844
none,462,1.7701898031609709,-0.7862466935680895,2.5564364967290603,212.3941219706968,1.9537992789975256e-05,0.002065950388650723
none,463,1.762552207965961,-0.776568204889478,2.539120412855439,243.88862605750052,1.6703332639241963e-05,0.0015718292013284087
none,464,1.763804852363186,-0.7773928153176246,2.5411976676808106,256.25000069861323,1.791839342324842e-05,0.00220129014069217
none,465,1.7772999003038108,-0.7868055833941567,2.5641054836979675,431.5508065805513,2.052255756253979e-05,0.003450573734423443
none,466,1.7618673641060496,-0.779629436329097,2.5414968004351466,196.38462670794954,2.1102911051657132e-05,0.0020228411742305654
none,467,1.7693186220337656,-0.7787760076562099,2.5480946296899756,393.63020807019944,2.02048355415008e-05,0.0019624002201608435
none,468,1.7792819358129224,-0.7917341060841092,2.571016041897032,263.2567299724257,1.6468026329023982e-05,0.0020558292034397446
none,469,1.789957996683334,-0.8001572873487187,2.590115284032053,354.7778050537711,2.601368635596693e-05,0.004619844462254103
none,470,1.8097110328370838,-0.8215349716244499,2.631246004461534,316.68853286322377,2.171638694738534e-05,0.0028442005470490214
none,471,1.8095898037087206,-0.8308554049137927,2.640445208622513,184.22682928088102,2.6638388840988323e-05,0.0024576520812457712
none,472,1.8404621451460155,-0.8485253200748977,2.6889874652209134,440.29384331208075,2.8221576646154586e-05,0.0031650320595164334
none,473,1.816507225206566,-0.8351190201718797,2.651626245378446,206.73556265593615,2.139274021337482e-05,0.00220673398834564
none,474,1.7525865597181636,-0.7628900997123087,2.5154766594304725,366.660148435144,1.9325571805153298e-05,0.0034421019603219135
none,475,1.806624638144392,-0.8321122600853826,2.6387368982297748,135.39248561824436,2.5225662879678045e-05,0.001583536968832486
none,476,1.765256479941983,-0.7667897900956424,2.5320462700376254,1638.2475296400455,1.9064311676903964e-05,0.011114004720365339
none,477,1.8110564204273556,-0.8240377468005423,2.635094167227898,286.2033516046343,2.8121662477295986e-05,0.003124621167890263
none,478,1.7823301033064272,-0.7932064688481207,2.575536572154548,375.40325150563797,1.974595847832085e-05,0.0018216405329301458
none,479,1.765962766105481,-0.7748642713087716,2.5408270374142528,423.9722003994385,2.0097713355713212e-05,0.00414505087378265
none,480,1.825915365831718,-0.8347440866838869,2.660659452515605,433.4504507895429,2.5746019403338413e-05,0.002793885048494743
none,481,1.7837476541381523,-0.798467484707204,2.5822151388453563,259.40618351056503,2.3944873730067165e-05,0.0018495049442871611
none,482,1.8203628351429653,-0.8285594936694928,2.648922328812458,472.4992114719489,2.1479315459961568e-05,0.004946600700010262
none,483,1.7835854668940034,-0.7945439673908196,2.578129434284823,319.2366548660458,2.4687584885447166e-05,0.003153104038450666
none,484,1.7583055644838332,-0.7642004660104885,2.5225060304943216,571.6851140956807,1.9164518060614706e-05,0.005379806175268594
none,485,1.8270699048080583,-0.8353236002843263,2.6623935050923846,442.0102366376476,2.948155657698376e-05,0.003987569783307233
none,486,1.7889460916209716,-0.8014500218243275,2.590396113445299,338.9829349083155,2.192731783022409e-05,0.003641447995698066
none,487,1.8266560937849508,-0.8332569938815791,2.65991308766653,592.4398894744054,2.507676279012421e-05,0.003840384724974787
none,488,1.8059649120805688,-0.8134820090239339,2.619446921104503,483.15400416875826,2.2104527872447363e-05,0.003317257846649546
none,489,1.7727745165118134,-0.7826241691197648,2.5553986856315785,365.08041282582064,1.830142818062255e-05,0.0028128759168926337
none,490,1.8291032377387952,-0.8396515588597002,2.6687547965984955,355.77453962107194,2.627827290814684e-05,0.00429069459013599
none,491,1.81959054826259,-0.8302271220692882,2.649817670331878,359.2916622341707,3.0047823664830844e-05,0.004435336006053425
none,492,1.7362040226340127,-0.7485010584924089,2.4847050811264215,299.9929032175855,1.855682787805634e-05,0.002717394347530017
none,493,1.8349252252834425,-0.8417164783630132,2.676641703646456,539.702093867213,2.6068376532286004e-05,0.0044438151661810405
none,494,1.837429968582374,-0.8425817718200288,2.680011740402403,555.2723942566221,2.2150962002497922e-05,0.004147551283807925
none,495,1.7667578850561965,-0.7773304580922376,2.544088343148434,338.5630122585834,1.831232031858235e-05,0.002107010663799147
none,496,1.7777024376315316,-0.8115201956015904,2.589222633233122,115.71973120253438,2.385820004925372e-05,0.0013449874873021886
none,497,1.7953742581842638,-0.8092106157295916,2.6045848739138555,258.1381749794467,2.4146735860305912e-05,0.0023109965638433197
none,498,1.774805687803141,-0.7857796206205071,2.560585308423648,316.5641104406598,2.2246616486354658e-05,0.00346236597760838
none,499,1.772240385295523,-0.7815085648237771,2.5537489501193003,370.272832813945,1.957479463207028e-05,0.003578320989222243
none,500,1.7457446956647729,-0.7643582914495126,2.5101029871142853,193.96222516820407,1.9328152368263936e-05,0.0008763560499692013
none,501,1.7822591205066447,-0.7949372686565832,2.5771963891632277,275.6038389852476,2.0557971264028013e-05,0.0019264338350217871
none,502,1.786773960788881,-0.8072550888673835,2.594029049656265,170.11464122671407,2.136155397643928e-05,0.001342539593864843
none,503,1.737161170974843,-0.7524257418664495,2.4895869128412924,247.50367506977835,1.962857597310715e-05,0.002388610672933377
none,504,1.8044855182458506,-0.8133241314582415,2.617809649704092,410.0076073100196,2.410269086366469e-05,0.0048377303373501376
none,505,1.7424981377348494,-0.7581432837114753,2.500641421446325,199.0723527203947,1.6600416155077707e-05,0.0012913987074518014
none,506,1.7385816857116456,-0.7444822395432485,2.483063925254894,530.2695293423099,1.502247343262205e-05,0.0031982777854504905
none,507,1.8031212860914785,-0.8138376739681981,2.6169589600596765,361.6654738870215,2.4161584435342977e-05,0.0033458741621982943
none,508,1.741651740042871,-0.7505246482146611,2.492176388257532,423.9958396149739,2.0750117453661315e-05,0.003135972601701853
none,509,1.827750935397558,-0.8366866600695416,2.6644375954670996,440.83502197076007,3.35853085111585e-05,0.007209680258866508
none,510,1.7806662251199774,-0.7873170372032835,2.567983262323261,566.7575484755266,1.7591097516622342e-05,0.0035220558943723107
none,511,1.813941725769056,-0.8248384908169456,2.6387802165860017,335.24159043763984,2.7852140579696406e-05,0.004536777900813773
none,512,1.8355457013069512,-0.8423503030371442,2.6778960043440954,499.6699840820177,2.4312341188633194e-05,0.004943672700303552
none,513,1.8042355867849278,-0.8200707223339018,2.6243063091188295,259.79601142161624,2.4304945612483014e-05,0.002816980578903379
none,514,1.7541445951508519,-0.7804541561459315,2.5345987512967834,163.17293451810914,2.1968647902072085e-05,0.0016096266780097404
none,515,1.803216919357488,-0.8170077043593087,2.6202246237167968,262.3705050636087,2.3135526235854888e-05,0.0027509913982000276
none,516,1.8324649553402024,-0.8510974993328033,2.6835624546730057,202.25102186683094,2.8952714052601393e-05,0.0026705597229575747
none,517,1.8108584675374244,-0.8224992151511192,2.6333576826885436,301.52517796021186,2.657912105400763e-05,0.003586702819992717
none,518,1.7778945385277984,-0.79820610791424,2.5761006464420384,179.8866693572802,2.340817069325504e-05,0.001583515416683247
none,519,1.7443030497169096,-0.755674631244832,2.4999776809617416,278.0483710800548,1.8068244224538153e-05,0.0025366954770767018
none,520,1.8028174149398257,-0.8117701382514664,2.614587553191292,397.5174011945092,2.5846584779216746e-05,0.005085581578141776
none,521,1.8026131191216916,-0.8197221854627564,2.622335304584448,229.55644830712345,3.0902091506062896e-05,0.0034871107891995034
none,522,1.8083159050972688,-0.8211496192775257,2.6294655243747944,261.17336740212403,2.2309948376018213e-05,0.0028753348562992006
none,523,1.8592033670355972,-0.8680181381355018,2.727221505171099,381.1172435345881,2.8547273839731567e-05,0.005450829212327551
none,524,1.812107466793795,-0.8292160872701514,2.6413235540639466,194.58103802185497,2.842030914893337e-05,0.002349569596443212
none,525,1.7636644083442177,-0.7732731963264446,2.5369376046706624,368.5281854108669,2.1216050591674196e-05,0.0034126191196654906
none,526,1.784220964718736,-0.7957282306207524,2.579949195339488,262.7248273537661,2.0408647189726695e-05,0.0023620181587512682
none,527,1.7788472813366547,-0.7957451027361676,2.5745923840728224,220.04703530377208,2.079516028362892e-05,0.0022952833262355884
none,528,1.8409928710884762,-0.8519283379865937,2.69292120907507,339.575177891877,2.644512816814184e-05,0.003802883343429153
none,529,1.7686641622983401,-0.7754117229635822,2.5440758852619223,474.76378264126333,2.26399215507685e-05,0.005272849442348566
none,530,1.8353366908573712,-0.8433959174782577,2.678732608335629,483.79577546069635,2.3316637918592738e-05,0.005459762673064517
none,531,1.8434441539919717,-0.8551213499478899,2.6985655039398617,310.6443170593126,2.9033860685774744e-05,0.002130749953109502
none,532,1.785818276601777,-0.7945408305371326,2.58035910713891,335.35118979408185,2.0497246068444663e-05,0.0025881369996083436
none,533,1.8565911649445261,-0.863107329239588,2.7196984941841142,552.5142843754847,3.176597446756871e-05,0.006861401007585542
none,534,1.8218148913487406,-0.8362169857864041,2.6580318771351448,252.76148143448867,2.5614600801148173e-05,0.0027154645735500064
none,535,1.724283582187975,-0.7331031055663487,2.457386687754324,396.7179992767007,1.93605200942055e-05,0.0038017956388589026
none,536,1.801613066648316,-0.8081448290388933,2.6097578956872094,797.5365659891321,2.27371697523078e-05,0.008985246266348335
none,537,1.778279897635344,-0.7880657896935076,2.5663456873288517,345.03436722657295,1.984082277158754e-05,0.0031439226756320446
none,538,1.7946049430286195,-0.8031233318922881,2.5977282749209074,425.43478972608915,2.4978119058547896e-05,0.004901170425099344
none,539,1.8185695939563895,-0.8258917803207989,2.6444613742771885,500.318610904867,2.5911538434965006e-05,0.005807351650245338
none,540,1.7485665321468926,-0.7546596335569353,2.503226165703828,532.0866689160356,1.503402914767877e-05,0.0035537089619804645
none,541,1.8329886564428177,-0.8458686380469076,2.6788572944897253,274.5906229333024,2.3587166423191894e-05,0.003211480154098229
none,542,1.7769866458847272,-0.78498832262699,2.5619749685117172,463.262121695061,1.9556577112095526e-05,0.0031429495409849035
none,543,1.8231796646823581,-0.8337398172259851,2.6569194819083433,350.47841073316516,2.1161267927977123e-05,0.0025741738758803313
none,544,1.780136826220018,-0.7942181697106839,2.574354995930702,248.51700454068336,2.1783728127954677e-05,0.0027082559356072576
none,545,1.796452061891318,-0.8045438407973422,2.60099590268866,460.64393063824906,2.6973976091563927e-05,0.005066637997521285
none,546,1.7510022419800828,-0.7591253353895691,2.510127577369652,395.5447458554043,1.7811131848357274e-05,0.0030609707375288077
none,547,1.7895820483993543,-0.8124577546739438,2.602039803073298,154.238248145122,2.410486325251206e-05,0.0018282919427114882
none,548,1.8366692933335338,-0.8451948853838924,2.681864178717426,411.1876985142702,3.009709835695689e-05,0.004352024846900763
none,549,1.7502524759627949,-0.7655822564642502,2.515834732427045,229.60289018689116,2.1934613424756232e-05,0.002472471520971775
none,550,1.7510036860812117,-0.7664930674855335,2.5174967535667454,250.24445147663556,2.0920276437725368e-05,0.002297319405996811
none,551,1.7845747872854774,-0.793934021993647,2.5785088092791244,370.89794452833246,1.7910788093895586e-05,0.0020986299874171522
none,552,1.8407038080069025,-0.8584331845360842,2.6991369925429867,175.82286795143054,2.3621490669673874e-05,0.002097615789900447
none,553,1.7692470102901348,-0.78610809208507,2.555355102375205,187.48836765448033,1.8573457777186844e-05,0.0016684118246006639
none,554,1.7860320682436175,-0.8004470491066463,2.586479117350264,249.90884671902484,2.7448066078657532e-05,0.0023475163107463557
none,555,1.798999558489778,-0.8054988237370345,2.6044983822268124,331.47005960571875,2.1357262177364948e-05,0.0035291306028000335
none,556,1.7948142457575,-0.8055728248649425,2.6003870706224426,348.74929478058044,2.3041985976505856e-05,0.0033787073443704665
none,557,1.7712064484821932,-0.779417323236364,2.5506237717185574,459.0806814107366,2.3194001175709522e-05,0.005344727865122497
none,558,1.7099098767983607,-0.7214980560954234,2.431407932893784,313.179966414781,1.4920615196379813e-05,0.0022472049060776674
none,559,1.8388988740309122,-0.8455771522942546,2.684476026325167,543.6115478733617,2.3340149896377595e-05,0.006333862558112165
none,560,1.7361501627292322,-0.7487620853250184,2.4849122480542505,286.6025780208215,1.9372739103530254e-05,0.0022245623031717076
none,561,1.7799852346762948,-0.7868488890897556,2.5668341237660504,515.6029833674685,2.2778156970037003e-05,0.005850396487503269
none,562,1.8113160422823784,-0.8250794766100648,2.636395518892443,246.7355562110092,2.912955511106749e-05,0.0024970030625091574
none,563,1.8257249479917799,-0.8463121471296421,2.672037095121422,178.98152937710597,3.2242086589325154e-05,0.002767021719068297
none,564,1.8040560074858334,-0.822235617963586,2.6262916254494195,223.3361879220096,2.3842021689351317e-05,0.0026028159409099316
none,565,1.756927003234703,-0.7698833026228419,2.526810305857545,277.57473867591034,1.9091304621684808e-05,0.0025070222270670442
none,566,1.8157423972643192,-0.8231904944473576,2.6389328917116766,486.19788225564815,2.620224199455755e-05,0.006382411526897365
none,567,1.7791258581762104,-0.7865348520704043,2.5656607102466147,439.0531205919206,2.312215405657781e-05,0.005035171654724598
none,568,1.785851788288005,-0.805534872271539,2.591386660559544,170.76952315389966,2.519819293936949e-05,0.001986477811503073
none,569,1.744025218085547,-0.7493161298399591,2.493341347925506,610.6297426178124,1.9485006042725857e-05,0.004783719287874574
none,570,1.7437539144000083,-0.7533667951789305,2.4971207095789385,444.5819844240402,2.100058004107612e-05,0.003448925934842871
none,571,1.850797359801406,-0.8596449279303838,2.71044228773179,383.8319784147691,2.8100800439677734e-05,0.005397920401371278
none,572,1.7930545394669484,-0.8069848525573537,2.600039392024302,258.73015387567756,2.1081230445646557e-05,0.00222161502999827
none,573,1.8548803796532385,-0.8709650797890873,2.7258454594423256,233.7186279985537,3.128949829502448e-05,0.0033722871563443744
none,574,1.7803258770909387,-0.7874331790095149,2.5677590561004537,503.6489736767832,2.0778639056195057e-05,0.004806676298931476
none,575,1.7770472160618231,-0.7873717831211509,2.564418999182974,306.5112188111353,2.4685002323723663e-05,0.0037880262542497422
none,576,1.7995160870444338,-0.8130784470293521,2.6125945340737857,204.1683993099646,2.394003745311707e-05,0.0024226977175247095
none,577,1.7601436482922437,-0.7805041387872981,2.540647787079542,161.51447543505893,2.0029404304894e-05,0.0014299279404443187
none,578,1.7479088570728885,-0.7574166878222949,2.505325544895183,394.6857029755065,1.8780012376953554e-05,0.0034931860986104324
none,579,1.801809969366198,-0.8179732439713432,2.6197832133375414,231.67465706100964,2.7835552345440145e-05,0.0026989177544472615
none,580,1.818388148549101,-0.8301836121730878,2.648571760722189,300.5207288426829,2.8187458624033546e-05,0.0032959306798706063
none,581,1.8048765805507587,-0.8244684749500136,2.6293450555007722,182.2690204770356,2.5523586949987697e-05,0.0023313153634881493
none,582,1.7263708310130892,-0.7360766421762397,2.4624474731893287,373.9093738151965,1.857993484532085e-05,0.0028606761274769755
none,583,1.8273459859090062,-0.8392598591402445,2.6666058450492507,306.6926754249198,2.5829734631354663e-05,0.0038664719605023125
none,584,1.749812423007908,-0.7630940216640103,2.512906444671918,253.64991768505817,1.930186176588586e-05,0.0021070585660959568
none,585,1.762275324759668,-0.7676429757844324,2.5299183005441006,626.1677889914183,2.0408589752555356e-05,0.006005660162718072
none,586,1.8132290356171437,-0.818562171012425,2.631791206629569,732.5722750702165,2.3452596208202794e-05,0.002919922109166091
none,587,1.7862910078708005,-0.7953568140855425,2.5816478219563432,375.4706205074539,2.3347041512219828e-05,0.0041849598131531735
none,588,1.8640536100998875,-0.8722978624157024,2.7363514725155897,449.0427622881384,3.728388603231256e-05,0.005685148791663065
none,589,1.7421864913963663,-0.7657096590234113,2.5078961504197776,132.13755849085564,1.7229797525605784e-05,0.0011426890938523563
none,590,1.7896949973778546,-0.8000485093904623,2.589743506768317,397.56633607986373,1.9185004542508852e-05,0.003266558933460521
none,591,1.8472079552045642,-0.8568263724437143,2.7040343276482783,407.5388270439971,2.9215161083625575e-05,0.00579133060997607
none,592,1.7501774083844135,-0.7654937387239701,2.5156711471083835,234.26640287528795,1.974983916965987e-05,0.002210741663885335
none,593,1.788729164334676,-0.791936510793175,2.580665675127851,826.1169151645522,2.2547424818955553e-05,0.006546183246474119
none,594,1.847446533865904,-0.8525344804750964,2.6999810143410006,625.1429843477678,2.6370041303873035e-05,0.0042061565866976435
none,595,1.8358882978038906,-0.8516942533166102,2.6875825511205007,234.91140247767436,3.104189325511689e-05,0.0032095419567683484
none,596,1.7964400988244935,-0.8057054286077054,2.602145527432199,417.65027103793506,2.010826492844075e-05,0.004180744098381797
none,597,1.7598866698099382,-0.7659668250675025,2.525853494877441,537.2802092662859,1.9543120931539426e-05,0.0037297052046199584
none,598,1.7967147027860055,-0.8118633882077718,2.6085780909937775,233.47429615690692,1.9484108612529295e-05,0.0022035353833702114
none,599,1.7412262752567587,-0.7565575755247645,2.497783850781523,233.81274993281943,1.832505404892335e-05,0.001252394784788184
none,600,1.8174265657444935,-0.836285065483792,2.6537116312282856,197.63895583992246,2.9032713615533e-05,0.0028532963460504877
none,601,1.8111520944579713,-0.8190480139573079,2.6302001084152793,433.27207446858677,2.658176658187905e-05,0.00518606069487248
none,602,1.7944270427224618,-0.8062602855130994,2.600687328235561,321.5014526999415,2.533480073219161e-05,0.003486404729367893
none,603,1.73476181780927,-0.7390241114672282,2.4737859292764983,814.2953852407018,1.917552370053928e-05,0.002966748957419819
none,604,1.8319419090534665,-0.8419854544961659,2.6739273635496326,358.6267224358562,2.8717654083553097e-05,0.00510548538631817
none,605,1.8553766882749472,-0.8663089381065445,2.7216856263814915,349.3665621624208,3.065413658967422e-05,0.005362379216369713
none,606,1.8148576029540937,-0.8261389464031064,2.6409965493572,349.17854160326976,3.132131105275729e-05,0.005460943999991751
none,607,1.846282955734338,-0.8571177172271707,2.703400672961509,369.17202566849187,3.1543854504180284e-05,0.005596077729171021
none,608,1.762950764193785,-0.776136967280753,2.539087731474538,253.60245998495444,1.9521747556449677e-05,0.002005979821414394
none,609,1.822696997176296,-0.8345242691794952,2.6572212663557915,315.98767807309446,2.481295340665303e-05,0.0026554159752511988
none,610,1.7809767444695166,-0.7857693848436506,2.566746129313167,740.8011365531632,1.8522475994022826e-05,0.0060386311281562695
none,611,1.8058272862764668,-0.8129769216952175,2.6188042079716842,499.16385761162724,2.199370777002021e-05,0.003947229749218217
none,612,1.8019725726749716,-0.8053587095889128,2.6073312822638846,605.975448394584,2.2629277607507867e-05,0.005797562281279841
none,613,1.7540074807392718,-0.7609639609314545,2.5149714416707263,475.54809830366423,2.1204706029807896e-05,0.001171226650937794
none,614,1.8533055619745062,-0.8680078424170221,2.7213134043915286,241.40784372348207,3.140985384097669e-05,0.0036796394995547515
none,615,1.7219045133598674,-0.7373170208215857,2.459221534181453,227.8122405449925,1.564990199080232e-05,0.001522732203281033
none,616,1.8374343668096695,-0.8480856282786225,2.685519995088292,338.91961906797746,2.9326863486104325e-05,0.004972570919015022
none,617,1.8160050221071466,-0.8246059753481864,2.640610997455333,355.7093891587302,2.3084635626465996e-05,0.0040006054010612
none,618,1.82333381387848,-0.8311025015649148,2.654436315443395,498.71201837813436,2.5669497226764836e-05,0.005006725527068124
none,619,1.7776969803579246,-0.7859992150450512,2.5636961954029758,415.5103405010182,2.1031807068075045e-05,0.003681199961624308
none,620,1.7497356395384296,-0.7566213368700531,2.5063569764084828,582.2915449260036,1.8521816405913e-05,0.0038307655288776247
none,621,1.783296974476657,-0.789691903516167,2.572988877992824,565.079955223774,2.3592657882973156e-05,0.006590322950985485
none,622,1.778996000333763,-0.7877377257474042,2.5667337260811673,423.02166451007037,2.0403507945863757e-05,0.0022750146674734768
none,623,1.7766184221524373,-0.7923735032025634,2.5689919253550006,224.3147307053574,2.00621739630427e-05,0.0020664397744855046
none,624,1.8536975625627963,-0.8597622989760201,2.7134598615388166,651.6019529892952,2.8413569366576158e-05,0.007671110964967498
none,625,1.8205486729909117,-0.8339717829525478,2.6545204559434596,273.16741430634363,3.1046798882217175e-05,0.003910742994107939
none,626,1.7983048824273562,-0.8072615568081077,2.605566439235464,360.7138231417571,1.85925989964115e-05,0.003293883278685229
none,627,1.8250579245820022,-0.8353724308934865,2.660430355475489,395.2509422520805,2.2530986192206663e-05,0.004349679174869508
none,628,1.797921240642116,-0.809052001490562,2.606973242132678,315.13504794965314,2.7590359821792233e-05,0.00375503242029601
none,629,1.8019171350953642,-0.8086776905212673,2.6105948256166314,500.34771108403373,2.0119031963260897e-05,0.0050437448067636986
none,630,1.7633622403592366,-0.7763465129286032,2.5397087532878397,260.82569791055715,1.866261867206889e-05,0.001309389151662327
none,631,1.7488055243373013,-0.7615849195104265,2.5103904438477276,325.38237691752454,1.760482876186128e-05,0.0027956929701159977
none,632,1.7804250969189614,-0.7901807211883964,2.570605818107358,266.26497119392155,1.9247056795875742e-05,0.002118997558712016
none,633,1.7878442136229007,-0.7965114325488875,2.584355646171788,355.8808124810786,1.5699690290536632e-05,0.0018196660803418102
none,634,1.7655712098808292,-0.7808071034007887,2.546378313281618,232.70437436897944,2.090545506755557e-05,0.0024273514443611606
none,635,1.7446483043111565,-0.7575042282167579,2.5021525325279144,263.4878893214129,2.0780894390685402e-05,0.002317754186573515
none,636,1.829421129768363,-0.842547714804059,2.671968844572422,272.38149041585336,2.9365547347391316e-05,0.004011094201385109
none,637,1.8119230736012901,-0.8199756686859321,2.6318987422872224,380.5391102545433,2.1562417285198726e-05,0.004077432850285127
none,638,1.822985224743007,-0.8310809927874789,2.654066217530486,453.2226680665956,2.9077727621115018e-05,0.00648582034695684
none,639,1.741422729136738,-0.7468413922844283,2.488264121421166,509.47514104606404,1.5994983231832835e-05,0.0026075996483957624
none,640,1.7404478701621608,-0.7495430703281251,2.489990940490286,394.9099046844489,1.715262165419805e-05,0.0033734201560148606
none,641,1.7390567548322151,-0.7466190794223556,2.485675834254571,469.4865668118113,1.78586801599526e-05,0.002427516920792868
none,642,1.848212506845804,-0.8655225425133292,2.713735049359133,211.91178693977486,3.0072196069095766e-05,0.0030943515278110795
none,643,1.7462368883589927,-0.7609360516890478,2.5071729400480405,274.7847270858487,1.918093590158208e-05,0.002129680622258416
none,644,1.8288908236853685,-0.8374483920696105,2.666339215754979,417.69798795886334,2.508133690055838e-05,0.004827652657405196
none,645,1.8224196190898183,-0.8342002032851543,2.6566198223749726,308.5315274445102,2.4294981840951215e-05,0.0028709517880144485
none,646,1.77084818979992,-0.7784985840199303,2.5493467738198503,487.68877920966725,1.807239027741634e-05,0.004344380121965824
none,647,1.8250212179943868,-0.8379859320772062,2.663007150071593,283.14154742398676,2.4630392884065436e-05,0.002808364920273283
none,648,1.7760011144826653,-0.7862080230106241,2.5622091374932894,351.42320227972334,2.433512588444469e-05,0.00375774532291114
none,649,1.7419146839107564,-0.7497009466251495,2.491615630535906,438.9930911488032,1.9008953901070158e-05,0.003482771982260102
none,650,1.8182146115158326,-0.8332268844850306,2.651441496000863,220.08106030095777,2.5472820775575018e-05,0.002780099187598321
none,651,1.811890082298867,-0.8250868716691246,2.6369769539679915,271.31097350981366,2.1288578142378972e-05,0.0024701224292889307
none,652,1.803979288415853,-0.8326412701934045,2.6366205586092573,132.76080120849286,2.673838272288973e-05,0.0015641570951146606
none,653,1.756146954851746,-0.7670907924841518,2.523237747335898,322.88479152197635,1.501454347274363e-05,0.0024312168195716514
none,654,1.8498813300046608,-0.8573851261440238,2.7072664561486848,390.5125981054713,2.7863931743727678e-05,0.005421145828858851
none,655,1.8278324626069573,-0.8454226234832164,2.673255086090174,229.6168221451698,3.164373540753785e-05,0.0032580578123160655
none,656,1.77590405478014,-0.7913099095374497,2.5672139643175895,214.43335377385807,2.148941993662971e-05,0.001918059144207794
none,657,1.85383697272668,-0.8680864026380242,2.721923375364704,258.603939234418,2.9637720510008753e-05,0.003756925028785286
none,658,1.8132551150145964,-0.8243859431183854,2.637641058132982,327.61981538114304,2.471060761047479e-05,0.003245894901914852
none,659,1.7767756086206499,-0.7919152307631746,2.5686908393838244,304.46530678104983,2.3479689039593472e-05,0.002909715866306462
none,660,1.7733312451850722,-0.7854659342457185,2.558797179430791,318.9469047246307,1.6115619075532297e-05,0.0020657477556746463
none,661,1.7416812475259602,-0.7547344764843269,2.496415724010287,361.33246001786074,1.8421354357371373e-05,0.0022858521886096337
none,662,1.7212621084418638,-0.7277158053648064,2.44897791380667,518.1807514029107,1.656969441279476e-05,0.0031530374247798532
none,663,1.7256779569713065,-0.735640883773007,2.4613188407443136,298.8751150069174,1.7738566530639023e-05,0.0025947445217711237
none,664,1.7924980926125083,-0.809380638966887,2.6018787315793954,181.91299760714458,2.2937889952383706e-05,0.00207576487359244
none,665,1.814264998161597,-0.8336257053319492,2.6478907034935464,184.7938076651924,2.330106846953027e-05,0.0020668944602979513
none,666,1.8523252344046512,-0.8760701421350889,2.72839537653974,147.39363178909858,2.9634368866366008e-05,0.002060021008802129
none,667,1.7865819535877037,-0.8096493259283677,2.596231279516071,140.28377244952313,2.3774694777772267e-05,0.0016929660220728236
none,668,1.8052200451701816,-0.8197202532155029,2.6249402983856847,239.85602375165683,1.855478837653945e-05,0.0021481670114276144
none,669,1.7977168399957837,-0.8075018111669715,2.605218651162755,365.5619636341921,2.2768917346009318e-05,0.0022847040246363887
none,670,1.7753632486110138,-0.7863783290106755,2.561741577621689,319.7927076766,2.3421396788029115e-05,0.0034857017199015797
none,671,1.8219638922715373,-0.8407514913089283,2.6627153835804656,212.28278581083867,2.3695943766707805e-05,0.0025249578375541927
none,672,1.8456014273628463,-0.8577686620558793,2.7033700894187254,271.0970194246794,2.651692314105435e-05,0.003296811086182963
none,673,1.8272148895864466,-0.8392878137033948,2.6665027032898414,353.8111727592941,3.116144095314903e-05,0.005423837837066297
none,674,1.7932786197185802,-0.8058300118368417,2.599108631555422,277.8856943050812,2.525300397529127e-05,0.0034979161191846845
none,675,1.761397626187708,-0.775303414381641,2.536701040569349,263.18297292994066,1.8064755109959297e-05,0.0023483007072585297
none,676,1.8257449603697953,-0.833526145324592,2.6592711056943874,412.4876065632568,2.3154036774129805e-05,0.003942607779635381
none,677,1.827787007617204,-0.8430772279806283,2.6708642355978323,234.57014363257622,2.5645856069650853e-05,0.0029691748014447536
none,678,1.7964627893232612,-0.8038222442640143,2.6002850335872756,506.35808500747953,2.2071636419544044e-05,0.005588606127565194
none,679,1.7964200174561042,-0.8080841436426061,2.6045041610987103,317.24460565636247,2.4050549963672112e-05,0.0032324147307702823
none,680,1.7948821646045257,-0.803271571833947,2.598153736438473,489.8040500276832,2.5887242626593775e-05,0.006081047031191097
none,681,1.8112611112164994,-0.8214037129883665,2.632664824204866,409.5514849283892,2.7592809348346917e-05,0.004402294060573188
none,682,1.7733074161099198,-0.7817767868078045,2.5550842029177243,433.52527862489154,2.190197435473617e-05,0.0039036230956475933
none,683,1.7727632527388038,-0.7785304451040322,2.551293697842836,515.8492803353022,1.9291366008959525e-05,0.00480034267239603
none,684,1.726175138548477,-0.74163670021012,2.467811838758597,171.63741435371037,1.796738063098574e-05,0.0013342314663515964
none,685,1.8076185744646502,-0.8227020932999154,2.6303206677645656,227.7486342581503,2.5123875832566353e-05,0.0019416437750105757
none,686,1.7785224119750684,-0.7848538655888249,2.5633762775638935,567.6847440398409,2.122624743023868e-05,0.004045124898747754
none,687,1.785218117998755,-0.7913326542506269,2.576550772249382,539.6030026731656,2.281446663777477e-05,0.005374978877595192
none,688,1.8146578460034242,-0.8315140300873286,2.6461718760907527,204.89689061188062,2.285525558219691e-05,0.0023570972493536574
none,689,1.7630436218951335,-0.774899837109389,2.5379434590045227,392.2295477031454,1.902470689672418e-05,0.0035943167299983462
none,690,1.7879439317767913,-0.7995685799475609,2.587512511724352,410.7285312671725,2.4699434662209425e-05,0.005027384055536157
none,691,1.7801875445330777,-0.7890518161854165,2.5692393607184942,377.35214319064545,2.000222479145268e-05,0.003352928950010305
none,692,1.8086821036036704,-0.8261583008668475,2.634840404470518,209.40458097326305,3.054673983473666e-05,0.0030325818701280845
none,693,1.8080096358176518,-0.8215761146517011,2.629585750469353,258.5601586376442,2.6641509622603657e-05,0.0030426795091233103
none,694,1.7296651298489292,-0.7376364934694795,2.4673016233184084,409.0787654524837,1.9827926577778952e-05,0.0033802152307491657
none,695,1.7784733409994604,-0.7854808066865434,2.5639541476860037,505.48796315117,2.0135343150317307e-05,0.004801205197716447
none,696,1.8001617184859615,-0.8072065225179762,2.607368241003938,497.59052178821423,2.3738579291654287e-05,0.0058071997916862555
none,697,1.8383721468543275,-0.845725957101219,2.6840981039555465,538.0642353398191,2.6916516162231972e-05,0.004699755855749592
none,698,1.7548569467325459,-0.7620603817647004,2.516917328497246,490.6980768795017,1.8975454016939564e-05,0.0033474886763596415
none,699,1.8249744357286422,-0.8294751590849412,2.6544495948135833,786.7281660611134,2.684374697415476e-05,0.010430150885054485
none,700,1.8179454897455243,-0.8308624184113234,2.6488079081568476,283.8370278089738,2.57566919241942e-05,0.003179764000004233
none,701,1.8265785069592055,-0.8376779428790618,2.6642564498382675,358.25235519033555,2.576654516149232e-05,0.004473212295194732
none,702,1.8165459823848804,-0.822558098738491,2.6391040811233712,590.1748688937724,2.465388503171493e-05,0.006966536594023089
none,703,1.7426263739143644,-0.7499307275593816,2.492557101473746,533.8719264141215,1.954924166079012e-05,0.0036264553454790674
none,704,1.7735919212565168,-0.7916080739514135,2.56519999520793,194.20670509992985,1.916348345315077e-05,0.0018559395659872703
none,705,1.7987031520525458,-0.8064807750950986,2.6051839271476442,453.67496289404835,2.1926785046397917e-05,0.004625261341912756
none,706,1.705961770114736,-0.7163009132412156,2.4222626833559517,318.1121115197144,1.6127347578952494e-05,0.001833695010571745
none,707,1.8249894257517287,-0.846418634844144,2.6714080605958728,179.73924266613992,2.5395029628349358e-05,0.002181912386062419
none,708,1.835419618948469,-0.8508153939081143,2.6862350128565833,229.0014284344475,2.6570306033759598e-05,0.00305603437313339
none,709,1.7981949854331476,-0.808729063475927,2.6069240489090744,298.01393111221125,2.0074963800147897e-05,0.002956413161379931
none,710,1.7989304218692317,-0.8087010851969316,2.6076315070661633,381.85832750699774,2.5081675609624383e-05,0.0029202344473080472
none,711,1.7858559159100678,-0.7984316509310289,2.5842875668410965,267.2495569108003,2.1804396443606943e-05,0.0027833165543039782
none,712,1.8056059426573836,-0.8122543619248312,2.617860304582215,622.0126931971282,2.1357652247586296e-05,0.006039192019403648
none,713,1.8393729978729128,-0.851909451436685,2.6912824493095977,283.3484449376251,3.282035042990409e-05,0.0036658376397438928
none,714,1.81782580480923,-0.8270804854214596,2.6449062902306895,380.7609623317307,2.3107599998955543e-05,0.0028500044204867593
none,715,1.7938385410964997,-0.8017386552338637,2.595577196330363,476.15537433825415,2.3894054434610464e-05,0.0054646033034735685
none,716,1.7942567335139956,-0.810307696480123,2.6045644299941184,210.8945589778099,2.6923907417898945e-05,0.0027491121010806744
none,717,1.7987608899636394,-0.8081978236195024,2.6069587135831416,376.79957686430964,2.5693116214338743e-05,0.0027872304300583244
none,718,1.7989873676982686,-0.8065396774314354,2.605527045129704,482.0089846201591,2.2035649806529008e-05,0.005204456405686058
none,719,1.7946958419917045,-0.8016147144707154,2.59631055646242,505.5722844986683,2.0896909152520043e-05,0.003233166326128251
none,720,1.8086476110866914,-0.81437573697954,2.6230233480662313,587.0766463314495,2.2561634154370444e-05,0.00442026516814913
none,721,1.8267261706763291,-0.839577339074045,2.666303509750374,287.1593430019599,3.126619174897722e-05,0.0036109832395528505
none,722,1.7925860791900172,-0.807358365441008,2.599944444631025,214.47807554988273,2.4732561386379623e-05,0.002385586542724134
none,723,1.7146083452267817,-0.7276625104118903,2.442270855638672,289.06910785678986,1.5706288173600313e-05,0.0014458600088407406
none,724,1.8276449947548101,-0.8349220251394265,2.6625670198942366,499.09626170629775,2.293771581028236e-05,0.002889495795096739
none,725,1.8483967633291307,-0.8609902645167551,2.709387027845886,280.46022531826003,2.7045855001178645e-05,0.0033409627288312482
none,726,1.7560710884621022,-0.7749325633683989,2.5310036518305012,187.22516332152554,2.1825389766598393e-05,0.0020078592040310263
none,727,1.7716055574027405,-0.7811168518115923,2.552722409214333,334.42857621966897,2.0739774316486017e-05,0.003287640600654626
none,728,1.7918914976161207,-0.7992073387214984,2.5910988363376193,493.6820555901511,2.238757806645713e-05,0.002301280078403719
none,729,1.8070467101774716,-0.8178308775123992,2.6248775876898707,360.0652069195935,2.5818103377096314e-05,0.004454185729477354
none,730,1.775022332165467,-0.7865917704110963,2.5616141025765633,304.48293644071936,2.0427441462406073e-05,0.0017825106796833467
none,731,1.7941421140442695,-0.8035356231888445,2.597677737233114,378.8717695121561,2.085310311493796e-05,0.0023641509752048958
none,732,1.8415401125193518,-0.8502490620997255,2.6917891746190774,445.4089528638842,3.068233174753892e-05,0.006700009614855808
none,733,1.78487290853332,-0.8015254982955449,2.586398406828865,312.8967027846452,2.2531021305077174e-05,0.003466728122103052
none,734,1.839393563020558,-0.8472534107010079,2.686646973721566,511.1253030975077,2.2838409040689192e-05,0.0053600662713553775
none,735,1.8301950688557627,-0.8353124236825402,2.665507492538303,767.4904426629997,2.5579995608850103e-05,0.009777114304039528
none,736,1.7886416728992456,-0.8007896710378196,2.5894313439370653,296.7664249585607,2.2539081127600537e-05,0.0033280526181551943
none,737,1.8066727240752976,-0.8220305679762117,2.628703292051509,241.12034075531642,2.7580513782976372e-05,0.0029438386530186845
none,738,1.828159187024158,-0.8402393952556566,2.6683985822798144,278.26024599247256,3.402004191889463e-05,0.004307103315423498
none,739,1.835985787403864,-0.8478101818891115,2.6837959692929756,288.19554951802235,3.147042314541066e-05,0.004403272361879099
none,740,1.827214898571257,-0.8363407773814964,2.6635556759527534,430.7175009039779,2.9951562225080143e-05,0.0055412683454579325
none,741,1.7443133188184572,-0.7508762728246029,2.49518959164306,447.06627830292985,1.7969642552798787e-05,0.001830840379189281
none,742,1.830021693426166,-0.8387934305460918,2.6688151239722577,360.00356213273375,2.4818725302021803e-05,0.004454601911990713
none,743,1.7602318073505345,-0.7745698020901265,2.534801609440661,220.06887427645702,1.94046493878601e-05,0.0019151381189035468
none,744,1.8088402933152814,-0.8216881673701563,2.6305284606854378,254.7118859629757,3.0673733644235365e-05,0.0028558717403103923
none,745,1.7727249123529745,-0.7826297141241602,2.5553546264771345,388.44400214284775,2.204017106270488e-05,0.003223123711533128
none,746,1.8044768328220109,-0.8229819295855286,2.6274587624075396,187.71883215204164,2.3374293344596928e-05,0.00191599535896998
none,747,1.7126944871289904,-0.7342827642535317,2.4469772513825223,157.1756142091134,1.795183214086402e-05,0.0009206678280144532
none,748,1.7378090475458576,-0.7555927742242436,2.4934018217701013,209.92806166853472,2.3068633761529588e-05,0.0015801777167063708
none,749,1.8046860547249817,-0.8171612032179602,2.621847257942942,286.9226047724848,2.1302327375456558e-05,0.002116716487629351
none,750,1.7295344964676753,-0.7399959739539751,2.4695304704216503,328.0120688039536,1.8793911849868637e-05,0.0023959123459425546
none,751,1.7351825998308805,-0.753377385290258,2.4885599851211384,163.15131551617915,1.8849273416311112e-05,0.0011363019683572992
none,752,1.8380784678876498,-0.8529603646990077,2.6910388325866577,256.0532661950896,2.84835336736536e-05,0.0034630593535830063
none,753,1.8120202168911788,-0.837480945793044,2.649501162684223,147.98600099850054,2.7321803917193955e-05,0.00188804196727271
none,754,1.780094199245034,-0.7939338273203943,2.5740280265654283,215.49680572670871,1.846467548510854e-05,0.0016301462884211776
none,755,1.8263641901952852,-0.8380707501140221,2.6644349403093073,307.79589878760135,2.6993126932634004e-05,0.004167936917657786
none,756,1.7429880714327248,-0.7564105943802765,2.4993986658130014,248.45391183259707,2.1721709513960324e-05,0.0027086296562308
none,757,1.788708030309066,-0.8017278104703568,2.590435840779423,272.22297196864974,1.9931658343131254e-05,0.002188902153989565
none,758,1.7945695643430715,-0.8049951653262556,2.599564729669327,282.4802450627812,2.3740965490753278e-05,0.0030938636238177913
none,759,1.7749684675185122,-0.7826369452561843,2.5576054127746968,530.7328317043728,1.6403650119108625e-05,0.0043630639058718146
none,760,1.806593584734804,-0.815924012844587,2.622517597579391,385.38763086966844,2.350394709676063e-05,0.004546941851154244
none,761,1.8360836609749842,-0.8449676502815202,2.681051311256504,421.90058867862047,2.401579041970761e-05,0.004586340509002518
none,762,1.8186498568513156,-0.8266242713144099,2.6452741281657257,471.3288366267669,2.416878584737478e-05,0.005163325532226542
none,763,1.851093939593486,-0.8598090727956814,2.7109030123891675,437.824922038792,2.8465350671093813e-05,0.00622390966206307
none,764,1.8576005148826285,-0.8722017282898636,2.729802243172492,272.38048944128764,3.0206144158250944e-05,0.0035388111422529614
none,765,1.806294982804075,-0.8145869428116138,2.620881925615689,438.80103316191713,2.3069114208251924e-05,0.004853286238088822
none,766,1.818291486799055,-0.8263613968010708,2.6446528836001257,446.3573519573746,2.378557971414487e-05,0.0026510271854642583
none,767,1.796520369185309,-0.8020235401657502,2.598543909351059,629.4844993790483,2.520565273881996e-05,0.0050294797472544926
none,768,1.7549646665919238,-0.7600732716359927,2.5150379382279167,481.89246527223565,1.70883765218963e-05,0.0011240696790363904
none,769,1.8241819846550154,-0.832405121986878,2.6565871066418936,472.2127076527423,2.6786514870668666e-05,0.006306168507610881
none,770,1.7552252727266662,-0.7672518634890664,2.5224771362157323,293.4328047501862,1.831892414722036e-05,0.002691755254310892
none,771,1.8091030052098611,-0.8239649399437045,2.6330679451535657,252.63718829526246,2.6375795473347705e-05,0.002863929317286351
none,772,1.8364539477891426,-0.846910240113701,2.6833641879028436,378.14000199759647,2.7769277992269366e-05,0.005167384707067927
none,773,1.771454606382387,-0.7951879608493841,2.566642567231771,142.16789036655203,2.1094390492062878e-05,0.0014642352209767798
none,774,1.8070082715096258,-0.8193769052957792,2.626385176805405,279.66614104899764,2.194363307315419e-05,0.0029549980478088666
none,775,1.8346198541461787,-0.8451702072706476,2.6797900614168264,340.97574859242764,2.35358913616944e-05,0.003936796241054172
none,776,1.8416851699699313,-0.852709376669529,2.6943945466394603,335.7535149737608,2.7616855901554764e-05,0.0032037854519804333
none,777,1.700700599564313,-0.7156033094404417,2.4163039090047547,240.5215558305535,1.613789430635038e-05,0.0015951961604427386
none,778,1.78825640625249,-0.7967522693538022,2.585008675606292,425.56606654377134,2.067017947696842e-05,0.003312743389267838
none,779,1.821664248615019,-0.8315688229864707,2.65323307160149,372.2679463283438,2.9073820198434464e-05,0.005283330151513504
none,780,1.8304659463053443,-0.8447797179559361,2.6752456642612805,304.09042952117846,2.9072339657666355e-05,0.004235060177603385
none,781,1.718505586016048,-0.7302755030817768,2.448781089097825,408.12005773617807,1.827937142726997e-05,0.0035660849586252653
none,782,1.8606564400169634,-0.8670977360326678,2.7277541760496313,499.04714809849946,2.597684320190634e-05,0.003718333154208762
none,783,1.7901003520057714,-0.7994775158697893,2.589577867875561,381.64239993160413,2.2475256229152578e-05,0.0017786747287762
none,784,1.8343535083826168,-0.84673469861627,2.681088206998887,374.0514051546686,3.085076064794894e-05,0.005727937107422728
none,785,1.8032107491947276,-0.8112292547197902,2.6144400039145177,468.7587037701078,2.3182881948034632e-05,0.0033659380056758844
none,786,1.701265325720757,-0.7102417194664223,2.4115070451871796,351.67936012351345,1.3068715374067036e-05,0.0015883530439196373
none,787,1.7437284689230195,-0.7535861569936593,2.4973146259166787,349.7412003025991,1.8623429153799467e-05,0.0026879318980003635
none,788,1.8303157588561376,-0.838198818565828,2.6685145774219654,554.3177174759255,2.4948448364357258e-05,0.0042767066193189745
none,789,1.7981422617069753,-0.8160655109873962,2.6142077726943715,193.10983188493506,2.5289768318627424e-05,0.002194948406938667
none,790,1.815259857138042,-0.8300283808002091,2.645288237938251,258.48687470272586,2.961584935578295e-05,0.00345061867469546
none,791,1.8119619486716168,-0.824466647953888,2.636428596625505,293.5866101323186,2.438765377498365e-05,0.0030386055051248527
none,792,1.7405428034390944,-0.7487760665756932,2.4893188700147877,560.1987289304444,1.6231573597501325e-05,0.004296190676595207
none,793,1.6938410123653165,-0.7015917775245499,2.3954327898898664,595.159828767669,1.5843821938627163e-05,0.004531331468554262
none,794,1.7913287628439254,-0.7997482041691356,2.591076967013061,428.3483839650311,2.1127340409453355e-05,0.004532660590993076
none,795,1.8317458641120317,-0.8367169623675491,2.6684628264795807,723.004266743637,2.3391699051305767e-05,0.007692456450518161
none,796,1.8333617895313374,-0.8439046794578255,2.677266468989163,388.2830232711861,3.042912521236934e-05,0.005897814118557515
none,797,1.6932750431802595,-0.7033338837135119,2.396608926893771,329.56396772524795,1.790122225465247e-05,0.0024588128175901097
none,798,1.8392413770568414,-0.8570156984650691,2.6962570755219106,216.90282624868692,2.6343492542146244e-05,0.002535539259849093
none,799,1.7219527273528294,-0.7291710849866472,2.4511238123394765,306.93813719274414,1.6917622890764115e-05,0.002484411893285281
none,800,1.7890210458570355,-0.7994940870537692,2.5885151329108047,344.286520703877,2.2768912443095306e-05,0.0038556408073761234
none,801,1.7328563954771872,-0.7538668274447624,2.48672322292195,161.09932348276865,1.857168414633485e-05,0.0013134693945755596
none,802,1.8171604217344834,-0.8286243024691297,2.645784724203613,383.7357493217743,2.5369055827805832e-05,0.004733519365208854
none,803,1.7688993109471984,-0.7849111950161147,2.5538105059633134,221.91341065091072,1.761796013527027e-05,0.0019563103692739584
none,804,1.7843927267210682,-0.7951675471034247,2.5795602738244927,388.64702740652655,2.2138662759199623e-05,0.002538610507716997
none,805,1.7658054679938802,-0.7786284222244568,2.544433890218337,379.59891499293974,2.013946467356066e-05,0.0033237140478320176
none,806,1.8429896163204658,-0.8532088343162801,2.696198450636746,509.1813687414221,2.841275463694344e-05,0.005810753658172279
none,807,1.8020952849933785,-0.8171662534279758,2.6192615384213545,246.3110765658809,2.2211863138733943e-05,0.002628352100080018
none,808,1.7557297079313972,-0.7742121538213922,2.529941861752789,138.52548965595744,2.05771146020784e-05,0.0014237651779118324
none,809,1.7793711179277838,-0.78432867566482,2.563699793592604,719.9758080912113,2.0629970521973857e-05,0.005437244594002582
none,810,1.837625677250142,-0.8440205152691058,2.681646192519248,614.1908557819842,2.9374950430082272e-05,0.006646450214085945
none,811,1.8266842283748104,-0.8345801732576376,2.661264401632448,432.4945141116987,2.873598235383478e-05,0.005475032077709855
none,812,1.764687753875976,-0.7814025454477989,2.546090299323775,231.4042968983826,2.2081983809530553e-05,0.002431078101341556
none,813,1.758766616954517,-0.7714603692794918,2.530226986234009,270.71813434519737,2.0596557861197236e-05,0.002360283811045892
none,814,1.7748042091260159,-0.781393533083043,2.5561977422090587,507.44596874341335,1.66547635000883e-05,0.0037776268051994896
none,815,1.8152612716390197,-0.8208994037097341,2.636160675348754,658.6349992945467,2.3007338615741585e-05,0.0075921898484221755
none,816,1.8050806878551864,-0.8194517220379918,2.6245324098931784,231.15951768217582,2.3143406894019988e-05,0.002701030120818919
none,817,1.8203904463860265,-0.8272200691653456,2.647610515551372,553.6573531113121,2.2141124821657178e-05,0.005631859657863049
none,818,1.7465539969223065,-0.7554964754406006,2.502050472362907,353.08366912366876,1.6181153176267338e-05,0.002823706650896715
none,819,1.775172725646226,-0.7866812852951899,2.561854010941416,330.1574550481733,2.3683378931550238e-05,0.0039144245464498625
none,820,1.7815643630901208,-0.7852463240668139,2.5668106871569347,656.2923478212222,1.84035761889665e-05,0.005093221628722859
none,821,1.7839649120548526,-0.7957411102714479,2.5797060223263006,325.66919890897657,2.3409778264177773e-05,0.003338309970280903
none,822,1.6750782322522249,-0.6838900236642711,2.358968255916496,442.5767412094721,1.4672550421249674e-05,0.0022098072643956263
none,823,1.8265966374245974,-0.8364379874269774,2.6630346248515746,405.4686861768965,2.682780710200946e-05,0.00367859871493081
none,824,1.7429162511816323,-0.7542770905699222,2.4971933417515544,402.82900317098563,1.6266591599170717e-05,0.0029078693086258475
none,825,1.8152568805507319,-0.8278188906309105,2.6430757711816426,309.30033250735727,2.8314049636616635e-05,0.0035923467975552768
none,826,1.7933854342309057,-0.8055114960504758,2.5988969302813816,294.43092335671366,2.3714950942101305e-05,0.0025291891187907162
none,827,1.8011319998034072,-0.8103659359576265,2.611497935761034,380.6081193257042,2.5355636847726806e-05,0.004764232262410609
none,828,1.740481972638483,-0.7567434668858337,2.4972254395243167,214.59847631347466,1.754173345766552e-05,0.0014980205668109477
none,829,1.7691914311690762,-0.7757424036159165,2.5449338347849926,553.8327027060612,2.100924868555891e-05,0.005165699581156876
none,830,1.8265961734843563,-0.8357277199440013,2.6623238934283577,416.93097084410306,2.8935153643169266e-05,0.005228474194945108
none,831,1.7248898717348382,-0.7539934084644084,2.4788832801992466,119.7454748869169,1.6503233642786285e-05,0.0009911173921302477
none,832,1.8626415003031493,-0.8730259987113379,2.7356674990144874,376.9089761056997,3.138713184145953e-05,0.004610764690109346
none,833,1.7930165243483662,-0.8024407519282083,2.5954572762765746,382.52403239210713,2.32378054697115e-05,0.003868946732725867
none,834,1.7543887247336472,-0.7769319191091314,2.5313206438427787,142.4413319157757,2.0403501836120403e-05,0.0013954635235214825
none,835,1.7890912631720501,-0.8007419585738202,2.58983322174587,286.6523127761643,2.2632151292060337e-05,0.0029165993497444614
none,836,1.7503651497856498,-0.7580011090137918,2.5083662587994415,456.4616954313982,2.022969669912382e-05,0.0030823294250663866
none,837,1.7902292542965244,-0.807087853204384,2.5973171075009085,236.12858132800048,2.3132591894150373e-05,0.002366862059265296
none,838,1.7903377127632498,-0.8013827320838549,2.5917204448471045,318.7788274161659,2.7864830018930163e-05,0.003311583548616321
none,839,1.7432310591310984,-0.7549164863456894,2.4981475454767876,304.52250024489234,1.714434962681033e-05,0.0019155470258241727
none,840,1.7695643626074695,-0.7848748100592944,2.554439172666764,224.45334303977467,2.392259267270389e-05,0.0026754635840818036
none,841,1.7796692915715893,-0.7881866268473262,2.5678559184189154,435.0704203823385,2.4684124842615923e-05,0.004462461155011855
none,842,1.831104885138251,-0.8484486482210045,2.6795535333592557,193.35693235655856,2.770269969238747e-05,0.002667004029784078
none,843,1.791000570181534,-0.8002538270477009,2.5912543972292346,380.17480536756926,1.993125913149832e-05,0.0036040884624065667
none,844,1.7751566408979154,-0.7935051634991636,2.568661804397079,190.2127632792384,2.1866891858018586e-05,0.0020623890149820477
none,845,1.7678129620752752,-0.7821158758192946,2.5499288378945697,233.35032206382962,1.978052007729379e-05,0.0012634462719019585
none,846,1.8096649404838043,-0.8180676998640973,2.6277326403479018,461.0591057098249,2.517011580448897e-05,0.005437579972586666
none,847,1.7607796348999298,-0.7713880176959146,2.5321676525958443,333.519974065934,2.018670841297818e-05,0.0033626793644455375
none,848,1.8076397741622514,-0.8167927142133039,2.624432488375555,377.7276195330489,2.043037726867517e-05,0.0036084992051814975
none,849,1.7864717108392227,-0.7941747555463766,2.5806464663855992,452.644905489991,2.102990679560962e-05,0.004737285235504638
none,850,1.8214067794838487,-0.8385561361417041,2.659962915625553,209.85906485153305,2.443054170641213e-05,0.002396445674591084
none,851,1.7641490667306763,-0.767545673859954,2.5316947405906305,736.5083907707318,1.6776737836235282e-05,0.0062617694114873055
none,852,1.7940840883511457,-0.8028311588489018,2.5969152472000476,407.50483794629184,2.5868251804141845e-05,0.0034334636613613956
none,853,1.7955630665768543,-0.8041717814636296,2.599734848040484,393.8943423864368,2.523433482974711e-05,0.003942923241821684
none,854,1.7661569427728387,-0.7869578598121036,2.5531148025849424,237.5826764407421,2.079259334287478e-05,0.0024219490726371247
none,855,1.8035803455453687,-0.8165813365592068,2.6201616821045755,275.26732342965806,2.791340106310337e-05,0.0030601148898032346
none,856,1.7854701797094488,-0.801330072094403,2.5868002518038518,243.29585205317719,1.763560218929214e-05,0.00214197726964812
none,857,1.8034060422931508,-0.8103085600041419,2.613714602297293,547.4341279289084,1.9777162806114412e-05,0.0030121373144932563
none,858,1.7297726110285154,-0.7390905558306557,2.468863166859171,311.81615682826606,1.481155786121598e-05,0.0019153734993887423
none,859,1.840167389028013,-0.8472033740488557,2.687370763076869,403.93250739038814,2.2818531214024995e-05,0.004129573349240335
none,860,1.7313907683206398,-0.739454459820133,2.4708452281407727,431.4864403511521,1.8839751935877808e-05,0.0027232253593606195
none,861,1.8164858842329135,-0.8291038702919205,2.645589754524834,276.5232726658448,2.7243146384941207e-05,0.0034089028774133075
none,862,1.7545224243613,-0.7688794594275118,2.5234018837888117,277.1092077654329,1.977401254737261e-05,0.002732942819657483
none,863,1.8313838794539996,-0.8407822467049358,2.6721661261589356,389.22564026341416,2.5906604496034845e-05,0.004193437926519674
none,864,1.7691026098422735,-0.7788962336597414,2.5479988435020147,317.9266318272078,1.895386162891399e-05,0.002141353566415284
none,865,1.7372776385821456,-0.7449541212979629,2.4822317598801087,468.2602546770743,1.8138421862689755e-05,0.00258579360762034
none,866,1.8011269299630057,-0.8146403820914667,2.6157673120544724,277.6814701177393,2.1737570055803315e-05,0.0029252502975630154
none,867,1.8247378974703696,-0.8356921082988762,2.660430005769246,309.09276105896964,2.555251061551328e-05,0.00396805129185048
none,868,1.8051763585570415,-0.8137028682341507,2.6188792267911922,409.11864076295115,2.310151962741161e-05,0.004011557078443719
none,869,1.8078548200349822,-0.8161841551129122,2.6240389751478945,434.9522323255651,2.4726194422172026e-05,0.0053797037230551075
none,870,1.7788050452710715,-0.791123893123502,2.5699289383945736,289.59937792958067,2.126340705213125e-05,0.0025266653805974142
none,871,1.8631575834352705,-0.8732663114005764,2.736423894835847,381.0708725322359,2.93401806289598e-05,0.005633541370606108
none,872,1.8138199218964146,-0.8214575490760223,2.635277470972437,442.0881470298378,2.4176788679719508e-05,0.004716599571093562
none,873,1.7891524043381948,-0.7984906477711723,2.587643052109367,451.330168335512,2.3764133166918368e-05,0.005210749369122384
none,874,1.779060733911244,-0.7866122455400004,2.5656729794512447,550.8174651675519,2.104527897918082e-05,0.0048393758984271755
none,875,1.7453955491951916,-0.7567664922788022,2.502162041473994,269.2173061207709,1.9370736753990172e-05,0.0025409984459246926
none,876,1.761725149911058,-0.78191373438665,2.543638884297708,171.1373987155974,1.9491052205902965e-05,0.0016530737300280277
none,877,1.8210322166256512,-0.8351966237803903,2.6562288404060412,220.06844657315514,2.2796597032588573e-05,0.002423964509819573
none,878,1.79468877574803,-0.8120545340804396,2.60674330982847,212.83903974779318,2.7500519153413148e-05,0.002732579379937124
none,879,1.7730265372372398,-0.7843127091368199,2.5573392463740596,313.99359125019333,1.9361515041050464e-05,0.002964653203212084
none,880,1.7173518226664464,-0.7325759444609253,2.4499277671273716,226.78773639132785,1.9372727408216266e-05,0.0017983234614479375
none,881,1.7817079794787667,-0.7925166310124031,2.5742246104911697,331.4596960622376,2.2231805535705574e-05,0.003399543819448491
none,882,1.8316316729016953,-0.8378439486459702,2.6694756215476656,726.2185968846024,2.6749741966657775e-05,0.006414598271571559
none,883,1.7769054158456035,-0.7898479178693903,2.5667533337149937,259.39398368654844,2.3630018441683255e-05,0.0023359609578955955
none,884,1.847829415922101,-0.8624479027595245,2.7102773186816256,270.07406054347206,3.299150089906746e-05,0.004447776690595362
none,885,1.7716135585547208,-0.7780750277314417,2.5496885862861625,544.630077229662,2.074908189618474e-05,0.003696049366858784
none,886,1.8352650809753774,-0.8428586660705982,2.6781237470459756,493.88626282379016,2.6957578231898323e-05,0.006645697164966156
none,887,1.758331674398141,-0.772659293771183,2.530990968169324,237.86559813288875,2.0679089966435787e-05,0.002251267138781146
none,888,1.7781667752830503,-0.790984111990275,2.5691508872733255,287.8212810748382,1.8614621914023882e-05,0.002694266300318755
none,889,1.8055836253578712,-0.8147002515168748,2.620283876874746,380.37155108407376,2.5022589500263252e-05,0.0043349350271608645
none,890,1.8553977485336137,-0.867254460849711,2.722652209383325,312.8476758818449,2.969000745368499e-05,0.004519589596054061
none,891,1.8417874067424833,-0.8490551947845407,2.690842601527024,289.1569650936209,2.396782970701854e-05,0.0034908002587170804
none,892,1.8348605555692408,-0.8452281382671795,2.6800886938364203,360.0184011019854,2.5986365011381775e-05,0.004467165484318051
none,893,1.873294392182147,-0.8810861133614798,2.754380505543627,506.2648950607733,3.475597650857455e-05,0.008463028901072598
none,894,1.8510531129132117,-0.8603060802299487,2.7113591931431604,445.2013897466245,2.928704674709775e-05,0.006435128586414326
none,895,1.7959528120225352,-0.8112246617734079,2.607177473795943,232.55327107927,2.2751968247578577e-05,0.0026570329851084112
none,896,1.8290944604491914,-0.8348000794078515,2.663894539857043,653.8189745137867,2.1678389411933924e-05,0.006513167560027038
none,897,1.7780453316264535,-0.7886610998261975,2.566706431452651,342.35207610935606,2.0241443316500966e-05,0.0034186038280814624
none,898,1.85713028318118,-0.8655101977817631,2.722640480962943,354.74690310218443,2.9901973645934422e-05,0.003820997317482755
none,899,1.8264427310870708,-0.84652470307962,2.672967434166691,162.13531106449102,2.5389216168915027e-05,0.0020031854888659883
none,900,1.7793092545074736,-0.7963381147169953,2.575647369224469,223.83136759211368,2.029020831109847e-05,0.0017192258076964488
none,901,1.819653219822684,-0.8307525940219885,2.6504058138446727,329.26274869524656,2.5893733667293507e-05,0.002996569358567157
none,902,1.8032907497501054,-0.8187099467099481,2.6220006964600535,237.26492397605608,2.5164153570029352e-05,0.0029918729167238275
none,903,1.7858026834373881,-0.7991537042666733,2.5849563877040613,264.3074374918598,2.0592761718056518e-05,0.0023520786494292956
none,904,1.7570318788414026,-0.7842395786420873,2.54127145748349,133.00204204931296,1.8345169513609002e-05,0.001028775625869291
none,905,1.7292937765702217,-0.7375066970055502,2.4668004735757716,418.40847539111087,1.795828508948825e-05,0.002155501123639979
none,906,1.8443379290431532,-0.8576390700412041,2.701976999084357,276.73959669962505,3.0223243023583257e-05,0.0041915743075140325
none,907,1.7758239523514614,-0.7832705290662911,2.5590944814177528,483.8122198900131,1.8054607474692064e-05,0.001388759256745202
none,908,1.8216686110600318,-0.835036716366553,2.6567053274265846,278.2122007202898,2.5664557445984667e-05,0.002899461252430922
none,909,1.7673879672088675,-0.7751034751980601,2.5424914424069276,615.8987646023462,1.539673758375274e-05,0.004123054205469356
none,910,1.7791321242227598,-0.7925806788325447,2.5717128030553047,247.7388973988067,2.275729572193087e-05,0.002662561898269586
none,911,1.8124715623967678,-0.8212401206582464,2.6337116830550142,381.4768056900495,2.0475834877804744e-05,0.0037892695951189533
none,912,1.8379976447304116,-0.8508281828597636,2.688825827590175,260.2972088337341,2.894095502805e-05,0.003790400406612204
none,913,1.843792885284159,-0.8568708381972492,2.700663723481408,276.0553612066791,2.8731737844599377e-05,0.0037507518148002378
none,914,1.8352444762499238,-0.8454457098894482,2.680690186139372,402.1449323656997,2.8699547319792004e-05,0.005712276415152312
none,915,1.7408646098109835,-0.7497270406854578,2.4905916504964414,336.67915345472534,1.962671634512603e-05,0.003140601555952087
none,916,1.8113973432389956,-0.8264789235771675,2.6378762668161633,236.5954984336056,2.3896074556837947e-05,0.002802429335009006
none,917,1.7301679869291202,-0.7461581291533395,2.4763261160824594,197.49411057748378,1.5068401720504977e-05,0.0014218526907243847
none,918,1.7565846168738495,-0.7650629989302445,2.521647615804094,458.25614678039676,1.9064645781680795e-05,0.0015153084880127315
none,919,1.7616967146168312,-0.7739677409461266,2.5356644555629577,284.7403182729862,1.9318002925733813e-05,0.0027280090183346636
none,920,1.8217099760874942,-0.8306157069625387,2.652325683050033,392.690924978388,2.5118956921361783e-05,0.004896247953172223
none,921,1.8443932912962355,-0.8555122970470724,2.699905588343308,331.56328435610686,3.093569987242754e-05,0.00497256874413755
none,922,1.8433938359975084,-0.8541142030474718,2.69750803904498,373.14256149666386,2.3714672483666176e-05,0.0028902248903296592
none,923,1.735962265762027,-0.7687837428043207,2.5047460085663475,100.801209709685,2.1237600517527537e-05,0.0009570749347780624
none,924,1.7328892195704748,-0.7482557891185527,2.4811450086890274,251.1527255875851,1.6331086784877966e-05,0.0016994220130501295
none,925,1.8823391004208765,-0.8930665513180324,2.7754056517389087,358.21346421716476,3.09756517676207e-05,0.005338610885717686
none,926,1.8254214809465619,-0.8374273955953516,2.6628488765419136,326.5522623018929,2.5619957046344247e-05,0.003799456359376238
none,927,1.8115551274324229,-0.8251980335202246,2.6367531609526473,304.662614770271,2.2575638844143323e-05,0.003406182028944325
none,928,1.824555851417414,-0.8346869215047669,2.659242772922181,374.39496900140625,2.473842189578291e-05,0.0046141452812274945
none,929,1.7773199472207524,-0.7860694299277415,2.5633893771484937,367.68806088942324,1.9974804024474897e-05,0.0036475769215960573
none,930,1.8643972477985713,-0.8734073642947574,2.7378046120933286,383.6841554522895,3.360006641799085e-05,0.00650088808560546
none,931,1.7699087258328736,-0.7787429492641844,2.548651675097058,421.86332825646923,2.0185809838500768e-05,0.004208813841459751
none,932,1.810895593948471,-0.8289047571189347,2.6398003510674055,200.92724116927414,2.6007230936946416e-05,0.0024056885896532763
none,933,1.8164322813037541,-0.8348023152022315,2.6512345965059856,202.57535237556132,3.127006317048698e-05,0.002787232736624027
none,934,1.7148738310193374,-0.727191836684123,2.4420656677034605,271.0409827112739,1.782841935233292e-05,0.001799440361449583
none,935,1.6726213503394762,-0.6891122714936564,2.3617336218331326,207.3569923280593,1.3379187274425997e-05,0.0013379039093160349
none,936,1.8263503578314781,-0.8333927461194508,2.659743103950929,512.6665162092862,2.6888071054966683e-05,0.005310590116261729
none,937,1.8633078413255653,-0.8799599315861482,2.7432677729117136,229.79367380216863,3.592736630372243e-05,0.004026635216155149
none,938,1.8567726030070897,-0.86600612912655,2.72277873213364,414.969506605966,3.382391198872552e-05,0.00701747463644826
none,939,1.7958225864618058,-0.8047859134386105,2.6006084999004164,401.1479625676857,2.431785721298315e-05,0.003991233609379947
none,940,1.7880429783948664,-0.800633492163846,2.5886764705587124,292.94456478591184,2.3437572067560274e-05,0.003291071764125038
none,941,1.7590219536977811,-0.7676989544202144,2.5267209081179955,428.25743176863494,1.9996546365206973e-05,0.00393522080108907
none,942,1.7850092214178717,-0.7999733371124025,2.584982558530274,249.21137451668594,2.172883402280822e-05,0.0027092016558820913
none,943,1.7749627651850668,-0.7845228526087173,2.559485617793784,356.16494091012385,2.1048057726881075e-05,0.0036814639783073425
none,944,1.7957615980180874,-0.804590836817906,2.6003524348359934,443.5414302225021,1.9177876793085614e-05,0.0040616963740983374
none,945,1.828299584984143,-0.8375616158463982,2.665861200830541,388.5896634009629,2.6781285839230784e-05,0.004349217775811482
none,946,1.8251392697626607,-0.838451290689873,2.663590560452534,258.0739967231469,2.861696137525325e-05,0.003534538321740279
none,947,1.7987178711972547,-0.8109594677546629,2.6096773389519177,300.68630531371196,2.3542123931327534e-05,0.002851779437041733
none,948,1.7908996923875782,-0.7981879763352322,2.5890876687228106,537.3661295838488,1.86273105002889e-05,0.00500393366992585
none,949,1.860446592205381,-0.8723028259233406,2.7327494181287215,295.87044028595994,3.101598542993179e-05,0.004613676959298612
none,950,1.7919191455479089,-0.806479259003797,2.598398404551706,281.50956099710044,2.367067547389464e-05,0.002786125147761685
none,951,1.7781262847772115,-0.7893055344191146,2.567431819196326,299.024053990529,2.494241978841195e-05,0.0032468024468289875
none,952,1.7947506953360055,-0.8020365986603856,2.596787293996391,497.3004009536105,2.528231625340254e-05,0.005181269390679162
none,953,1.7406733345505148,-0.7537441728541583,2.4944175074046733,339.99317055753767,1.619827818871277e-05,0.0022541329425235447
none,954,1.8174608697919965,-0.8296804387358245,2.647141308527821,291.64207731299456,3.12641083529833e-05,0.004558901533378095
none,955,1.8358553047222688,-0.8441028860865677,2.6799581908088363,445.9879112801058,2.8309632316858395e-05,0.0063188743128598495
none,956,1.7154123736736946,-0.7237745753137037,2.4391869489873983,312.9908210651039,1.4751207349297368e-05,0.0014216738463283714
none,957,1.7866538050096463,-0.8013636769559227,2.588017481965569,254.1041060041204,2.6315352788094156e-05,0.0025264100896155986
none,958,1.7692370908406168,-0.7841616193282193,2.5533987101688362,230.70141322467188,1.7858251588717677e-05,0.0019786625505428096
none,959,1.7803777519288082,-0.7932691649050535,2.573646916833862,291.7205012927523,1.7823176696916358e-05,0.002472421830246968
none,960,1.763211001343965,-0.7733768135195598,2.536587814863525,333.8119052745708,2.0873140808889967e-05,0.0034979580134049467
none,961,1.7860644025687409,-0.7967790120899715,2.5828434146587123,328.79542258132193,2.426672875841234e-05,0.003964632149676401
none,962,1.801048945636768,-0.8097650116808229,2.610813957317591,417.2540909281569,1.9786196016472954e-05,0.002708985618964353
none,963,1.83117854342152,-0.8376942173238685,2.6688727607453884,523.5958522788334,2.5711083368975228e-05,0.005666679565040971
none,964,1.721897794175374,-0.7276812657887317,2.4495790599641056,610.3745175896609,1.647174935792521e-05,0.002612170288318701
none,965,1.8525925973937567,-0.860073417601002,2.712666014994759,508.14051064484715,2.669510433357062e-05,0.006417868363621861
none,966,1.8404756256061694,-0.8509277770397508,2.6914034026459204,340.8463383744752,2.7928382019769965e-05,0.003980693592619228
none,967,1.7314323614062617,-0.745236722487964,2.4766690838942256,250.61074623549044,1.8454931189411817e-05,0.00230703483016429
none,968,1.6840589076169932,-0.6951574221005472,2.3792163297175404,259.80933776137954,1.434946994677993e-05,0.0017111886847456718
none,969,1.767748193927051,-0.7732266513260303,2.540974845253081,648.3052139631955,1.7940005733628993e-05,0.0034263961275807523
none,970,1.8223115960573604,-0.8331601486733479,2.655471744730708,326.33817443242526,2.3070524359696323e-05,0.0035308961492445585
none,971,1.8079737911632352,-0.81611988847618,2.624093679639415,447.01125066156897,2.528834141161864e-05,0.005503741771128506
none,972,1.8282406138721552,-0.8341165411796255,2.662357155051781,609.8771481999264,2.777462821262032e-05,0.00848506818349441
none,973,1.8031711765351899,-0.8194544486021913,2.622625625137381,233.4201944580268,2.012386214091848e-05,0.0023520693850794363
none,974,1.7548672796253308,-0.7742648881044252,2.529132167729756,188.21149227371697,1.8216282306361166e-05,0.0017239058959412786
none,975,1.779549479157392,-0.7927669182217871,2.572316397379179,257.5779764015147,2.2796982374515343e-05,0.002946494752994144
none,976,1.822261525950744,-0.8305559118467315,2.6528174377974754,341.54269119155555,2.375858634655944e-05,0.003634824000206588
none,977,1.8473924519281282,-0.8623941641825865,2.7097866161107147,256.4434645635281,2.5582020642554628e-05,0.0028286522223924322
none,978,1.7665286332104586,-0.7795279281325836,2.5460565613430424,299.115376301953,1.9648423843397593e-05,0.002245034388459558
none,979,1.8282226442458742,-0.8430533862594463,2.6712760305053207,226.8033358918377,2.3864726102072308e-05,0.0023343480048674927
none,980,1.8002935409741336,-0.819563038286899,2.6198565792610324,186.5463210898093,2.5746530227601944e-05,0.0021008199869978596
none,981,1.7883170709058624,-0.7960808878179477,2.58439795872381,509.04307739389003,2.350938812264048e-05,0.00590955836057126
none,982,1.6828671219865265,-0.689536058560945,2.3724031805474715,529.7526147128956,1.601823847688713e-05,0.003854068527474127
none,983,1.7775365703088566,-0.7836222102545523,2.561158780563409,684.4728333513997,1.988376989778707e-05,0.006659368613145365
none,984,1.8148137929541448,-0.8264260199376757,2.6412398128918206,309.9509101821294,2.3928655322271158e-05,0.0033858846909653657
none,985,1.7793455657160184,-0.7880238738832669,2.567369439599285,396.12251370325856,2.3387272307513925e-05,0.004535448926881196
none,986,1.7478637431349229,-0.7609357861134088,2.5087995292483316,277.458394968182,2.131192396797807e-05,0.002495311790212409
none,987,1.8425237780435129,-0.8491563737223136,2.6916801517658264,567.9177080585378,2.7775444595277976e-05,0.0073129706151085026
none,988,1.7428435943810978,-0.7506561258757871,2.493499720256885,434.14370841968287,1.8831106553252736e-05,0.0023014339521857208
none,989,1.8164748415296879,-0.832333165033291,2.648808006562979,221.6676268384406,2.7227162938080456e-05,0.0029645501018631657
none,990,1.8470294204875237,-0.8567159688700947,2.7037453893576187,418.1558209693131,2.865992434670367e-05,0.004291164851722953
none,991,1.7576520014275403,-0.764900615440559,2.5225526168680994,574.3320591795712,2.172329649528272e-05,0.006004150646380864
none,992,1.7675160052273908,-0.7888356243562573,2.556351629583648,169.79739201223438,2.1801844711445868e-05,0.0017980132665245245
none,993,1.7734934730469052,-0.7836853346161142,2.5571788076630195,354.81352623825575,1.9252934244152076e-05,0.0019516310203145223
none,994,1.810805089612594,-0.8194057561769205,2.6302108457895144,406.0701324603012,2.139920722609486e-05,0.003679910061780653
none,995,1.7925585844165584,-0.8007607444600785,2.5933193288766367,451.8460031114585,2.3107698430007914e-05,0.004872039586153533
none,996,1.7438843789596568,-0.7517067049360506,2.4955910838957074,433.185331833774,1.9542181789638895e-05,0.0023609222991129203
none,997,1.8375014894992014,-0.8441000041739887,2.68160149367319,660.6735301111801,3.083887836580548e-05,0.009562913989999308
none,998,1.7893653253359791,-0.795254728421261,2.58462005375724,589.3264934642225,1.9576957864655964e-05,0.005445565561740817
none,999,1.8025555800134327,-0.8107105708858828,2.6132661508993156,472.52977427276215,2.029667412307458e-05,0.003746360045799251
white,0,1.8072852199428626,-0.8169658684469371,2.6242510883897996,424.74602573045877,0.00010427035493156336,0.021561589835536556
white,1,1.7924234994074135,-0.8083664769460401,2.600789976353454,169.35732023883196,6.0282736492104326e-05,0.0038068182732643083
white,2,1.794155510129134,-0.8070062497364603,2.6011617598655943,274.63028745849044,7.347107048963006e-05,0.010116004589620673
white,3,1.7897435583859298,-0.7999808388821003,2.58972439726803,392.13386161273695,6.926357459755526e-05,0.0125054352133026
white,4,1.8185807460089813,-0.8315692717532726,2.650150017762254,283.12688424444303,8.993736618627748e-05,0.009238356553207306
white,5,1.8314018448417702,-0.8395463658340117,2.670948210675782,598.8450262872232,0.00010027684880912699,0.030045052141869706
white,6,1.8189860153719275,-0.8288535106873605,2.647839526059288,594.2170724327214,8.778218438144567e-05,0.025820387240756967
white,7,1.7436577588569129,-0.7598190291887243,2.5034767880456372,210.04268107943838,4.35779689078571e-05,0.004280931678855352
white,8,1.799803650642049,-0.8097780272175406,2.6095816778595893,190.82130333349173,6.56032260117137e-05,0.006285084168930183
white,9,1.7929766470340243,-0.8052619536782929,2.598238600712317,188.80386340412127,6.989711740560105e-05,0.005806247299011815
white,10,1.7870454213111087,-0.8044646138420701,2.5915100351531786,299.1707710985464,6.226012994209329e-05,0.00877320391236536
white,11,1.8237786287372693,-0.8317656667882115,2.655544295525481,358.85434078944184,9.467520494614232e-05,0.016827385983372682
white,12,1.8287936950265695,-0.8397265470074133,2.668520242033983,299.546099767524,0.00010273153604375453,0.011851781820516157
white,13,1.8050422252929164,-0.8159908204166673,2.6210330457095834,310.8534781448331,8.041628336200729e-05,0.01132650299137362
white,14,1.7807701014856983,-0.7908276238901454,2.5715977253758435,179.9169221807168,7.535816497209347e-05,0.00635406887864554
white,15,1.7854874861527268,-0.8004532558034616,2.5859407419561884,207.10267696417793,8.060292184622515e-05,0.0081378265485646
white,16,1.8284387563970326,-0.8400565113244042,2.6684952677214366,495.64866167439106,6.725766890801343e-05,0.01448627583197207
white,17,1.815025749033816,-0.827100862962279,2.642126611996095,170.6121723145185,9.582765856405023e-05,0.008260294316979281
white,18,1.8385443325548694,-0.8507378461624684,2.6892821787173378,287.3675083330885,6.71706701135203e-05,0.009413288664061742
white,19,1.7949218482494183,-0.8044269226580176,2.5993487709074357,308.96723562506736,7.535123105281705e-05,0.011261534057835532
white,20,1.7992480030348064,-0.8112082190428419,2.6104562220776484,331.5036643771768,7.433813509271497e-05,0.01065019468490455
white,21,1.7966987829224248,-0.8059375357704728,2.6026363186928974,487.74044337231595,8.655739420953754e-05,0.02043993939211132
white,22,1.8044991788051674,-0.8112264244125437,2.615725603217711,344.18283729556987,7.16016921672516e-05,0.010931823245601966
white,23,1.7791385868834722,-0.7873007828672239,2.566439369750696,513.1507061960668,8.346443238564996e-05,0.017452912067646483
white,24,1.863054945318958,-0.8724693023805055,2.7355242476994635,520.4599700796,0.00010090547639898459,0.025211304827825735
white,25,1.8204062357797348,-0.8332378217199735,2.6536440574997084,266.8465223244517,8.202462631648477e-05,0.006223310046235988
white,26,1.7951145097066035,-0.804316739533354,2.5994312492399576,479.31140703673714,7.417685114627023e-05,0.010138636099109017
white,27,1.8057871662239744,-0.8154967010533848,2.6212838672773593,491.9537051922612,5.152247451210498e-05,0.011971261682127499
white,28,1.7970417939912726,-0.8111920497283045,2.608233843719577,229.40789448716603,7.438868075111509e-05,0.005847147662331453
white,29,1.7982262789659729,-0.8144444857638731,2.612670764729846,247.6330673642815,6.13468953268451e-05,0.006888690753855293
white,30,1.8024628805377139,-0.8123317455220656,2.6147946260597794,537.1014576499274,8.234161036017179e-05,0.016260400023014335
white,31,1.8119163434509438,-0.8216445398639155,2.633560883314859,357.102649999044,5.8629914197473945e-05,0.009964090096571164
white,32,1.7885446732421497,-0.7984555467024218,2.5870002199445716,371.37528512502655,7.278167437260903e-05,0.005654932174404391
white,33,1.806765762315756,-0.8173621651199562,2.6241279274357123,382.2707436110027,7.956484473790708e-05,0.013456645735859498
white,34,1.8091011299533741,-0.8180608857879406,2.6271620157413147,145.19453037588792,5.936320843735743e-05,0.004210551101049307
white,35,1.7693965833282363,-0.7853511148519938,2.55474769818023,146.59253959705688,9.303469686991819e-05,0.006846638171180096
white,36,1.8169509060396016,-0.824032435585823,2.6409833416254247,305.80317211408925,7.74708017444465e-05,0.01176044489017723
white,37,1.7733734864329562,-0.7813424637682517,2.554715950201208,414.2441038957703,5.278607621360398e-05,0.00910886234733389
white,38,1.8063630918521034,-0.8176861442813891,2.6240492361334926,324.84262892560156,9.145730860940678e-05,0.013805249975282636
white,39,1.8055573340624225,-0.8160352284926706,2.621592562555093,226.50565196542485,0.00010298088693509906,0.01067604567350272
white,40,1.8135725639430638,-0.8235530508195309,2.6371256147625948,344.0401875995753,8.266359806557468e-05,0.014225443617791676
white,41,1.8056124977155152,-0.8145752901540068,2.620187787869522,278.3887706655675,6.156262875627039e-05,0.006522822520909959
white,42,1.7836355903247199,-0.7918538347072137,2.5754894250319333,559.9892865057042,9.302946920491939e-05,0.01950522119806384
white,43,1.7516073690188008,-0.759189733461469,2.5107971024802698,247.43850481222705,6.439136557966074e-05,0.007905393638465848
white,44,1.7844444705023932,-0.7965121690612464,2.58095663956364,227.1984041033904,7.544091336296292e-05,0.0075373317822109345
white,45,1.791337432548752,-0.8016930890065239,2.593030521555276,620.3707024472155,5.4474519141412686e-05,0.013919297986280907
white,46,1.799496154147299,-0.8096982248196911,2.60919437896699,293.9824596313022,8.626439758948473e-05,0.012533636800127297
white,47,1.7930247447073935,-0.8096359182013637,2.6026606629087574,225.35434974329934,8.710156506872187e-05,0.009754446879741353
white,48,1.7846193004819595,-0.7956575747014173,2.580276875183377,277.6502849081888,6.548299845108435e-05,0.009170275663382547
white,49,1.784315497309657,-0.7929073502120824,2.5772228475217394,385.71920691346526,6.946114905381426e-05,0.011939966482262393
white,50,1.8019179066567337,-0.814762378261962,2.6166802849186954,433.0253987234871,9.407116857329534e-05,0.020346885095269076
white,51,1.7654135213930322,-0.7786554597457483,2.5440689811387807,282.95288940439,5.1237123939626775e-05,0.006695234679791302
white,52,1.7762051589466128,-0.7863734820331315,2.562578640979744,369.9977042165468,6.352875603997041e-05,0.010342974403190668
white,53,1.7713338392385414,-0.7798229201665768,2.551156759405118,395.66023040265947,5.965455512426006e-05,0.00738210631156003
white,54,1.8339892353645397,-0.8423190077469547,2.676308243111494,469.9995428075077,6.385676177625942e-05,0.011821083415762008
white,55,1.8210118007918126,-0.8299675740762478,2.6509793748680606,282.6790851984451,7.791882190288577e-05,0.010736420274200823
white,56,1.8382129226723045,-0.8509553526958611,2.6891682753681656,294.24368004611244,0.0001246296968232495,0.017947792616673987
white,57,1.8134871531647376,-0.819790718163876,2.633277871328614,847.1320733432451,6.97522978221829e-05,0.028667870800985203
white,58,1.7963107318323428,-0.8050578121312164,2.6013685439635594,705.2813381369979,7.80789731927925e-05,0.01832858272584291
white,59,1.7958694145341993,-0.8061105320318819,2.601979946566081,282.9228027013447,8.592037655796511e-05,0.012113465144497263
white,60,1.8355259303342206,-0.8455148814803207,2.6810408118145412,520.1277306825395,0.00013018962793489436,0.029583791626089616
white,61,1.8048278606337536,-0.8151895761421287,2.6200174367758824,236.6413122865587,9.13840735786639e-05,0.010761298226531347
white,62,1.7742628141178665,-0.7813535678203593,2.5556163819382256,174.17231314871336,6.116051426679082e-05,0.005315251783290265
white,63,1.7791963409206055,-0.7907219776556035,2.569918318576209,192.2666004541663,8.559065189835645e-05,0.00808294577469456
white,64,1.8367233036948574,-0.8447803562359252,2.6815036599307827,651.3220135566814,8.187455035954874e-05,0.017273542451132197
white,65,1.8310546059438066,-0.8437722890791641,2.6748268950229708,307.00039930068806,8.731272887604717e-05,0.013324072661292423
white,66,1.7907419415794366,-0.8004245845604488,2.5911665261398853,276.0098816545952,7.563380288262873e-05,0.010346799513272333
white,67,1.8157944837640492,-0.8283485955857051,2.644143079349754,319.9564847953672,5.239072644363206e-05,0.007046889620194918
white,68,1.780885212341951,-0.7903845503572944,2.571269762699245,399.5051432137466,7.973129851159694e-05,0.015550872379003844
white,69,1.8097088514607798,-0.8162487366067694,2.625957588067549,623.5056767784051,9.81175836859069e-05,0.03046871926065468
white,70,1.7592623780876036,-0.7695699986708286,2.528832376758432,328.13016027883043,6.541136072987265e-05,0.010154823904553934
white,71,1.8055492944595732,-0.8126305816726775,2.618179876132251,378.99104711933734,6.202828827677961e-05,0.007428760901573034
white,72,1.7809359567954466,-0.7880995319600955,2.569035488755542,527.7212537937321,8.020323149871694e-05,0.017740259207002493
white,73,1.8375844319795889,-0.8475869011088987,2.6851713330884874,448.8730026662264,9.506195073416546e-05,0.021253731428160363
white,74,1.823781214426094,-0.8334198658797561,2.65720108030585,395.55591128374124,0.00012634144454627683,0.022457552380424427
white,75,1.798058462933169,-0.8071424521992022,2.605200915132371,393.4712287750291,5.937924536529582e-05,0.011473819649106216
white,76,1.7672508901129724,-0.7833103857080176,2.55056127582099,132.42677520995304,6.030774438776747e-05,0.0036450339300740705
white,77,1.7978261047184783,-0.8076029023319885,2.605429007050467,310.4460856370755,6.970888074994686e-05,0.010840712202382575
white,78,1.8124502575872357,-0.8209953974638577,2.6334456550510934,535.6980803478585,7.680928910620832e-05,0.014844334339048667
white,79,1.8002993295235783,-0.8082413062046074,2.6085406357281857,504.3805661861961,8.218861744700712e-05,0.0203467876620227
white,80,1.7879422494060822,-0.7985002770403413,2.5864425264464233,378.67920514593357,8.507538354617789e-05,0.016021515334277644
white,81,1.8037831591669007,-0.8147454208560404,2.618528580022941,442.3480431402235,6.345225588170154e-05,0.013524513446960436
white,82,1.7837822809074606,-0.798970331521504,2.5827526124289646,117.61484375942756,8.100259085034884e-05,0.004670203615008193
white,83,1.8061223873142047,-0.8150222428553716,2.621144630169576,445.3197549150557,8.71915353005924e-05,0.016286453251437027
white,84,1.804697562833094,-0.817179543402987,2.621877106236081,373.7977018710138,9.551755076413551e-05,0.01656758858909056
white,85,1.780319947911494,-0.7931196061996393,2.5734395541111335,334.2424328025818,6.682793714960292e-05,0.009987738611359293
white,86,1.7796139207047763,-0.7862703211972647,2.565884241902041,285.63836218767204,6.51175805900274e-05,0.008917390778673201
white,87,1.7839098235472775,-0.7992140971704077,2.5831239207176853,167.45758728878798,7.692135401550938e-05,0.005572923500326237
white,88,1.7772166956671103,-0.7867180798963169,2.5639347755634274,863.7806130643887,7.990684735845188e-05,0.033227588557519346
white,89,1.7871591588553588,-0.7950587747238014,2.58221793357916,526.4646335409849,6.717779318782605e-05,0.013452902865709826
white,90,1.8161264898309442,-0.8262315801286161,2.64235806995956,265.2498499367548,7.055650269887151e-05,0.0066463476492560234
white,91,1.7833467772561864,-0.7906857852861073,2.5740325625422935,350.9492260001002,6.350828628763107e-05,0.01113240790126206
white,92,1.7780597608889503,-0.7882315421180531,2.5662913030070036,379.14626008782494,7.845112636680612e-05,0.011879657263049216
white,93,1.7935149059789584,-0.8049767997808982,2.5984917057598564,197.06325348236123,7.459845660099697e-05,0.006869881677647147
white,94,1.8042546175093885,-0.8089922011395357,2.6132468186489244,252.35277366327927,6.129436918134168e-05,0.0065507851655160895
white,95,1.8099172053696417,-0.8178649938258491,2.627782199195491,916.0316578429716,7.471881230594613e-05,0.017408621288580374
white,96,1.8015615048003761,-0.8115064290886712,2.6130679338890475,267.69436480639376,5.724216921082839e-05,0.007270637120265584
white,97,1.7530836670182206,-0.7611911264980175,2.514274793516238,357.6667942956096,5.747181249765414e-05,0.009624776182457684
white,98,1.767694282417304,-0.7806097438366255,2.5483040262539296,253.26758129300677,6.698968873474279e-05,0.005610676118022042
white,99,1.8012726370621241,-0.8094542169717137,2.610726854033838,1389.277196882278,5.770195650990628e-05,0.015916538555901725
white,100,1.7685018049349857,-0.7793664180428908,2.5478682229778764,309.2956918028204,5.845614962102577e-05,0.004725793198342263
white,101,1.8130653427444243,-0.8250590632356118,2.638124405980036,535.0903180521059,8.722284964164662e-05,0.022248479490428318
white,102,1.7720439462728876,-0.7854145557896449,2.5574585020625324,213.28102055918873,8.649198364755334e-05,0.008803843176624455
white,103,1.8047399816723184,-0.8144384341776485,2.6191784158499667,337.91581937103797,6.385270926737366e-05,0.010261741858435402
white,104,1.7868375563458327,-0.7929556617380938,2.5797932180839265,324.34983298139,6.584152270163596e-05,0.008690515004315951
white,105,1.8279503625242457,-0.8395903814882925,2.667540744012538,296.1057657157776,8.028290334081804e-05,0.008103015893395517
white,106,1.812220416563849,-0.825432130713339,2.637652547277188,365.11968288273056,8.822546381509477e-05,0.01569471082758351
white,107,1.8270450228602981,-0.8385057835702661,2.665550806430564,231.74159719570278,9.709082913221881e-05,0.009993205446468775
white,108,1.8026593332934173,-0.8103751063240764,2.613034439617494,405.31333624867545,6.746040515010453e-05,0.007975813982471597
white,109,1.7812482868495276,-0.7873128545952797,2.5685611414448073,252.37260857742982,7.948140496796645e-05,0.010246716108494787
white,110,1.8000428913662476,-0.8085059173237426,2.6085488086899904,340.6842469069021,7.917611108795852e-05,0.013401263634203416
white,111,1.7714888169959762,-0.7824204993339743,2.5539093163299507,329.21050115004624,6.484648883697125e-05,0.00859672903728174
white,112,1.8119350659704236,-0.8221055190261132,2.6340405849965367,460.3088879139382,7.810307606146566e-05,0.017621238520799835
white,113,1.7776926989410027,-0.7840377507549438,2.5617304496959465,629.9050033087947,6.684837472341332e-05,0.012269538605887694
white,114,1.788526970242391,-0.7971807779466259,2.5857077481890167,291.7528416592071,8.696063685033513e-05,0.012277725553838215
white,115,1.804391877501385,-0.8123283956162499,2.616720273117635,420.67749303719336,7.290793520559058e-05,0.014924594272514632
white,116,1.8226132348794304,-0.8318974748793044,2.6545107097587346,322.07258717016816,9.959934399326326e-05,0.01596645900871995
white,117,1.8301570827860094,-0.8405726210292762,2.6707297038152857,376.2425355419324,5.846165073906083e-05,0.00887469398124294
white,118,1.804129654863327,-0.812894308667054,2.617023963530381,408.5570759659124,8.634245009601915e-05,0.015358088991913299
white,119,1.7966429249137363,-0.8061217562480472,2.6027646811617835,270.21916853181904,6.236760228580003e-05,0.0077871465995098844
white,120,1.8255685269951545,-0.8363964132363408,2.6619649402314955,286.74019108401853,6.647401971377268e-05,0.005162405521002044
white,121,1.7916866577947224,-0.8009378285793486,2.592624486374071,625.0274989242705,7.326770439237268e-05,0.01068416329969432
white,122,1.8171092666773858,-0.8287333477734672,2.645842614450853,421.52851786091105,0.00010213621308376858,0.020046904915136263
white,123,1.7796353884649059,-0.7939768464359566,2.5736122349008625,193.48689457679436,7.806626253041744e-05,0.007510327534642061
white,124,1.7718559244864647,-0.7871446761282602,2.559000600614725,177.61934161188464,7.631943433635685e-05,0.005612064940205868
white,125,1.7927680314246457,-0.804733301917258,2.5975013333419037,390.22310478399993,7.652220294935425e-05,0.009424054474764703
white,126,1.8133492941585039,-0.8211462022071488,2.634495496365653,253.0897501592153,5.7163245341935835e-05,0.0071979421546242185
white,127,1.7918916763696928,-0.8019616614097227,2.5938533377794153,240.70776008504416,8.00617191599462e-05,0.009532201481719562
white,128,1.806085055016143,-0.8127006484803023,2.618785703496445,498.3870792826742,8.273356893074083e-05,0.01999553711558632
white,129,1.7705195206023823,-0.7784311309088663,2.5489506515112486,318.83989604225695,8.811495035087984e-05,0.012865607746689166
white,130,1.8211630055576329,-0.8302648762853408,2.6514278818429737,575.5331861734069,0.0001119097413884787,0.020281140458568644
white,131,1.8047253139323156,-0.8140432962581412,2.6187686101904566,339.9922973861525,8.408087274371957e-05,0.011730579648794776
white,132,1.7884754552214641,-0.7994052126849205,2.5878806679063846,803.3276214186418,7.021858156605262e-05,0.019436732058167896
white,133,1.812265721294226,-0.8218751189871952,2.6341408402814213,462.45700516234444,8.389167391129396e-05,0.019303217351004483
white,134,1.8290685412933074,-0.8361407643168849,2.665209305610192,335.660467209987,6.723280432567244e-05,0.011073107664619553
white,135,1.8159255122215694,-0.8265769891409183,2.642502501362488,359.63481040408516,7.433930605925919e-05,0.011668461012236417
white,136,1.7391047217800346,-0.7493977710630337,2.488502492843068,402.7014853628468,6.078443858107893e-05,0.011797303036523939
white,137,1.776328847753448,-0.7839261402630535,2.5602549880165015,518.9788854581881,6.371808582219043e-05,0.012448223265324528
white,138,1.7591222273006069,-0.7712857092370725,2.5304079365376793,264.94882726790837,7.178954910226111e-05,0.00954333100543519
white,139,1.8132120194853232,-0.8226376118873876,2.635849631372711,372.1283359131758,0.00011938428337259638,0.021720878955322046
white,140,1.7875800179236343,-0.7970949329180179,2.584674950841652,276.72191353021714,0.0001206021353898426,0.016755149322932036
white,141,1.82243525575821,-0.8301160641882718,2.6525513199464816,672.9128884962697,0.00011029728563038271,0.03359883622711616
white,142,1.7836468632443703,-0.7952626401410674,2.5789095033854377,366.3800695802516,6.446821399158469e-05,0.00853501142118271
white,143,1.8059904468486143,-0.8172836679847475,2.623274114833362,221.73518685002858,7.288644382962874e-05,0.008049778466549607
white,144,1.7772558673514158,-0.7825375898643813,2.559793457215797,247.63694421776407,5.493372558619102e-05,0.005606586561931899
white,145,1.8212321318867197,-0.8292498927948511,2.650482024681571,417.87236337041315,7.047553354538189e-05,0.014287696064505497
white,146,1.819283505916205,-0.8250763081200151,2.64435981403622,374.0658757205503,9.113181084152017e-05,0.009863543408656044
white,147,1.7911404200971501,-0.7972769369373189,2.5884173570344693,899.9016071723038,7.07506223106627e-05,0.02972062893847301
white,148,1.779020189358368,-0.7899961071743822,2.56901629653275,331.2857856482037,6.371072349460605e-05,0.0091310697343025
white,149,1.7950451532911995,-0.8036103274892453,2.5986554807804447,499.2372188939829,7.71652228098614e-05,0.015548755084871994
white,150,1.7843032411951159,-0.7956740977034112,2.579977338898527,304.3104904570249,8.263891524769654e-05,0.0105156546599464
white,151,1.7615120320116364,-0.7682514880735419,2.5297635200851785,254.76981054544078,6.58675759055826e-05,0.00805945376431614
white,152,1.8188901846919163,-0.8254758183667513,2.6443660030586678,333.03292390218445,6.904618848276901e-05,0.009945485410265159
white,153,1.777982417960848,-0.7877431539899469,2.5657255719507948,474.0579853302509,7.964020186275109e-05,0.01580174327410557
white,154,1.8153289027250596,-0.8243504927249529,2.6396793954500124,350.39219268057326,0.00011730768950076256,0.017593614231356035
white,155,1.8065863168674599,-0.8199567329373914,2.626543049804851,277.4320962424229,6.692369190096359e-05,0.00929147213022036
white,156,1.7606485012947495,-0.7713461745663158,2.5319946758610654,510.5567185188161,6.68835732197566e-05,0.008775667251265103
white,157,1.789249077649656,-0.7976684034226634,2.5869174810723194,505.399348767064,7.005052338238463e-05,0.015858942456854253
white,158,1.8289089699236096,-0.8401819011205401,2.66909087104415,227.6243386604145,0.00010713915967119556,0.012173669143793819
white,159,1.828167884277382,-0.8362512935875371,2.6644191778649193,449.3627107146074,0.00010236323374912537,0.02305656610192214
white,160,1.7925767768963845,-0.7987805216200138,2.591357298516398,251.8481943805376,4.4729649665686995e-05,0.005587287964967424
white,161,1.804076299539429,-0.8123043194775508,2.61638061901698,272.78813796408025,6.875167172757518e-05,0.008350073029367078
white,162,1.7992553589454603,-0.815685226551517,2.6149405854969774,186.19032951328606,6.113177544757407e-05,0.005723378629081876
white,163,1.7889653460242523,-0.7992918568227161,2.588257202846968,465.64919305634027,7.455642301873455e-05,0.016615815089296732
white,164,1.815970537769684,-0.825362793239287,2.641333331008971,428.10339337384835,0.0001244888818868091,0.0237289365470037
white,165,1.8001136313108228,-0.8092190994465692,2.609332730757392,415.6399892366461,6.992166959227802e-05,0.01338842084667019
white,166,1.7941864673706471,-0.8047781541409341,2.5989646215115814,378.542017287504,0.00011619762733905414,0.019536840347910825
white,167,1.7973056090630473,-0.8052572388889977,2.602562847952045,519.25092929717,8.969816978801268e-05,0.018337989049476096
white,168,1.8238166642797546,-0.8339393442291089,2.6577560085088634,497.7292772933891,9.194720831264686e-05,0.021991898343562744
white,169,1.8182723600914314,-0.8267902536740197,2.645062613765451,439.1720091246052,6.782190411505108e-05,0.01497098110757603
white,170,1.7640661927344596,-0.7727725112508722,2.5368387039853317,478.5000228147795,7.457127831916877e-05,0.01548366525704197
white,171,1.7954070190936862,-0.8065248678315057,2.601931886925192,357.86492800067003,9.82261190705623e-05,0.01647298867568315
white,172,1.7634083427597975,-0.7738539167901446,2.537262259549942,258.6102826244041,6.526459078669104e-05,0.008466905806917413
white,173,1.8220116321117166,-0.8333233338609106,2.655334965972627,305.2720353811462,6.625281656730785e-05,0.009117234320058138
white,174,1.7996581997663819,-0.8071089823907991,2.606767182157181,545.0919776361749,5.3540421763590557e-05,0.010772096966773214
white,175,1.756334950567217,-0.7640638353178004,2.5203987858850176,217.10742776911638,6.627302114082384e-05,0.005330027505674189
white,176,1.7638589588030926,-0.7823923538452913,2.546251312648384,114.69120473423321,6.309996215501067e-05,0.0036440832638525195
white,177,1.8255908155502087,-0.8357280317979965,2.6613188473482055,353.6839693976507,8.870815088850639e-05,0.015221513827680593
white,178,1.8079634540360365,-0.8148326182861431,2.6227960723221795,256.532201849422,7.423436445130535e-05,0.008624474710127296
white,179,1.7923185104991586,-0.800265193688769,2.592583704187928,349.38970517436235,6.945206880337382e-05,0.01116202908677411
white,180,1.7847693584528679,-0.7910740384560688,2.5758433969089367,362.6372882842927,6.490330140125622e-05,0.009598030569653169
white,181,1.802060882684175,-0.8171538715409843,2.619214754225159,238.47689375142107,5.699141969679744e-05,0.0041143074068159405
white,182,1.792273022050339,-0.8037714467625402,2.596044468812879,324.5924338768868,7.646346213754755e-05,0.012338831064047663
white,183,1.7649141198682181,-0.775736377640502,2.54065049750872,217.3788176368907,6.552273826527545e-05,0.007134507378040503
white,184,1.8262219710371685,-0.8378154996400144,2.664037470677183,348.4254229772873,0.00013474329565044824,0.022817837704894525
white,185,1.721303354331189,-0.734188120787451,2.45549147511864,233.04166811595942,5.970661269735344e-05,0.004952102216673109
white,186,1.797089644945168,-0.810307042453935,2.607396687399103,214.55941193094048,0.00010549625870719809,0.010044181458840172
white,187,1.781538838072459,-0.785876987690694,2.567415825763153,422.90894668967724,5.4188131852648744e-05,0.008526710001997503
white,188,1.7958674209362837,-0.8044168588431305,2.600284279779414,257.99599984182,7.873266063655911e-05,0.010165483661601252
white,189,1.8100206593635344,-0.8171745589158128,2.627195218279347,343.97618295939543,8.092306825277333e-05,0.013399078502272694
white,190,1.8358720492434863,-0.8459138903345129,2.681785939577999,275.8383664448131,0.00010514687849395507,0.013955858288766016
white,191,1.7735034819173938,-0.7861532810869231,2.559656763004317,512.9873818357319,6.063783826089526e-05,0.015520550260005676
white,192,1.8021661804059892,-0.8134890327376586,2.615655213143648,233.2979121214648,8.793803400088292e-05,0.010046413846711899
white,193,1.7765365077447652,-0.7900565393986411,2.566593047143406,202.97330467689105,6.85925146157694e-05,0.006350951373094533
white,194,1.770309595583664,-0.7807166711155284,2.5510262666991927,305.9956788999251,6.789826849822218e-05,0.010223472088907408
white,195,1.8121895790839382,-0.8281716672824744,2.6403612463664126,184.27481933751776,8.024793724280277e-05,0.0074236423520902
white,196,1.7791284948452168,-0.7891326053931945,2.5682611002384115,654.6837589264794,5.88969196921342e-05,0.009239632973026107
white,197,1.8119161531622043,-0.8228653276637414,2.6347814808259455,171.0370827362188,7.094498530456524e-05,0.005947491374139361
white,198,1.8139706521195496,-0.8239918176661982,2.637962469785748,616.8107485504346,7.488369381401447e-05,0.021906511592602967
white,199,1.8091553651604437,-0.818654278650685,2.627809643811129,244.43986744519069,6.562106950303362e-05,0.007932294455936125
white,200,1.8089268284227058,-0.8207090072586305,2.629635835681336,242.6136920391288,8.088708622223766e-05,0.009167142373459912
white,201,1.7670760146289213,-0.7753512347827898,2.542427249411711,216.1575908081762,4.977302845435034e-05,0.005400282597727341
white,202,1.7576125862967529,-0.7704176175351543,2.528030203831907,299.3184773554784,6.730673073304834e-05,0.010101437648051185
white,203,1.8000808454921935,-0.8072208903183062,2.6073017358104997,298.06220417191935,6.544808234297192e-05,0.009780994869147137
white,204,1.7854055006397118,-0.7932971435943791,2.578702644234091,288.0656957715378,8.371181795851709e-05,0.010848742578178612
white,205,1.8132171455099324,-0.8253530178134877,2.63857016332342,248.9567454925222,8.240408497795122e-05,0.009716861341820605
white,206,1.7988827594285801,-0.8099873474068796,2.6088701068354596,351.51536541137773,8.276052860346252e-05,0.014550562362775198
white,207,1.7727623327521822,-0.7829504415249962,2.555712774277178,470.8799749746376,5.0644101592826896e-05,0.010732133466500149
white,208,1.803053824140914,-0.8122138134672655,2.6152676376081794,337.28759141323405,8.760507816731565e-05,0.014148992475456569
white,209,1.7710168165016194,-0.783662087855584,2.5546789043572034,354.1888335438016,7.293022117543096e-05,0.012893305460790424
white,210,1.8396217820463638,-0.8501865384522141,2.689808320498578,390.7128704400075,9.29995286271662e-05,0.014026253274811166
white,211,1.7692341744562108,-0.7759485668572742,2.545182741313485,609.0822596934682,6.135935316541052e-05,0.014937860038072338
white,212,1.7999927794081805,-0.8134528024525512,2.6134455818607316,215.27518744626204,8.356739401277e-05,0.008818863757127308
white,213,1.7904187320498235,-0.8004997457226273,2.5909184777724508,275.1100364812355,9.785143767837047e-05,0.01307054359599532
white,214,1.7778674823757425,-0.7872255718341585,2.565093054209901,277.99350816895327,8.961753545457841e-05,0.009880219765046843
white,215,1.7834313871671823,-0.7949115164739146,2.5783429036410968,256.2872594657777,6.943595183774194e-05,0.00856879127275804
white,216,1.8128471173768,-0.8224480515079283,2.635295168884728,662.6241220408989,7.74373036163574e-05,0.024690608446635932
white,217,1.7652523196195882,-0.7771217299272052,2.5423740495467935,373.06923565691835,5.32978186262717e-05,0.004193515553681885
white,218,1.8100900242529818,-0.8180284785355572,2.628118502788539,355.0132900042361,8.486290519321357e-05,0.014908130295668271
white,219,1.7999944811936421,-0.8073224161607004,2.607316897354343,447.49357750896377,8.656874497758871e-05,0.016924454684139906
white,220,1.7961828553016381,-0.8030012862749011,2.599184141576539,617.0695963048272,6.699657405451198e-05,0.012638404426399987
white,221,1.7848063966893075,-0.7972234400297624,2.58202983671907,413.169069495771,4.905586738018254e-05,0.007689055204384939
white,222,1.8079728620358197,-0.8175727711271266,2.6255456331629463,193.01838323171407,7.988586119606501e-05,0.007706289840458522
white,223,1.7906135958033542,-0.8006023282241701,2.5912159240275243,537.135157898652,7.57251226145561e-05,0.01941810247903488
white,224,1.8282117938836777,-0.8378844668375935,2.6660962607212713,256.48972225157456,0.00010132040031878703,0.01240563984399872
white,225,1.7666963868442664,-0.7786996403200207,2.545396027164287,249.28496004000763,8.04020460463857e-05,0.01003482896761232
white,226,1.7705656899173075,-0.7811319739961818,2.5516976639134894,240.05623269157454,6.774495136384166e-05,0.006440743913152121
white,227,1.7819244211375576,-0.7960768442166857,2.578001265354243,305.5708362327954,6.300769823145737e-05,0.005918676254724644
white,228,1.8374278288302979,-0.8456900418525528,2.6831178706828505,667.5346037573162,7.741706635576093e-05,0.025695113982635843
white,229,1.8071659303850232,-0.8146335557797107,2.621799486164734,520.8745545065736,6.0623205655817997e-05,0.015047327661222168
white,230,1.7916126225864517,-0.80545898167381,2.597071604260262,289.8390162324934,5.661923662742506e-05,0.006654781692220838
white,231,1.7965453270346232,-0.8062323905069998,2.602777717541623,633.8396804618942,8.401561001588134e-05,0.02296462934305826
white,232,1.770788473646708,-0.7792855738196973,2.5500740474664054,428.20895685897943,7.653800056037913e-05,0.010610320621051826
white,233,1.8170656065227253,-0.8272378987214336,2.644303505244159,526.2308977398144,0.00010810999647812083,0.028418771538899764
white,234,1.81603016720443,-0.8292208847498731,2.645251051954303,259.5939173364364,9.399857092771101e-05,0.012168736991985294
white,235,1.8025470526634162,-0.8134119750385419,2.615959027701958,441.3414782950525,7.733945767635086e-05,0.012626769078639077
white,236,1.8083165104717223,-0.8175445229197033,2.6258610333914256,380.3310035216423,9.321663843945768e-05,0.01766803999515539
white,237,1.7998113579455803,-0.8084103552094113,2.6082217131549914,508.75576102977874,0.0001010579924106067,0.014467774907318222
white,238,1.8413519103817073,-0.8494702256289363,2.6908221360106435,246.01585733004902,9.063366951520858e-05,0.011109095718071036
white,239,1.7823300095104064,-0.7976576017871562,2.579987611297563,177.3945590491179,6.601151335338881e-05,0.0058744701579662
white,240,1.7893690597569711,-0.7975654575228742,2.5869345172798455,825.9032510228907,7.75294873437693e-05,0.011652927906114881
white,241,1.766391224730707,-0.7812441657627508,2.5476353904934577,117.47045399418896,5.848709785405328e-05,0.003347422952288287
white,242,1.8222541546765705,-0.830227474650884,2.6524816293274545,222.986881492275,5.887077013810426e-05,0.006567011704982207
white,243,1.8161971669218469,-0.8266703955082042,2.642867562430051,307.48452259687235,6.886954008525868e-05,0.010473992657687855
white,244,1.8238934794661465,-0.8331771898653786,2.6570706693315254,393.3487983578479,7.939128422512418e-05,0.013790099813237621
white,245,1.8056487022272105,-0.8155991970270087,2.621247899254219,464.3219980248854,9.662343199537404e-05,0.022481637688047045
white,246,1.7950784893587306,-0.8031564087016991,2.5982348980604297,299.3364735413564,7.535559529423495e-05,0.011319925767888284
white,247,1.7901768354981753,-0.7988987325596292,2.5890755680578046,451.3835467374578,6.84500038668108e-05,0.014286897613393792
white,248,1.7952444190595092,-0.8037745524558302,2.5990189715153393,417.3212500152216,8.559438031293526e-05,0.014700531328242278
white,249,1.8283352706774187,-0.8380882730798772,2.666423543757296,366.2492593374657,6.800602172901161e-05,0.00923103755716003
white,250,1.8089518958517148,-0.8187880392472705,2.6277399350989854,662.1039521195826,8.552771297066705e-05,0.022303496699591127
white,251,1.8228778129992733,-0.8311032418638987,2.653981054863172,374.8464876149255,7.55116131688268e-05,0.012756657544570126
white,252,1.766173174468734,-0.7818031532124883,2.547976327681222,364.5522216391756,6.1033525738708044e-05,0.008841123631988745
white,253,1.7770709659452961,-0.7841469090021038,2.5612178749474,321.7260536136579,5.633567038878205e-05,0.00647883419506584
white,254,1.8107536164098668,-0.8184242546382965,2.6291778710481633,1031.3851980115692,7.86411607497095e-05,0.023825803166490567
white,255,1.8022530250394817,-0.8153905530579951,2.6176435780974767,275.771631677859,8.967257042617922e-05,0.010306608905090598
white,256,1.8022117851979649,-0.8118013330256042,2.614013118223569,296.05296933334046,0.0001131351040971583,0.016638124658353
white,257,1.7821761099807258,-0.7904059435594261,2.572582053540152,420.06216815681904,7.643878182444358e-05,0.014796241787175566
white,258,1.7983197980072931,-0.8105826479475761,2.608902445954869,150.69727246425117,7.034095417371867e-05,0.004136300197289865
white,259,1.7818991259464991,-0.7937262555984744,2.5756253815449734,413.69722964728663,7.586302093329916e-05,0.015131943586260693
white,260,1.8489121851707,-0.8584176046723158,2.7073297898430155,477.4423526427015,6.825065653896442e-05,0.01489091692515494
white,261,1.80884355954175,-0.8214980485867347,2.630341608128485,267.311525940913,6.239339251870417e-05,0.005453249364353204
white,262,1.8285677844978068,-0.8367409179182953,2.665308702416102,962.6500867769776,5.6052962974225545e-05,0.026378817874157315
white,263,1.8159691866790428,-0.8274117406352062,2.643380927314249,314.6265228529031,8.603658579506464e-05,0.013581284342029756
white,264,1.8079477932895744,-0.8239953687195828,2.6319431620091573,138.295909635801,7.443690307255054e-05,0.0049151670646862535
white,265,1.8483723131555791,-0.856998731740135,2.7053710448957142,492.1611345963613,9.665381208864149e-05,0.01721391235233074
white,266,1.8359851825046638,-0.8478648743659092,2.6838500568705728,345.91953705585996,8.385859170202334e-05,0.013850939988822185
white,267,1.7631780344965517,-0.7708669000911081,2.53404493458766,224.9694593923791,6.292560435544516e-05,0.007150066660051498
white,268,1.831355606048333,-0.8427823079782912,2.674137914026624,500.90645461489714,8.234882730856832e-05,0.01281985367229353
white,269,1.8047677847684704,-0.8177062604089635,2.6224740451774338,282.3331767610602,7.313396884064613e-05,0.01031856880349749
white,270,1.8001065435736157,-0.8088560722358247,2.6089626158094403,389.05865111416415,7.596079407443113e-05,0.013549468035478364
white,271,1.816253256567126,-0.8270189473286105,2.6432722038957364,282.1209922058354,0.00010700257122426768,0.013415808126157303
white,272,1.8030007258203493,-0.812511839681173,2.6155125655015223,356.8065241580496,8.323809041855743e-05,0.012835771543231114
white,273,1.8106765472592579,-0.8160181637696644,2.6266947110289225,315.96886742676253,7.467991715208455e-05,0.011774707287461652
white,274,1.8127302756411574,-0.8216714370324111,2.6344017126735686,336.7437960965715,9.081140112979745e-05,0.01500410354326478
white,275,1.8365134907945637,-0.8487501474366198,2.6852636382311834,185.36731721692638,7.486811314144463e-05,0.0058512219366166
white,276,1.782019853009434,-0.7917529847014267,2.5737728377108606,368.45104275105604,7.308521147160463e-05,0.01071987058183162
white,277,1.793122995989635,-0.8030254165463099,2.596148412535945,319.8142276618846,8.062985507682752e-05,0.011680711390541932
white,278,1.778621764199878,-0.788937088466657,2.567558852666535,287.22016460624315,6.625672281396038e-05,0.009496741662791174
white,279,1.7751757031137276,-0.7858998318941623,2.56107553500789,477.7074415607537,6.394624768821418e-05,0.007279440136879978
white,280,1.7969464404917144,-0.8055467229222067,2.602493163413921,1066.2000924463666,6.43426391456342e-05,0.030931762137019887
white,281,1.79510375800485,-0.8024919308947696,2.5975956888996192,678.5800836494935,7.927465877350173e-05,0.024291577804320612
white,282,1.7916103566416088,-0.8028455177402941,2.594455874381903,196.1630626274885,0.00011004748938714913,0.010468466463279858
white,283,1.781020549132099,-0.7877845797401012,2.5688051288722002,299.1212315318349,7.096163696833878e-05,0.010082243975778485
white,284,1.8030704428917794,-0.8142104664273754,2.6172809093191547,216.4546684563811,8.367225877989846e-05,0.007393372937339235
white,285,1.7816923020379585,-0.7947748641931224,2.576467166231081,333.9702751945341,6.0003698150554174e-05,0.009628070271043702
white,286,1.832611166511352,-0.8430712275916301,2.6756823941029824,419.8480682757062,0.00010312234313222812,0.017174481764514735
white,287,1.7684395140374571,-0.7811025472529893,2.5495420612904462,247.07826699904723,5.166279515877569e-05,0.006330665682918842
white,288,1.810518590752333,-0.8182691401137917,2.6287877308661245,389.34884338845467,0.00012097523361115359,0.02361863049327402
white,289,1.7595017118907097,-0.7685700607301977,2.5280717726209074,185.57616084810485,6.535431646226188e-05,0.005887838051552702
white,290,1.8189802853936978,-0.8310433351814637,2.6500236205751615,193.98017939776906,9.817117925095889e-05,0.009383650734783911
white,291,1.8079294227647054,-0.8139111540791888,2.621840576843894,682.8638806524631,8.121219707534974e-05,0.017100749368770204
white,292,1.8198367741540444,-0.8327339230981926,2.652570697252237,304.19589293749095,8.899828443373163e-05,0.012615164858614128
white,293,1.8132198420928953,-0.8227431730192516,2.635963015112147,531.3092350361218,0.00011174974380052591,0.020918031869817777
white,294,1.8021821075796538,-0.8105468580837175,2.612728965663371,199.2160519157903,7.355878184406046e-05,0.00663700570793359
white,295,1.7839313443449267,-0.7941609370758879,2.5780922814208145,377.6672701350105,6.0401488633461675e-05,0.011029211773657144
white,296,1.8222195853371437,-0.8329189422965002,2.655138527633644,437.36589198167235,9.787868449517151e-05,0.016056840932062888
white,297,1.7805108601438806,-0.791076231897382,2.5715870920412627,297.1525010883604,7.018978295217013e-05,0.008953851899256193
white,298,1.7862684279559413,-0.797907652930066,2.5841760808860075,543.8180486537274,6.816830429501666e-05,0.0104968622606828
white,299,1.7843783930839465,-0.7929829817506457,2.5773613748345925,641.2751268381754,6.233233018525242e-05,0.018069804222063994
white,300,1.8146819341838727,-0.8269355552565117,2.6416174894403843,348.1525423475916,7.422743519485547e-05,0.010822801069173828
white,301,1.8386232548334336,-0.8497991643154154,2.688422419148849,410.5131753473442,8.388901291904796e-05,0.016364396105977855
white,302,1.821235758000766,-0.8309997061226927,2.652235464123459,332.020106578754,8.342432184728701e-05,0.013330996120290437
white,303,1.805317691353656,-0.8130093700804922,2.6183270614341483,191.7571675224909,7.678664364577006e-05,0.00671650965089906
white,304,1.755644619639757,-0.7663215167010466,2.5219661363408035,390.3080562091637,6.949270255842202e-05,0.013333016067946913
white,305,1.8162750323195491,-0.8312777901718369,2.6475528224913862,240.53388327013468,9.006127442579871e-05,0.010728715100001151
white,306,1.8316596404448715,-0.8391263370803457,2.670785977525217,556.185117751921,0.00011148978423613023,0.02163987445222319
white,307,1.787827540374774,-0.7972768387971999,2.585104379171974,402.9378611385949,5.672860441186152e-05,0.004270502081370172
white,308,1.7950167988596384,-0.8082208963957282,2.6032376952553666,137.74420742175073,6.034143426277439e-05,0.004144778360028419
white,309,1.8006318574052236,-0.8094560611373808,2.6100879185426042,468.7837833484634,6.934153908236262e-05,0.014515369911651555
white,310,1.8157586541036321,-0.8249759553637022,2.6407346094673345,394.58564763306094,6.448035752141569e-05,0.012180360125981322
white,311,1.7805446287115831,-0.7887299712612198,2.569274599972803,344.1162473906855,6.942272009002534e-05,0.010153502414088822
white,312,1.7936798479711524,-0.8024760451698802,2.5961558931410327,338.1950881194048,7.149828124467655e-05,0.005424322718117534
white,313,1.7979959045356602,-0.8054295028985938,2.603425407434254,944.8021424262228,8.824458157196541e-05,0.020997958940287925
white,314,1.786816672706161,-0.7957757263903572,2.582592399096518,310.90667781309736,9.851740630200528e-05,0.008653210386807499
white,315,1.827209984693397,-0.8406637193537927,2.6678737040471896,264.904631697847,0.00011675125388435625,0.013444371578257508
white,316,1.8115439172668353,-0.825024292115435,2.63656820938227,259.0061823468735,6.885417214238729e-05,0.00787511717152688
white,317,1.7943734328880985,-0.8009055996725498,2.595279032560648,290.82691861466895,8.392894392286569e-05,0.011851031363639304
white,318,1.788194485333383,-0.8012804622632284,2.5894749475966115,380.32795246016394,9.569033098198731e-05,0.017365482389942392
white,319,1.8257409270532117,-0.8381691328310377,2.663910059884249,233.46295001137395,6.240802150940354e-05,0.007290874157020563
white,320,1.7633649026326608,-0.7719246881013812,2.535289590734042,271.8254674505317,7.95795547069919e-05,0.008946014847888139
white,321,1.7552527608553419,-0.7664741287842752,2.521726889639617,367.6858099797686,7.859528461253221e-05,0.014217657850431838
white,322,1.7952189213796,-0.8061365251957612,2.601355446575361,322.3961440698916,7.556099889158459e-05,0.010890432274401765
white,323,1.762948357282172,-0.7704264094450973,2.5333747667272695,689.1613567261746,6.047497084571765e-05,0.01771591562733625
white,324,1.778593765278042,-0.7922079002146053,2.570801665492647,190.59238750226018,6.982060151093303e-05,0.00624851293927117
white,325,1.8031656973368533,-0.8124397683540222,2.6156054656908756,254.04174834077995,8.46034690043674e-05,0.010415822449231553
white,326,1.7609580497370116,-0.7691977435881087,2.5301557933251204,481.4684986483884,7.939488680261744e-05,0.012985093572261781
white,327,1.8190127020046618,-0.833207972536986,2.6522206745416477,255.21852306097185,8.069146960521661e-05,0.010081963185703357
white,328,1.8092521640963,-0.8218457292911219,2.631097893387422,275.30548866614527,8.57645041874508e-05,0.00985944195879508
white,329,1.823943659276125,-0.8350477899699695,2.6589914492460944,316.79306849764606,0.00011434734031332688,0.017668177672218403
white,330,1.782552538504604,-0.7949258447167242,2.577478383221328,406.5385166130906,9.547509126931614e-05,0.018998943809686992
white,331,1.7728798370929242,-0.7811463455048339,2.554026182597758,546.5875347534617,9.183715670955245e-05,0.01618998661236659
white,332,1.7898499664911482,-0.8006444538063355,2.5904944202974836,290.9685807554643,5.1653560885697725e-05,0.0073729246826796805
white,333,1.7886358576081454,-0.7988437364016691,2.5874795940098143,385.10680995920865,7.136750158979847e-05,0.012033790451434684
white,334,1.8089500206442388,-0.8184959671406817,2.6274459877849203,426.71255013843125,9.49244435198629e-05,0.019850127143077257
white,335,1.7943307839755998,-0.8054643439436496,2.5997951279192493,320.2499633526201,7.890712155277785e-05,0.009218347907599424
white,336,1.8300807468705917,-0.8406495100087409,2.6707302568793327,463.5169739985782,9.720330674607702e-05,0.022526512791699992
white,337,1.8006641359118372,-0.8158498439041715,2.6165139798160086,249.13624723879911,8.37026993487748e-05,0.010368313720433989
white,338,1.808178349361527,-0.8199759675897761,2.6281543169513033,247.14087239540737,9.775742124076489e-05,0.012141718290469913
white,339,1.7798413755916573,-0.7922117144387197,2.5720530900303773,370.5055602014738,8.290926083874377e-05,0.01196506300699098
white,340,1.7989297104490598,-0.8136708461871407,2.6126005566362007,237.89191038350734,5.926617339851569e-05,0.006965165986939751
white,341,1.8009149573037597,-0.8121318307929934,2.613046788096753,198.3421341266307,8.884066402112603e-05,0.008853301162582518
white,342,1.7983329547940916,-0.804643637702079,2.6029765924961707,343.8264392400194,8.765703793673849e-05,0.012730802344536798
white,343,1.7985812539650172,-0.8056061005425833,2.6041873545076006,334.8951017335841,6.780094080400222e-05,0.010066895613644121
white,344,1.7904310220934847,-0.8029765001745748,2.5934075222680595,164.586789051965,6.747767574548022e-05,0.0046024196534894
white,345,1.8216874347160734,-0.8300756407332457,2.651763075449319,320.19955499059387,6.746870235826638e-05,0.009454464413647168
white,346,1.785447031703883,-0.796997234925532,2.582444266629415,191.32450940733594,7.3213793476622e-05,0.006935969056430128
white,347,1.791408391668268,-0.8026450456864892,2.594053437354757,388.65398705124267,8.311533308629285e-05,0.015128110716621722
white,348,1.8211354203703494,-0.8352134470817447,2.656348867452094,178.36857136224194,6.927512052920352e-05,0.006176033354236203
white,349,1.7988908070956318,-0.8072750081098082,2.60616581520544,394.6621470277599,8.772882403394744e-05,0.012254727213516706
white,350,1.7872634585790117,-0.7947595822479355,2.582023040826947,453.21905005249124,8.979796009578322e-05,0.01636245991475706
white,351,1.7945672501038505,-0.8064592503424034,2.601026500446254,181.9956152007437,8.710798187313261e-05,0.007681266370353798
white,352,1.8012669689783352,-0.8112402125619448,2.61250718154028,425.7801710106523,9.876932978541975e-05,0.01376755296242987
white,353,1.7834824556226145,-0.7991166791297909,2.5825991347524053,234.06739355761076,7.905926498942561e-05,0.009189943282470437
white,354,1.8164257436643592,-0.8327493749152611,2.6491751185796204,198.4209564538146,6.609922059558869e-05,0.006554576256383155
white,355,1.7704580346651366,-0.7819499517331366,2.5524079863982734,242.69792367374677,8.838824838120797e-05,0.009911166510354102
white,356,1.798499239393606,-0.8074985434018185,2.6059977827954244,819.2898974441191,6.481191592032712e-05,0.01203945833298863
white,357,1.787832299100267,-0.7985092041818544,2.5863415032821218,312.59989611465164,8.531360902469531e-05,0.013367672267401008
white,358,1.8073994717768713,-0.8147992620766722,2.6221987338535433,586.734407544309,9.235605912121664e-05,0.027058891270672403
white,359,1.8125013994692236,-0.8230182662790761,2.6355196657482995,310.92555201073475,0.00010704238068794808,0.01522990165921555
white,360,1.824896764848618,-0.8350788506071541,2.6599756154557723,563.2433827179962,8.442045439455495e-05,0.020028882141683173
white,361,1.8248233313692472,-0.8342135752391129,2.6590369066083603,169.7486399554228,8.332544755105392e-05,0.006628255968168299
white,362,1.79936133126345,-0.8102225018078592,2.609583833071309,272.05568366287156,8.922059437864276e-05,0.011111914075261667
white,363,1.813047967358505,-0.8192282508247698,2.6322762181832746,827.2131263554461,6.17350726104908e-05,0.019790657603524216
white,364,1.741151033880729,-0.7599624402551687,2.501113474135898,142.94428491186093,7.298025306876847e-05,0.00382266744751965
white,365,1.802943387686981,-0.8095861790749421,2.612529566761923,570.243220859112,0.00010598033745061117,0.02165736476947981
white,366,1.7885268939584535,-0.7987647875420937,2.587291681500547,411.20264091680315,7.6013807198759e-05,0.015061004658711423
white,367,1.7862508913614492,-0.7974069472624359,2.583657838623885,241.59176468749726,5.689518718440291e-05,0.005882943730350236
white,368,1.8015385653744014,-0.8123668251941324,2.613905390568534,474.97496325132033,9.10031356628066e-05,0.018633034650227403
white,369,1.8034919104064633,-0.8118452969866452,2.6153372073931083,1070.4400799119787,8.29380499133281e-05,0.04155088960741458
white,370,1.8025410564187645,-0.8123235293518324,2.6148645857705968,465.4324155124335,7.49221842791109e-05,0.014644641238791384
white,371,1.7693883852669074,-0.778378716696681,2.5477671019635886,583.6190949154537,6.576448755913483e-05,0.01914991824133629
white,372,1.7598373826851017,-0.7686507394201425,2.5284881221052444,391.97562815251905,7.29091457160342e-05,0.012559246100015277
white,373,1.8090750968152884,-0.8204607800207888,2.6295358768360773,269.6023592367638,8.94661097741254e-05,0.01184183072950915
white,374,1.7939763673046676,-0.8061585861851103,2.600134953489778,353.90064308542543,0.00013701000776676284,0.024051820869195866
white,375,1.8105151607818537,-0.8239359547823871,2.6344511155642407,268.9492647452336,8.351547114324523e-05,0.01116427810282149
white,376,1.794109564326193,-0.8055196209145377,2.5996291852407305,290.5970629055636,5.619738198789359e-05,0.008185043679363355
white,377,1.7948912230549605,-0.8050021016777505,2.599893324732711,219.66666707698346,7.229757824514342e-05,0.006443490122133176
white,378,1.7793895419874386,-0.7893562789929809,2.5687458209804195,342.77759476041194,9.251529672644684e-05,0.012375382662250337
white,379,1.8327249722480077,-0.8420448958334663,2.6747698680814738,313.5174433014831,8.130211284236057e-05,0.012150528562890584
white,380,1.7922184312998375,-0.8035836184418366,2.595802049741674,306.60951822820334,0.00010705188508869715,0.01597456000900618
white,381,1.7941810310064432,-0.8076474078834167,2.60182843888986,264.4053102207892,7.362590946216781e-05,0.009449454965758634
white,382,1.8254573494482058,-0.8372920548859714,2.662749404334177,246.2240489632287,0.0001293909072104006,0.014863930208100262
white,383,1.8122398428117696,-0.8216477817187423,2.633887624530512,257.3318388844355,9.383350376378219e-05,0.010492685523438664
white,384,1.7999817093620394,-0.8072113410612162,2.6071930504232554,538.0479856795762,0.00010510662040458946,0.02825812176909186
white,385,1.8034549798756656,-0.8135018277634667,2.6169568076391325,577.64596896434,8.361609930894465e-05,0.02323324809071952
white,386,1.8396170088325179,-0.8507177653353125,2.6903347741678303,263.196238116298,8.17797836464209e-05,0.008614084601151588
white,387,1.7965538874970817,-0.8077712991638597,2.604325186660941,381.62464276151394,6.590159291308857e-05,0.011671169282772127
white,388,1.7627526383697005,-0.7705685543698233,2.533321192739524,187.75590265754732,5.741554415600661e-05,0.005340515190375225
white,389,1.7673068137410175,-0.7764723225259319,2.5437791362669495,324.08799048926403,7.590321385181689e-05,0.012265856528985496
white,390,1.802696189871543,-0.8165832513436799,2.619279441215223,341.2975030657203,6.754255638174653e-05,0.009891510539819959
white,391,1.79800742487125,-0.8105641705324579,2.608571595403708,274.6404088861049,7.177594380853615e-05,0.00691436190053335
white,392,1.8046083058506477,-0.8157688052792132,2.620377111129861,391.5743854800637,6.497510359838171e-05,0.009964509856087577
white,393,1.8053260262451665,-0.8178128695971667,2.623138895842333,304.8793636700355,7.207313919331895e-05,0.01097735102394169
white,394,1.7892383338051792,-0.7980325218640584,2.5872708556692374,409.73424978103225,5.92036235856231e-05,0.006754379466417772
white,395,1.8297757105585948,-0.8387330416189461,2.668508752177541,215.80265440858906,6.970592796441254e-05,0.007329587230908616
white,396,1.8176960227933099,-0.8270423134006547,2.6447383361939645,359.7048882603999,0.00010687352025453775,0.017067607414706823
white,397,1.814270303717523,-0.8236579202169058,2.637928223934429,325.1862321131677,0.00010265147525492443,0.016565701198027864
white,398,1.793921940009492,-0.8049007030334109,2.5988226430429027,281.25410630035674,4.934228293845995e-05,0.0036020629406139978
white,399,1.7984577133130717,-0.8028291445478485,2.60128685786092,200.8127420424271,6.006903747473452e-05,0.006146730641579944
white,400,1.7869974143228742,-0.7920535814140178,2.579050995736892,339.24403350877486,7.213945936747346e-05,0.011232340571225269
white,401,1.792200422143995,-0.8068948998348082,2.5990953219788033,196.69099893178574,7.708115559024002e-05,0.007487376460010495
white,402,1.7678077740492208,-0.780028987594426,2.547836761643647,312.4338796454983,6.652627840381814e-05,0.010531042041622333
white,403,1.8332593528915817,-0.8403220146619232,2.673581367553505,258.02145568737404,6.465443068589746e-05,0.007273658954724322
white,404,1.7757499316039866,-0.7889391972748248,2.564689128878811,385.1962638179961,7.571031739254767e-05,0.011649097617598527
white,405,1.8254351156101554,-0.8343265021436824,2.659761617753838,221.58374366473177,0.00011224604531835658,0.012505746462524305
white,406,1.7830320003831879,-0.7922416111654479,2.575273611548636,711.7313468430486,6.599039590943212e-05,0.02142897300564268
white,407,1.8130209181640133,-0.8242235281749161,2.6372444463389293,406.3627301741411,0.00012732618222745934,0.02179226288026139
white,408,1.8097376970611905,-0.8193339003252459,2.6290715973864365,403.86913636916154,7.70019374863231e-05,0.010702038409276282
white,409,1.8387007722604796,-0.8508473423435658,2.6895481146040456,323.01345870039745,6.972066432934208e-05,0.010801242673303698
white,410,1.8254952376641778,-0.8357752904475678,2.6612705281117455,260.44889353909133,6.742516403132615e-05,0.008683725881094033
white,411,1.8062924438430357,-0.8170495712457271,2.6233420150887627,443.4699332239099,0.0001001485327330777,0.008905400014107712
white,412,1.8003815812131916,-0.8076099215848351,2.6079915027980265,286.4003420882952,8.75224039731861e-05,0.011261380047347466
white,413,1.727735297258029,-0.7392517103937781,2.4669870076518072,453.27933867521085,5.561609134576567e-05,0.012393929586777546
white,414,1.8156182021254903,-0.8261993451051651,2.6418175472306555,349.5545113721878,8.505830157362268e-05,0.012918245534190262
white,415,1.8061340532281953,-0.8170931076106832,2.6232271608388786,434.5965781983307,9.252861165992901e-05,0.019341289905842978
white,416,1.7864560854332798,-0.7932375409407659,2.5796936263740458,350.97972345559504,6.285068815397969e-05,0.010022921700465322
white,417,1.7427569949693151,-0.7518290027424478,2.494585997711763,342.6078782664132,5.074806187113472e-05,0.00867662289485355
white,418,1.788490099520774,-0.799060142030488,2.587550241551262,180.05085233528192,8.753791587320404e-05,0.007583288215588695
white,419,1.786149995412755,-0.7958780038475444,2.5820279992602995,452.3632921763052,8.871654330666265e-05,0.019468534915240233
white,420,1.8109724221189598,-0.819964473831572,2.6309368959505317,294.0931010262403,9.548247612577165e-05,0.011578904252771778
white,421,1.7783184462930774,-0.7867547733781121,2.5650732196711896,567.2934199697069,6.94200809256626e-05,0.018968481382936095
white,422,1.784294230291651,-0.7942395075815369,2.5785337378731876,555.2728254433879,6.817342787411931e-05,0.016127865707281534
white,423,1.801389590895941,-0.8089113398530001,2.610300930748941,298.86489626344826,4.7757168305461416e-05,0.006833063464727901
white,424,1.8313194640706545,-0.8406084351151922,2.671927899185847,389.17056950663164,7.124363466963317e-05,0.013716711542948545
white,425,1.7867070472635445,-0.7955097809529293,2.582216828216474,386.36047565048807,6.729915342593151e-05,0.010228445916306509
white,426,1.7677265548254155,-0.7787554639690212,2.546482018794437,357.0768427220339,6.58594916239097e-05,0.011647378343699584
white,427,1.8175241136821632,-0.8268868550213897,2.6444109687035526,341.3661536248398,9.566956724841105e-05,0.01240346856706815
white,428,1.8185908541576261,-0.8285380095350994,2.6471288636927257,332.94901011227375,8.833455834758065e-05,0.011513791706074748
white,429,1.7832852467265574,-0.7993198188068456,2.5826050655334027,219.65501744289026,8.051901646977978e-05,0.008777720731840162
white,430,1.7945157200990727,-0.8098085314938149,2.6043242515928875,357.30774697040573,9.395434893009341e-05,0.014129939345398048
white,431,1.8088792116857073,-0.8165087676792404,2.6253879793649477,417.0353859284208,9.076643317145264e-05,0.01684162746410172
white,432,1.811634519623575,-0.8230838242381959,2.634718343861771,256.4648419351695,0.00011342244100410147,0.013567688624987122
white,433,1.7723861837962507,-0.7815630655142827,2.5539492493105334,464.57909566350395,6.923083061068092e-05,0.01029514136890607
white,434,1.7570107706885554,-0.7659668848159628,2.5229776555045182,409.2087600018206,6.892490859685546e-05,0.013684710402007758
white,435,1.7971171703363358,-0.8027834798654608,2.5999006502017967,642.8234734510311,6.701374244402411e-05,0.016799781134046725
white,436,1.8022749602730026,-0.8157819391767583,2.618056899449761,197.13254845577418,8.545337648542019e-05,0.008290693587266721
white,437,1.8191193052920782,-0.8291999966965188,2.648319301988597,280.72804115651815,0.00010876397622128914,0.015095494157874995
white,438,1.7961670361532063,-0.8109339690639231,2.6071010052171295,212.74437200385583,6.671876251174245e-05,0.006908423681214833
white,439,1.8293201663837126,-0.8404189115162011,2.669739077899914,229.1240483110599,8.150002468449401e-05,0.008862505458010074
white,440,1.7678157768142182,-0.7785793957921247,2.546395172606343,354.3740623270398,7.59842832150099e-05,0.013475782608340415
white,441,1.7817332232474474,-0.7896525836043855,2.5713858068518327,471.9781596368394,6.951302506676485e-05,0.01552869384472838
white,442,1.8107930225998732,-0.8262733673855975,2.6370663899854705,190.5284894084997,8.183611231566724e-05,0.004540796520060538
white,443,1.7852318383535863,-0.7973226389127008,2.582554477266287,287.5061982805641,6.509887437681008e-05,0.009248276997745946
white,444,1.7679662852890332,-0.7769460710602856,2.544912356349319,407.7648294901652,5.1668728365331096e-05,0.008213103082678792
white,445,1.7619802020706083,-0.775446861075828,2.5374270631464366,312.89842522836966,6.126217854060187e-05,0.009554804930523663
white,446,1.8091999493684148,-0.8186874678495895,2.6278874172180045,520.8045762810306,7.242876440177737e-05,0.01754800567352152
white,447,1.8170590145405754,-0.8267680772258105,2.643827091766386,752.8814168164143,6.86813020070419e-05,0.021573535479552302
white,448,1.82061216737644,-0.8315920914487861,2.652204258825226,347.6432492757226,9.412339411379866e-05,0.014000300569170473
white,449,1.8113544065519378,-0.8225990184184371,2.633953424970375,403.56370829478163,0.000107361365018762,0.02105745905796918
white,450,1.8007256748266216,-0.8117624201799382,2.61248809500656,252.0142760410507,6.295269568799659e-05,0.0036657151548813
white,451,1.8083642424876363,-0.821151165745365,2.6295154082330012,356.90421678054236,8.493228285309448e-05,0.013839125611369078
white,452,1.7956298986650239,-0.8045124293870977,2.6001423280521214,312.2745477050676,8.613416502804491e-05,0.013381943754227299
white,453,1.8220567162002108,-0.8304386487132199,2.6524953649134306,652.1757291643356,6.904660408794255e-05,0.008985281755741282
white,454,1.8231769260002937,-0.8348947938892112,2.658071719889505,141.65089057480915,7.160853747221682e-05,0.0050569740357681945
white,455,1.7720624571890966,-0.7844767023179525,2.5565391595070492,204.37859121670664,7.55625817417515e-05,0.007661683431936129
white,456,1.8032327715485854,-0.816694609895384,2.6199273814439694,235.43814048726117,8.524207375050497e-05,0.010050857342659916
white,457,1.8308867982730619,-0.8405984974468159,2.6714852957198776,351.4738547694147,6.925735984608834e-05,0.012200525704428934
white,458,1.7710847697196948,-0.7818770693303452,2.55296183905004,608.8955945290198,8.003857827027991e-05,0.023883233683765808
white,459,1.7927781963281468,-0.8041434074080764,2.5969216037362233,388.3714381693569,9.467482405797409e-05,0.01648193608302374
white,460,1.809859902910616,-0.8223673995360437,2.6322273024466596,176.24263951123163,8.528283458582656e-05,0.007557451984237405
white,461,1.83900424870008,-0.8479315224063119,2.6869357711063917,576.820797839836,8.579853714904898e-05,0.009825438666858966
white,462,1.8051124855289602,-0.8145548184195889,2.619667303948549,352.5259629239997,8.623068812912624e-05,0.014016967465655394
white,463,1.8070265928151485,-0.8187423012542299,2.6257688940693784,226.62329613907886,8.445542884534529e-05,0.007885575201584246
white,464,1.8208293753855855,-0.8296388386634129,2.6504682140489986,418.1938598633002,0.00010534059493983589,0.017315704177915496
white,465,1.7761347016039533,-0.7900656263212872,2.5662003279252406,219.14893103917447,7.64538015327193e-05,0.006912378404734604
white,466,1.783348035876455,-0.7913841846101418,2.574732220486597,543.9311883751028,6.61505126277745e-05,0.013772110548228496
white,467,1.8042303976514233,-0.8113836088128346,2.615614006464258,609.9479773900649,8.554915827209061e-05,0.022546649019385308
white,468,1.787026743300072,-0.7973289203574578,2.58435566365753,422.9635522578205,8.28927813160095e-05,0.014770096696375442
white,469,1.8053695386427362,-0.8158227608957493,2.6211922995384853,473.89948029670836,8.38335051304949e-05,0.015166221991646042
white,470,1.8011754148727694,-0.8118557797902486,2.613031194663018,244.19394089575908,9.267459279265443e-05,0.011269858796612303
white,471,1.7911037399221768,-0.8045131873761152,2.595616927298292,185.5564713924294,6.99230909909027e-05,0.006340464442552399
white,472,1.7748048038868678,-0.7851111930281492,2.559915996915017,541.2978275408728,6.542801888030289e-05,0.012679454594917539
white,473,1.8035797892918402,-0.8175472254380558,2.621127014729896,198.39345815850692,6.607350175951137e-05,0.006430671588972392
white,474,1.8076039369034616,-0.8168092958850349,2.6244132327884966,517.4864277048143,7.173121787018913e-05,0.016904012701454734
white,475,1.7803300688978072,-0.7903449145646266,2.5706749834624336,324.09640555858226,7.119224993898735e-05,0.011320062508900143
white,476,1.8027112818989381,-0.8100196857145083,2.6127309676134463,526.2491481160438,7.904760175975536e-05,0.01916766448984223
white,477,1.7743098769770338,-0.7855928133862701,2.559902690363304,479.12837426215344,9.204170293649477e-05,0.019373072168953395
white,478,1.7790012189588704,-0.7905069904385975,2.569508209397468,202.66571803423815,7.40440009638901e-05,0.00702007055275814
white,479,1.8158136450093942,-0.8249170171868709,2.6407306621962654,249.8789908367546,8.905714483609974e-05,0.010333237148909484
white,480,1.8126322455607426,-0.8231228029147477,2.6357550484754904,504.2337719774014,0.00013211410285492164,0.02891496175401986
white,481,1.788674150786599,-0.7967032200844157,2.585377370871015,519.6323912093425,6.361995229503536e-05,0.016127154297189025
white,482,1.7812375226902637,-0.7913904230104019,2.5726279457006656,323.4512991957681,6.252006630041822e-05,0.00946780966849075
white,483,1.7928561981505562,-0.803938735469158,2.596794933619714,346.54579081439425,6.554470654601512e-05,0.005400500527522639
white,484,1.8180656423510195,-0.8304897908826883,2.6485554332337076,259.9762150376444,0.0001038197994635403,0.013323271440605005
white,485,1.7945698545696123,-0.8037422941970627,2.598312148766675,272.6582937831935,6.832798255640253e-05,0.0060638972060903405
white,486,1.8052163564123536,-0.8151901076384946,2.6204064640508484,387.83525536114314,8.315397815923317e-05,0.014975123098641309
white,487,1.8075827882923479,-0.8173797427402545,2.6249625310326024,255.70359800229386,0.00011757583181264478,0.013159931684094631
white,488,1.7768883897178367,-0.7886326969817097,2.5655210866995466,273.6253426222906,5.413540953537466e-05,0.004224696410356655
white,489,1.8192938265119523,-0.8310404981715647,2.650334324683517,344.14680634021903,9.222232796126176e-05,0.01591310119696003
white,490,1.8104277794365364,-0.8239281543368357,2.634355933773372,203.09622188524511,8.149220085612238e-05,0.008320255514990384
white,491,1.794332349623939,-0.807219484626363,2.601551834250302,254.2144354457359,6.840364653470411e-05,0.008673889865844532
white,492,1.8168947604944696,-0.826670601120941,2.6435653616154107,400.4922029442225,8.855329219336489e-05,0.01759956052679183
white,493,1.7903081551854203,-0.8011071814114745,2.591415336596895,412.90944634846096,7.636558990323575e-05,0.012633956609580436
white,494,1.8105614146754427,-0.8178494016846808,2.6284108163601236,403.8491106248632,0.00012791746826823144,0.02365247059377653
white,495,1.789766616471179,-0.8006403511096907,2.5904069675808694,205.57591829185932,7.890470313105455e-05,0.006465887527157177
white,496,1.8170387639819752,-0.8253463999002152,2.6423851638821905,510.2606236034309,8.243711543391707e-05,0.021046650469651575
white,497,1.7948984728484763,-0.8035000640853668,2.598398536933843,358.67336310119026,7.43634623739664e-05,0.013156679563992286
white,498,1.8087013892764077,-0.8243067253830385,2.633008114659446,232.31212085607018,7.539153788865827e-05,0.007599449595771987
white,499,1.8332138182933775,-0.8425161564307718,2.6757299747241494,292.4574816835634,6.609003653585376e-05,0.009550779277350189
white,500,1.815127189498141,-0.8255259784612833,2.640653167959424,427.79333270717217,0.00010800620464360838,0.022238036512218874
white,501,1.7765174057552453,-0.78542482000956,2.5619422257648052,579.7723301907771,6.221834054773168e-05,0.010433120094736811
white,502,1.764648071263878,-0.7757839910309153,2.5404320622947933,329.06086504107355,6.875327516803025e-05,0.009386034761002327
white,503,1.80390546485193,-0.8099429805890347,2.6138484454409645,311.41742382658833,0.00010174072217519758,0.01565617781379167
white,504,1.7864630122569956,-0.7936688968366561,2.5801319090936516,521.69509419383,5.1195555868039505e-05,0.010232204960606934
white,505,1.8003410649162825,-0.8076805108695795,2.608021575785862,608.9911942269496,9.153062378230645e-05,0.022906092294781587
white,506,1.7806132848834058,-0.793130466309991,2.5737437511933967,368.07242772042775,7.424302060534543e-05,0.013436728827418098
white,507,1.8173213031224236,-0.8290621468270822,2.646383449949506,367.71725790000494,8.496608061410796e-05,0.010629394138125308
white,508,1.8182855370973714,-0.8310033085262561,2.6492888456236274,300.0988729833171,9.088861623115542e-05,0.012279033132459476
white,509,1.7709141934159949,-0.7811812826565238,2.5520954760725187,264.8673563030899,7.938080765421476e-05,0.010358329849436585
white,510,1.8001723503248896,-0.8107105722524804,2.61088292257737,442.5398391723327,5.913640405362172e-05,0.013165786386276043
white,511,1.7730558958456424,-0.7847334114905211,2.5577893073361633,399.90420866282443,8.521924739271838e-05,0.011403874568880938
white,512,1.8096000502423932,-0.8205447890471778,2.6301448392895708,308.9037619101657,6.572902949448026e-05,0.010104885092245695
white,513,1.767206098130723,-0.7841423114875447,2.5513484096182677,204.11105874959722,6.460605191467832e-05,0.006534078306014544
white,514,1.7775341875315396,-0.7844916880052274,2.562025875536767,697.2519941192797,6.967110997301365e-05,0.006506186625917284
white,515,1.782033643567701,-0.7898328787638442,2.571866522331545,493.7379586703115,7.991903422583171e-05,0.019883481415559564
white,516,1.768428777619197,-0.7832456032040483,2.551674380823245,171.73186941515368,6.392738173941186e-05,0.0054768806860116
white,517,1.8359560229046545,-0.8498672120181807,2.685823234922835,158.301227026888,7.42408474968554e-05,0.005762260464588
white,518,1.7526585229928082,-0.7636408294638205,2.516299352456629,297.28801664690656,6.0289701345450294e-05,0.00861056889223715
white,519,1.767559313669053,-0.7785239362849983,2.5460832499540516,572.813475878039,6.932459152156692e-05,0.016368324429646714
white,520,1.7862192581863294,-0.7927962543143634,2.5790155125006926,560.5902549939633,8.186848445175532e-05,0.011961871613452663
white,521,1.793629655351178,-0.8051338687277881,2.598763524078966,485.13351822639385,0.00012335424017002883,0.030083333680454467
white,522,1.7633932949768945,-0.7716817642078628,2.5350750591847575,202.68928163078195,5.88370791432492e-05,0.005889515792753663
white,523,1.7810038658714316,-0.7925201287113398,2.5735239945827715,267.7404951511595,6.372250325524e-05,0.007528395324204657
white,524,1.8081493950619079,-0.8150523901224496,2.6232017851843574,384.09308758560104,6.923340405245136e-05,0.010751038822434226
white,525,1.7766987144448052,-0.7864888749229617,2.563187589367767,400.04361211930984,5.330742026592346e-05,0.0084215423015554
white,526,1.7935547756715047,-0.8067306258108345,2.6002854014823393,243.87339375454118,7.455077927061467e-05,0.008847120991263998
white,527,1.8010685297890239,-0.8124698145638969,2.6135383443529205,172.76212007533726,8.728175083493658e-05,0.00753327399032853
white,528,1.784326452594757,-0.795117415227538,2.5794438678222953,228.50510018908778,6.177400974511412e-05,0.006301660317192102
white,529,1.8038489353917126,-0.8161461461377814,2.619995081529494,291.31851842078606,0.00010756988796800648,0.011544474547227686
white,530,1.7864849451526044,-0.7983546137852159,2.58483955893782,305.1028468673983,6.575377926073232e-05,0.009552440672204073
white,531,1.8033811570134366,-0.8134346962516367,2.616815853265073,302.3351440208876,7.436958673654771e-05,0.008043925194684777
white,532,1.8109553008080215,-0.8214651476167704,2.6324204484247917,228.4918763542584,7.85755524350916e-05,0.008886438145245016
white,533,1.7823143985103373,-0.7903429029578984,2.5726573014682357,479.9361908748167,6.2207259341477e-05,0.014256011821798089
white,534,1.8001400717832299,-0.8088320890533457,2.6089721608365757,203.88571137329288,6.509790551055984e-05,0.006262075435104742
white,535,1.8218867143154907,-0.8315668422137236,2.653453556529214,281.7927217628863,0.00010598927857603802,0.01369757004344826
white,536,1.8317590563760988,-0.8430627599078974,2.674821816283996,354.24070357442963,7.735463969044641e-05,0.013425219794823277
white,537,1.7991815786622907,-0.8112998525980174,2.610481431260308,263.9882950109462,9.082496506098749e-05,0.011657574927592755
white,538,1.797686226940398,-0.8097622181447954,2.6074484450851934,297.9383512342849,7.807621577404084e-05,0.01087915447407902
white,539,1.811021129640471,-0.8181735643151228,2.629194693955594,455.5506634044888,7.238701627785421e-05,0.006817204347005528
white,540,1.789885273560222,-0.8001736798640857,2.5900589534243075,539.6383171960405,6.520437635171641e-05,0.014461641023350872
white,541,1.758732867719622,-0.7675891619285545,2.5263220296481763,405.1604111265162,7.163411697683891e-05,0.008345535225021645
white,542,1.8046108833010848,-0.8167424169629566,2.6213533002640412,194.40777598086643,7.483487448486752e-05,0.0061539849171493395
white,543,1.8131303807782593,-0.8243189085420283,2.6374492893202874,373.32372141414686,9.203080882750486e-05,0.016943191667478114
white,544,1.7797178582740827,-0.7890895632943685,2.5688074215684513,337.2615630384041,8.645352508176822e-05,0.014564222445635785
white,545,1.757898300844871,-0.7713959830798767,2.529294283924748,209.49256355844253,7.184799214623831e-05,0.006742137012834494
white,546,1.8204172661298814,-0.8302015598510948,2.650618825980976,412.29555281629723,8.13567136146269e-05,0.015092385178061284
white,547,1.7994906450397987,-0.8130084710185617,2.6124991160583604,226.70658069426,8.617185265040288e-05,0.009440920386946671
white,548,1.8203886199061656,-0.8300323201026152,2.6504209400087806,273.93016346831337,6.570245950581442e-05,0.008989923532606343
white,549,1.7834087712645512,-0.7951211308669874,2.578529902131539,546.0742064166727,8.179540967310703e-05,0.01794445766361319
white,550,1.8004218946904624,-0.8118228954703686,2.612244790160831,250.3364707489594,5.411775377063034e-05,0.004790458163263521
white,551,1.8015895225640086,-0.8106085198409684,2.612198042404977,293.751239099436,7.992128672313845e-05,0.010110457580767859
white,552,1.8165133879901858,-0.8274170587344438,2.64393044672463,240.13183375619326,0.0001270356930910578,0.012344375603070178
white,553,1.810674587875866,-0.8189082801921218,2.629582868067988,364.2945017600385,5.697296634831622e-05,0.006599399331126469
white,554,1.798909095777788,-0.8050508070104062,2.603959902788194,349.4729911683846,8.615849498424567e-05,0.015034889083195429
white,555,1.82431476687891,-0.8353899919783394,2.6597047588572496,336.0801329691238,7.400535127308379e-05,0.00904307521851947
white,556,1.8122006983340362,-0.8204986855277966,2.6326993838618327,490.5042594342741,6.50741090707091e-05,0.015170082714536041
white,557,1.814992562908651,-0.824881314098012,2.639873877006663,246.6141134063268,7.006614272454977e-05,0.006144876278417142
white,558,1.803328845846145,-0.8142059347116125,2.6175347805577576,326.75392762194167,7.041142535343242e-05,0.011471340576552358
white,559,1.7784359450310505,-0.7877434147045776,2.566179359735628,409.03501941878363,7.439750885036844e-05,0.013221241324849338
white,560,1.7754993816804372,-0.7850206887186801,2.560520070399117,354.25921459203,6.603269934366343e-05,0.010819726228090592
white,561,1.8276924862051596,-0.8365934426733044,2.664285928878464,229.47855395634312,7.799435860846547e-05,0.008454425007103037
white,562,1.7534847966589493,-0.7579472887442323,2.5114320854031815,371.52107076595775,5.1627342455347336e-05,0.009589659628804781
white,563,1.8236119575455352,-0.8367165434722702,2.6603285010178053,426.979289838658,5.876969086462264e-05,0.00840492886031159
white,564,1.7812723117210087,-0.7893123345226564,2.570584646243665,270.0101098273153,6.913916358628966e-05,0.009446951918504892
white,565,1.8256998654453314,-0.8353611807877399,2.6610610462330713,366.20236964800046,0.00011091175486020038,0.011941979166591652
white,566,1.7781077618672156,-0.7889381042391229,2.5670458661063384,294.81610939015724,8.780559759124368e-05,0.005614482219721213
white,567,1.8420983413847494,-0.8552579161504039,2.6973562575351533,206.71232821036998,9.706694082317266e-05,0.006760474339470984
white,568,1.8139866535495317,-0.8229433359022867,2.6369299894518186,434.2893253725026,8.90135035749133e-05,0.011374678547555417
white,569,1.7698952445606642,-0.7786045857376942,2.5484998302983586,279.25100443076536,7.552002337359032e-05,0.008785741651963712
white,570,1.8183369692077782,-0.8284520610650284,2.6467890302728065,486.83640485743996,7.992100073441269e-05,0.015563770028735685
white,571,1.798529230438641,-0.8077300702014861,2.606259300640127,163.99758541924595,5.3680801936077834e-05,0.004291656785286293
white,572,1.8407765598366526,-0.850036875171384,2.6908134350080366,396.86296200800064,8.292285608303349e-05,0.0149031390528882
white,573,1.7902360750392987,-0.8000416896200585,2.590277764659357,207.9665201356101,9.12124972191914e-05,0.007561491480488172
white,574,1.8366451780385853,-0.8457354713888812,2.6823806494274667,288.2957451858259,0.00013817532447955513,0.019550056287566522
white,575,1.811811658911543,-0.8218630231264784,2.6336746820380212,488.57074679337677,6.329077632463188e-05,0.007688803847764559
white,576,1.796481152347196,-0.8080061103648236,2.6044872627120195,257.47539291765116,6.350720822983873e-05,0.007023072902950642
white,577,1.84194694615571,-0.8532629335202976,2.695209879676008,257.0505940949478,0.00013417770573718665,0.016840126360637978
white,578,1.8103813170756655,-0.8212963275222626,2.631677644597928,197.7532950625924,0.00011916082439365067,0.011143760686121162
white,579,1.816839357391337,-0.824157227941324,2.640996585332661,318.36386337708404,8.13408618103497e-05,0.012535388238281282
white,580,1.7859502257240576,-0.7949909248036555,2.580941150527713,176.29064374850446,7.406069592152086e-05,0.006555582372657437
white,581,1.8039261045987056,-0.8153962178605715,2.619322322459277,331.25189780884483,8.677610834511781e-05,0.014006465744642493
white,582,1.7830919493027342,-0.7984153609394318,2.581507310242166,206.59092907040676,7.887701925390032e-05,0.0076471402290135704
white,583,1.8012518929174837,-0.813944822830707,2.6151967157481906,314.40332536186423,0.00010603119845086287,0.01618622082074111
white,584,1.7795566140932417,-0.7908062131845635,2.570362827277805,231.7198117847196,7.169858033395128e-05,0.006995692161734065
white,585,1.8079845199291775,-0.8174231964343855,2.625407716363563,367.679382011817,6.342191683103571e-05,0.011422343707833318
white,586,1.8020845309217657,-0.8089136100553703,2.610998140977136,312.18949860112417,8.837409117341821e-05,0.013424749747838893
white,587,1.8276921066037835,-0.8366205668943579,2.6643126734981415,387.85330418543305,6.676660839107298e-05,0.00890143765656009
white,588,1.7685946781821689,-0.7771816970164426,2.5457763751986113,364.52971158798084,6.996936227678108e-05,0.010212900431281736
white,589,1.7588731570994949,-0.7710552234877216,2.5299283805872164,303.42146487960395,7.683814315405206e-05,0.009904589539503935
white,590,1.7878290770054943,-0.7996812044222071,2.5875102814277016,321.9553998001862,7.678439920205844e-05,0.00910527829845255
white,591,1.776657822022961,-0.7871505588410863,2.5638083808640473,345.8814157788936,7.621080733947495e-05,0.01124857832199393
white,592,1.8070120287373708,-0.8175297733218152,2.624541802059186,305.68490809310293,6.531472831306992e-05,0.008812027650506952
white,593,1.8188631939753206,-0.8299080433841116,2.648771237359432,322.3688751909887,8.419652662970331e-05,0.013252587830129055
white,594,1.8392771274657782,-0.84718462914646,2.686461756612238,227.68904221570267,7.020383777702789e-05,0.0067602509696783105
white,595,1.7601609285632827,-0.7749657834340713,2.535126711997354,228.2084315364826,4.5830715796601855e-05,0.004678899515565882
white,596,1.7872902894966336,-0.7974010382738725,2.584691327770506,422.76345653047804,8.502640707585066e-05,0.018023298813909072
white,597,1.8150981283374705,-0.822673025879856,2.6377711542173268,265.4509130078923,8.609847382794363e-05,0.01123691595296938
white,598,1.7763643622716705,-0.7863713996369992,2.5627357619086695,340.8200934011642,6.346112802892503e-05,0.008462909166648103
white,599,1.7954650132688503,-0.809557918989695,2.6050229322585454,346.26164559881107,5.684010587209132e-05,0.0073969819721174165
white,600,1.7983270715826662,-0.807587705509334,2.6059147770920004,304.03763510035486,8.972515489692572e-05,0.013583717500542708
white,601,1.7774736668624724,-0.7862140884345064,2.5636877552969786,488.6582490147838,7.081132495209697e-05,0.014605008611167142
white,602,1.7379630901181693,-0.7499997630608857,2.487962853179055,318.6453472108521,6.178126752014873e-05,0.009239521045817522
white,603,1.8137715307294726,-0.8262559309397857,2.6400274616692583,228.7164019312603,7.983710200370683e-05,0.008005128882769948
white,604,1.7913161941705624,-0.8022648598370494,2.593581054007612,231.39548390204027,9.81898551467384e-05,0.011403350275014526
white,605,1.797565704644449,-0.8063871711968996,2.603952875841349,553.8036261933573,6.293935941231732e-05,0.01659521782422223
white,606,1.7510245099895436,-0.7646378242627968,2.5156623342523403,211.3777355218441,6.890644748165468e-05,0.005860699529403546
white,607,1.7943483694414584,-0.8046594585720547,2.599007828013513,152.25097233785132,7.958845398173698e-05,0.005865217226780947
white,608,1.8123919152867607,-0.8230568042357114,2.635448719522472,394.8999181599911,9.366017824666631e-05,0.016012744464975217
white,609,1.759469678865029,-0.771269782266554,2.530739461131583,442.10794665803036,6.703436494963529e-05,0.013560812150918955
white,610,1.8166977199350791,-0.8240182272729345,2.6407159472080135,462.998699909162,7.298071119777802e-05,0.014100126081030284
white,611,1.8047531990061394,-0.814529853272124,2.6192830522782633,232.84947556763944,8.486192276386216e-05,0.009869467730241912
white,612,1.8094468740834242,-0.8178137579628965,2.6272606320463208,366.5677987080987,7.161681437582203e-05,0.011613032230111247
white,613,1.794595306313455,-0.8049435806560585,2.5995388869695137,244.7216955254979,7.009727291923395e-05,0.008155295096001228
white,614,1.8028223459432073,-0.8132922797030899,2.616114625646297,422.3190770215929,7.75638261930299e-05,0.016370323593503287
white,615,1.7891358455279103,-0.7990978404348967,2.5882336859628072,336.32220550883585,0.00010004251338307721,0.016305639600173102
white,616,1.8562817151310498,-0.866486156428467,2.7227678715595167,297.58505026172395,0.00010139648785937802,0.014704149342332096
white,617,1.7696046524207112,-0.7793188669276735,2.5489235193483846,637.1375980155493,6.418997610410301e-05,0.019920348440760287
white,618,1.803983272409602,-0.8136591147185636,2.6176423871281655,560.8094467611934,7.436947366811289e-05,0.02064630715368394
white,619,1.8132852887848698,-0.8222481825269079,2.6355334713117777,417.8306306838128,7.248279133975112e-05,0.012326002965400236
white,620,1.7859705191718378,-0.7969213659500125,2.5828918851218505,296.5785991220043,0.00010999656430615845,0.015929429435577656
white,621,1.7909126023394821,-0.8006069327135731,2.591519535053055,318.3857223215071,9.09110917766548e-05,0.014432728369384988
white,622,1.79896179885013,-0.8060551652541821,2.605016964104312,273.749448145771,9.985914418654367e-05,0.013423798846583058
white,623,1.7561988442081995,-0.7651614945240154,2.5213603387322148,503.39055634364337,7.639652455143642e-05,0.019244455143237568
white,624,1.7798951419568076,-0.7918074305845282,2.571702572541336,403.62953568076307,7.52526999828803e-05,0.014694340935850713
white,625,1.7784810827420228,-0.7880222402260203,2.566503322968043,417.98150665010576,9.346624750647403e-05,0.01486665354435025
white,626,1.8003054075141542,-0.8139190410768361,2.6142244485909902,285.85796423189095,5.850174720714238e-05,0.008311300939865459
white,627,1.7710770887586775,-0.7796011010290934,2.550678189787771,308.44752964047717,6.1141135139553e-05,0.00940844245988262
white,628,1.8222850937610091,-0.8306176484279316,2.6529027421889406,454.7094353811112,8.047038697753944e-05,0.016773590375548226
white,629,1.8143511702843353,-0.8217446035024187,2.636095773786754,429.8998226132984,9.164549598606603e-05,0.01824216267841511
white,630,1.7876439368396866,-0.7973992376192302,2.585043174458917,318.9051593223075,6.235317210281054e-05,0.006652782779811789
white,631,1.800259636036237,-0.8099179514216562,2.610177587457893,421.75150618410396,6.952501202390528e-05,0.012440924606336279
white,632,1.7730820535563623,-0.786809486734933,2.559891540291295,249.80740687243969,0.00010041338628965363,0.012426485832092446
white,633,1.7992309453240671,-0.8166794788674673,2.6159104241915343,111.52836664665176,6.279778749219804e-05,0.0033600122881069297
white,634,1.7809604516060293,-0.7868872789629112,2.5678477305689404,248.57801913127247,6.075812510302186e-05,0.006567435284541729
white,635,1.7764515320686276,-0.7874566333393626,2.56390816540799,242.53607413389125,7.506197693684519e-05,0.009163000297419333
white,636,1.773532163527356,-0.7841738357453112,2.557705999272667,288.36546132281995,6.0598516724111665e-05,0.00832520183899491
white,637,1.7869053982823386,-0.7956168181769971,2.5825222164593358,427.3899976007536,7.016807518385633e-05,0.013866008055483702
white,638,1.7694616160111507,-0.7814539381415934,2.550915554152744,243.03354244041407,6.325717267667737e-05,0.006085373651072489
white,639,1.7867148224902822,-0.7970877942381601,2.5838026167284425,770.116716537225,6.245909496686505e-05,0.01323267098454959
white,640,1.803927330947654,-0.8106514075315573,2.6145787384792114,648.3352854841428,6.70996858580103e-05,0.012478145912101678
white,641,1.7981333613407762,-0.8095412402362632,2.607674601577039,432.3872053538494,8.047949269924387e-05,0.016539580807708485
white,642,1.7809724927006323,-0.7875358975981239,2.5685083902987564,332.6447067943888,7.57759473883051e-05,0.012119417923334031
white,643,1.809149382428665,-0.8209400400911263,2.6300894225197915,265.817806668762,9.376250480300392e-05,0.010924207551666353
white,644,1.7844673623102272,-0.7966076631253048,2.581075025435532,320.9412382192091,8.589245320392638e-05,0.009954749742334923
white,645,1.8103394723794375,-0.8209024968400739,2.6312419692195115,297.4129496679985,7.950794914039945e-05,0.01065103325420211
white,646,1.8057925706514952,-0.8169602985513814,2.6227528692028765,268.82390273856765,8.932782021700558e-05,0.00935094782618098
white,647,1.8127533929989343,-0.8212518998596473,2.6340052928585815,501.6571522269797,9.181912110319684e-05,0.021091072856759662
white,648,1.8083283831793389,-0.8226625348611363,2.6309909180404754,150.62228164554162,8.75124039418744e-05,0.006590776887286735
white,649,1.7456338743303574,-0.7546438695143642,2.5002777438447215,451.9874907081068,6.199997994640882e-05,0.011733916089905786
white,650,1.7799053090104273,-0.7935223754463053,2.5734276844567328,329.9923013651491,6.939253706237693e-05,0.011153411897810299
white,651,1.8109974780592697,-0.8216679509663823,2.632665429025652,379.4646403373566,8.344560761474121e-05,0.015784342305568518
white,652,1.8184657211301942,-0.8274739785569,2.6459396996870943,282.2044256628944,0.00012657293930841765,0.014212188950983471
white,653,1.8052422114410107,-0.813904051963486,2.6191462634044966,312.8482662381912,8.112727592591087e-05,0.010202128970846979
white,654,1.7952228171061986,-0.8092220074991945,2.604444824605393,214.6339175463101,7.623676381635601e-05,0.006992582481332244
white,655,1.8084726491379959,-0.8199733560679359,2.628446005205932,158.94280084033397,8.145481570807044e-05,0.005477644839019001
white,656,1.7672107481869077,-0.7749729974692657,2.5421837456561733,659.4115230283886,6.477977795024334e-05,0.014992426444900935
white,657,1.799804137742917,-0.8096000408865411,2.6094041786294584,298.61984372114,6.899843864268708e-05,0.01024752249585418
white,658,1.7780390557206844,-0.7889802901294795,2.567019345850164,447.21234760609417,6.226560901186583e-05,0.009709861292044942
white,659,1.8078195574298335,-0.8154808600273752,2.6233004174572088,397.76982275605525,7.868112655905202e-05,0.015609705314711382
white,660,1.821824460743071,-0.8318487329453903,2.653673193688461,431.84753280947444,7.174197091139485e-05,0.015600537826678177
white,661,1.7682314151254905,-0.7804084231412307,2.5486398382667215,367.0621903065026,6.610479599889613e-05,0.005024827741539015
white,662,1.8161495238883485,-0.8255247956096239,2.641674319497972,424.6494945445101,7.574449063200289e-05,0.007338126875171599
white,663,1.8135482660334112,-0.8280058866821374,2.641554152715549,210.98534311765385,8.926613271657662e-05,0.008853210079160966
white,664,1.8017745330497206,-0.8101011405230848,2.6118756735728055,392.80765752707083,0.00010238812907576583,0.018340680828500287
white,665,1.7984327602815002,-0.8099323696136455,2.608365129895146,410.5437190863298,9.837069705121923e-05,0.009536977270236845
white,666,1.7752894780334787,-0.7874842323671817,2.5627737104006605,300.8616827527702,7.684473617762533e-05,0.011278909622749243
white,667,1.7284161979307298,-0.7424011848210805,2.47081738275181,328.3947532044016,5.6350970263824296e-05,0.008806720679638617
white,668,1.8023896947703961,-0.8109535289599558,2.613343223730352,742.3870032627872,7.476151547569643e-05,0.011243665055948886
white,669,1.822014145118876,-0.8304801036781098,2.6524942487969856,478.46748691212554,8.0707805433268e-05,0.018305711284016528
white,670,1.7728976345438001,-0.7866878103838628,2.559585444927663,180.66016115365025,5.336731210256636e-05,0.004230592569312579
white,671,1.7772003004451413,-0.7854818910126159,2.5626821914577573,617.4714781672615,6.905238246477513e-05,0.021297691838934277
white,672,1.8168758264979668,-0.8260312950922928,2.6429071215902598,546.0338227319438,0.00010341969625154643,0.021362979845930562
white,673,1.8076329017929407,-0.8195735458878435,2.627206447680784,256.6365601383771,7.159105720682714e-05,0.008825336988328754
white,674,1.798752444631777,-0.8072742642898552,2.6060267089216325,659.129466153116,9.865781887135466e-05,0.03213984364161988
white,675,1.787035288702092,-0.7952109783289567,2.5822462670310484,603.3066511926614,7.2591323175282e-05,0.02189595587953327
white,676,1.8008558487195623,-0.8072275511543225,2.608083399873885,232.75866512001946,7.280541066255128e-05,0.008530673578246767
white,677,1.8160953424457842,-0.8283062126431202,2.6444015550889044,214.35176719492839,6.085486914380201e-05,0.005143251656152373
white,678,1.8116899397071085,-0.820655286952119,2.6323452266592273,296.60970946629,8.842261938786164e-05,0.010807364446792506
white,679,1.7705096066202295,-0.7758124230435643,2.546322029663794,343.98489866250907,5.9455713005735975e-05,0.010213194771517246
white,680,1.8241638674476803,-0.8342274082838493,2.6583912757315296,307.61818969231246,7.562555930346396e-05,0.010206812227089024
white,681,1.8021414245513794,-0.8114605519425047,2.613601976493884,344.2423364855272,9.082989174305327e-05,0.014892428029172877
white,682,1.8079344570293865,-0.8176031408797034,2.62553759790909,386.7159125934667,7.110145065257305e-05,0.013642731179317195
white,683,1.7900444597724332,-0.8006205242253678,2.590664983997801,194.55643153672628,6.024752824277009e-05,0.005803760832998521
white,684,1.812569733852549,-0.8223351414725059,2.634904875325055,292.47163839150426,5.8556160150722084e-05,0.008734258277685649
white,685,1.7991992281105467,-0.8092070076178557,2.6084062357284026,337.4261528626515,0.00011487110923742022,0.01914551736145961
white,686,1.8222989340092832,-0.8287336084804784,2.6510325424897614,399.87014316047936,7.802884969975409e-05,0.014523629292635797
white,687,1.7859436695792923,-0.7971465948978868,2.583090264477179,191.48009274845398,7.021518505672102e-05,0.00677857225968666
white,688,1.7796687707347247,-0.7889683257165012,2.568637096451226,275.2022800687146,5.5854336626057904e-05,0.005566358850590334
white,689,1.768041225495684,-0.7791068535435783,2.547148079039262,362.5207643176242,8.75930687612124e-05,0.015870935425771126
white,690,1.816805668013695,-0.834811210020491,2.651616878034186,133.92249125586557,9.435493645778247e-05,0.005916162911872134
white,691,1.8201272291375175,-0.829196298085831,2.6493235272233484,205.19095644333765,9.562203260020212e-05,0.009861374312471199
white,692,1.7828033543000892,-0.7963226136726179,2.579125967972707,400.2970784217051,5.723996718462465e-05,0.011375355911573874
white,693,1.8160169391273961,-0.8281559200869097,2.644172859214306,412.4661833304885,7.596667115623151e-05,0.01468285458432415
white,694,1.8298787633848557,-0.8427092828596204,2.672588046244476,186.7694759577838,8.319626467711509e-05,0.007412282606686304
white,695,1.8057614777621829,-0.8170585830961248,2.6228200608583077,381.698244684947,8.84718036264602e-05,0.01443855474303831
white,696,1.799671018804886,-0.8170367199288086,2.6167077387336946,211.25158007729536,6.755402762619045e-05,0.007125028219297316
white,697,1.7806537753877694,-0.7882991321227407,2.56895290751051,280.93825154344194,8.265112924512631e-05,0.009400223851320354
white,698,1.8077611517767906,-0.8173118181742001,2.625072969950991,236.044610011614,8.78145203740948e-05,0.009974667311819913
white,699,1.7903120256250975,-0.8014467701104697,2.5917587957355672,256.1733944714936,5.034800029576382e-05,0.004532534777445489
white,700,1.7971117858361156,-0.8065257473035894,2.603637533139705,421.9683674451778,6.970887541911039e-05,0.014679427850754795
white,701,1.7625905910153972,-0.7776598425145431,2.5402504335299403,163.85018199739744,6.689083641971995e-05,0.005507281560623353
white,702,1.800016506980477,-0.8117477324661352,2.6117642394466123,253.2931360701928,7.113019615381452e-05,0.006627881703904661
white,703,1.788473871561169,-0.7965456587790761,2.585019530340245,276.8943384928475,6.987460715178126e-05,0.006428577118886856
white,704,1.7961744134160311,-0.8038992564492656,2.6000736698652966,739.377635163953,7.721972826479212e-05,0.02483957275277986
white,705,1.8221133016924755,-0.832018978581625,2.6541322802741005,509.5025963407101,7.975134737227968e-05,0.006587483869037782
white,706,1.7905324380199723,-0.8041988401933833,2.594731278213356,163.32281134794968,7.343403599308594e-05,0.004491151056211704
white,707,1.800603472686392,-0.8157042699810795,2.6163077426674715,206.56718251970406,6.720067862480295e-05,0.005291197285875404
white,708,1.7902298545681006,-0.8003574396098615,2.590587294177962,518.4044931935047,7.60929265228305e-05,0.011176568430645266
white,709,1.8016027038289897,-0.8133223470703531,2.614925050899343,310.55578447886467,6.768912442271617e-05,0.00915948220273782
white,710,1.8133090276011505,-0.821644160187965,2.6349531877891157,343.27423798911593,8.534040973695936e-05,0.01233189123912455
white,711,1.7603923615985466,-0.7713289046588125,2.5317212662573594,227.95703811944202,6.852296448165655e-05,0.006329775644074633
white,712,1.7884865873279971,-0.7992031705618194,2.587689757889817,541.5711297371644,6.162996346232436e-05,0.011827222239504076
white,713,1.787688727305517,-0.7968118360136537,2.5845005633191707,502.04302589981904,5.8002607003844464e-05,0.01323477518440795
white,714,1.7966708173314565,-0.8113230370001697,2.6079938543316263,261.8152959474252,7.338229221343258e-05,0.009592450303895335
white,715,1.7950990189323999,-0.8053208312797673,2.600419850212167,919.7816731359187,9.393956797987268e-05,0.04315222384522287
white,716,1.795061344605937,-0.8079863230630615,2.6030476676689984,196.9801112123316,7.510268125211425e-05,0.007390988146861818
white,717,1.7679762303591555,-0.7796508477247951,2.5476270780839507,295.13606099727934,8.85040832908305e-05,0.011700266989090812
white,718,1.805764142017348,-0.8165487885606322,2.62231293057798,255.8613807677684,6.633654168606423e-05,0.008440225822218043
white,719,1.8306353880023454,-0.8399387945116912,2.6705741825140366,349.18332561627295,8.432902391403846e-05,0.013534770557766933
white,720,1.8030052162491357,-0.8130391742541299,2.6160443905032658,741.7112936257193,8.06022967964129e-05,0.028577273809836257
white,721,1.7894342403684573,-0.7985772278117206,2.588011468180178,249.1523109271019,8.446507504745147e-05,0.009339499888586065
white,722,1.783590565462602,-0.7989879756170291,2.582578541079631,300.30520453666867,9.051377902839601e-05,0.012997650284644653
white,723,1.8072291171846169,-0.8240889188430173,2.631318036027634,213.78351058023864,0.0001078832868379627,0.01124317359757806
white,724,1.7880194936054887,-0.7957139596400424,2.5837334532455314,233.86216981745102,6.416017203261012e-05,0.006586967050474074
white,725,1.8056370324855688,-0.8125948158674119,2.6182318483529805,333.41389063857207,5.5094200940322e-05,0.006319380763382859
white,726,1.7762024068268594,-0.7863974911678274,2.5625998979946867,294.1406028217137,7.30314128254781e-05,0.008031856441174328
white,727,1.8267161711443365,-0.8393948706140505,2.666111041758387,285.55345637450006,8.50774876974443e-05,0.01109147486201778
white,728,1.804844569241067,-0.8141069156212898,2.618951484862357,304.71304975292514,8.998286829306999e-05,0.010989550012484117
white,729,1.7701852089998558,-0.7784406361604209,2.548625845160277,455.6093583826948,8.048236360853195e-05,0.013040221762715668
white,730,1.813159281622476,-0.8225671353246489,2.635726416947125,292.7012713408824,6.873278180918874e-05,0.009592780044453372
white,731,1.8172906171427,-0.8259679822924626,2.6432585994351623,380.59722758585866,5.524000251522221e-05,0.01013647290257798
white,732,1.7971723781950588,-0.8103823195593151,2.6075546977543738,231.87290351661218,8.885915701647117e-05,0.010338785938750896
white,733,1.7634446751517663,-0.7727905673971682,2.5362352425489343,304.8506647665988,7.317298818263103e-05,0.01096295864251946
white,734,1.7927787844572962,-0.8025317782054274,2.5953105626627235,489.1762033863826,7.023903388283376e-05,0.017029628053924155
white,735,1.8039057726524972,-0.8145423800470978,2.618448152699595,203.23384359606828,6.141492222836841e-05,0.00625618476256384
white,736,1.8188618841860966,-0.8307459567265284,2.649607840912625,186.0015635785407,8.406413294005134e-05,0.00786552169975498
white,737,1.7904890435749516,-0.7999997927560315,2.5904888363309833,236.2321255781265,7.063732853705706e-05,0.007777868871913948
white,738,1.8068527740399487,-0.81858290100241,2.625435675042359,266.55292175945544,7.992340402330003e-05,0.009966683789199675
white,739,1.7837073226157627,-0.792121534264741,2.575828856880504,694.2861182525035,9.175184824639776e-05,0.013420770312393712
white,740,1.8027107730152279,-0.8168140699801466,2.6195248429953746,171.6838324223828,7.750262249628468e-05,0.006516512903883385
white,741,1.8085879551684452,-0.8184526150413702,2.6270405702098154,562.0841843897182,0.00012480507498022902,0.03509584254012886
white,742,1.7938239797767588,-0.8044139401867839,2.598237919963543,674.741314139732,5.613518704734172e-05,0.018691886079600192
white,743,1.817254715909809,-0.8260450702297367,2.6432997861395457,461.36039949909105,7.978744539082622e-05,0.01650993742290163
white,744,1.795359119398997,-0.8044584677260288,2.5998175871250258,464.88557793568384,8.599228829667127e-05,0.01417957976669412
white,745,1.77015435977037,-0.785644141529107,2.555798501299477,219.77972168037414,9.031813689855048e-05,0.007870591120578013
white,746,1.7995630358146928,-0.8088360082465138,2.6083990440612066,483.535968590721,9.881334289951055e-05,0.021557565619513965
white,747,1.7681423252440076,-0.7758453370500016,2.5439876622940094,287.9801833716446,8.118324101170915e-05,0.009934770405408409
white,748,1.781031668412447,-0.7933153535822276,2.5743470219946745,230.0236664194943,8.369742612236025e-05,0.009419592602716863
white,749,1.7759626929357688,-0.786417715669514,2.562380408605283,279.9843470456018,7.437484918540113e-05,0.009063740976056877
white,750,1.7771711441962776,-0.7857469158118665,2.562918060008144,226.47291835798367,5.8291136910076403e-05,0.006361738654964673
white,751,1.782187438791119,-0.7924564476449595,2.5746438864360783,732.7611952238891,7.74532267372105e-05,0.027880958563240056
white,752,1.7862755835537476,-0.7992810520164009,2.5855566355701485,152.63620340860294,6.52206887209834e-05,0.004232972706483843
white,753,1.7870002100983382,-0.8007173918300277,2.587717601928366,221.77044447963223,6.674402251033787e-05,0.00613015396072335
white,754,1.7985778047704877,-0.8063100260432898,2.6048878308137775,571.4544248664214,7.840224136199461e-05,0.0189179113542293
white,755,1.7892119471171688,-0.8056933348016764,2.5949052819188454,168.6273060856275,7.054741375710303e-05,0.005815378999707076
white,756,1.790944280131859,-0.8019101390435848,2.5928544191754437,251.06733071075368,6.264518997553536e-05,0.007571965641294084
white,757,1.7881149741774893,-0.7974164504595674,2.5855314246370567,559.0935431725234,6.138613596080866e-05,0.008589097495908768
white,758,1.8123859476719562,-0.8219437608843317,2.634329708556288,432.9484550830314,8.77173694211128e-05,0.015533754171764974
white,759,1.8127662247067147,-0.8238477886396435,2.636614013346358,580.389352698538,9.509425911476133e-05,0.02218219077035127
white,760,1.7794402224996029,-0.7908119020412591,2.570252124540862,226.0991069169001,9.039271415732866e-05,0.009541000641891706
white,761,1.8031053841710896,-0.8148908376054684,2.6179962217765578,254.25745539327585,0.00011758587005608785,0.014387067734964485
white,762,1.8318563953798048,-0.8380167880726979,2.669873183452503,365.42877484986946,6.22499152860851e-05,0.008531062978265865
white,763,1.7891030772405305,-0.8007137613693631,2.5898168386098934,326.8945047747212,9.313869610847077e-05,0.015304426970332581
white,764,1.8011033522219477,-0.810781014666987,2.6118843668889347,331.1429502075103,6.474042211735385e-05,0.010406436137535068
white,765,1.7594697802454573,-0.7722679030571578,2.531737683302615,259.0186833136133,6.914852645589602e-05,0.0055523956221236355
white,766,1.7837863462387138,-0.793969456678575,2.577755802917289,315.5306043255949,8.229501398504535e-05,0.011633492677471121
white,767,1.761068683694828,-0.7715557427921929,2.532624426487021,287.21980989496905,8.710436028541886e-05,0.011734080316483469
white,768,1.8228729543113689,-0.8319027517383422,2.654775706049711,394.28608580498167,7.398784992911078e-05,0.013209679297675843
white,769,1.7775296828571203,-0.7864198386151267,2.5639495214722468,420.87659490709024,7.228811634438746e-05,0.014745287998257242
white,770,1.7702074507393093,-0.778762119572735,2.5489695703120443,643.4505415746933,7.65281263815816e-05,0.014867243048200167
white,771,1.8227883398640106,-0.8321382588424892,2.6549265987064996,234.18942330383314,7.338764656839546e-05,0.007632132280907228
white,772,1.7747322872674467,-0.7898315283067481,2.5645638155741945,284.61430473302084,7.566753369402796e-05,0.010687058123746231
white,773,1.7847179926548957,-0.7974861282373492,2.582204120892245,304.1932920492948,8.47056800956144e-05,0.010142033542514662
white,774,1.8337228623509851,-0.8437362403607968,2.677459102711782,363.57884585788344,0.0001085578197019682,0.013867025709422384
white,775,1.7718831194409181,-0.7831720579699291,2.555055177410847,493.6322118883224,7.563064706579692e-05,0.017380984505307357
white,776,1.7798672858131814,-0.7929781260120202,2.5728454118252015,245.47702528099006,6.284057785251821e-05,0.006492311413771343
white,777,1.7882042481524423,-0.7992304090870177,2.58743465723946,505.9141134413341,5.707195077786671e-05,0.008683279064449037
white,778,1.8150159298300055,-0.8218409756206418,2.636856905450647,563.899340538933,8.451925917757688e-05,0.02277561199115459
white,779,1.730841290641163,-0.7400456228720057,2.470886913513169,465.09134099782517,6.865759747844494e-05,0.005689214666938324
white,780,1.8089451801861196,-0.823448147718884,2.6323933279050036,256.95258236127813,6.549217064823892e-05,0.008344393063019668
white,781,1.7957535813394463,-0.805902500273959,2.601656081613405,317.88060467802376,9.752829272655604e-05,0.012709669039308012
white,782,1.7880083475637392,-0.8004197590043096,2.588428106568049,264.8830272265322,6.032255697347236e-05,0.008046299238860426
white,783,1.7820716170599593,-0.795506487017371,2.5775781040773302,154.34892881141792,6.170535864609243e-05,0.00440372039524287
white,784,1.799082617537975,-0.8085458611829641,2.6076284787209394,474.2656229897753,8.417609538731441e-05,0.01774517017087768
white,785,1.7779708654832895,-0.7866555967573045,2.564626462240594,387.94110098837945,7.283596394003569e-05,0.012941301174204006
white,786,1.7954675606252495,-0.8074981175089152,2.6029656781341646,245.40679628924428,6.803150496607555e-05,0.007251336043145094
white,787,1.817564430051398,-0.8268502635977649,2.644414693649163,320.80329716181444,0.00010993258802373049,0.01764484455827663
white,788,1.7937308505673417,-0.8034739051181541,2.597204755685496,326.2469580241646,8.137771098205501e-05,0.012872497168813437
white,789,1.8020607900979977,-0.8109562589165229,2.6130170490145206,856.2617762042116,9.599020571913336e-05,0.027747130504096607
white,790,1.7685792773150204,-0.7780935495477844,2.546672826862805,479.90557527083274,7.246535306604587e-05,0.01728942281035394
white,791,1.8011459120474,-0.8091591173446672,2.6103050293920673,430.00607499740505,9.845820102423117e-05,0.01658635268728633
white,792,1.810523919522079,-0.8208266953385903,2.6313506148606693,232.74055957416803,8.386436286176614e-05,0.009611718330914556
white,793,1.7970016399700246,-0.8059994816000304,2.6030011215700553,288.73384785340147,9.989021566954477e-05,0.014413736826357977
white,794,1.7976147990283045,-0.8073111905775852,2.6049259896058894,247.7673582142323,8.581126254375224e-05,0.010538619140457086
white,795,1.7627871549611611,-0.774009964701636,2.536797119662797,255.03251662340247,9.459127876498656e-05,0.012160385103721158
white,796,1.807203147180948,-0.815761774941118,2.622964922122066,382.3849617756507,6.293201371947513e-05,0.009922499177159847
white,797,1.7691634206611064,-0.7755307648356004,2.5446941854967067,358.096873360346,7.553406073884487e-05,0.012655557995469318
white,798,1.7763108195504882,-0.784371626020014,2.560682445570502,478.2663352094221,6.280090136278303e-05,0.01144634818344356
white,799,1.797361088024189,-0.807703979129323,2.605065067153512,582.6241682153571,6.719894376844282e-05,0.00987401425555463
white,800,1.8029591824060647,-0.8152813018491205,2.6182404842551854,375.3556735670038,0.00010416643917674634,0.016143079804769492
white,801,1.7888584015771853,-0.795243132985726,2.5841015345629113,728.967825343326,7.847463556946016e-05,0.025243689440129127
white,802,1.7976551862809749,-0.807391204020918,2.605046390301893,262.85070953617264,7.945908758299515e-05,0.00964035980152147
white,803,1.7702358564585523,-0.7826311407052849,2.552866997163837,184.58457193303977,5.507006095338985e-05,0.0047102707134006735
white,804,1.7967988679529563,-0.811340691890042,2.608139559842998,206.17971026121924,6.476247399061878e-05,0.006706232066128024
white,805,1.8348048624506443,-0.8442078225112497,2.679012684961894,512.9525850328512,8.548480157978544e-05,0.019808803739440026
white,806,1.825711481442094,-0.8349579477834984,2.6606694292255924,343.2184053284318,8.870165223258744e-05,0.011751744202625541
white,807,1.779232092945642,-0.7870228550985933,2.5662549480442354,436.2879485837065,6.95256640455607e-05,0.015133485591058465
white,808,1.822368161271588,-0.832035256785638,2.654403418057226,361.8710369348518,6.959195023282724e-05,0.009555525197466134
white,809,1.8160787394912645,-0.8248423936755442,2.6409211331668088,331.0233064477116,9.713805912165904e-05,0.01258935625074898
white,810,1.8191118618789843,-0.8293009066845062,2.6484127685634906,215.19805797990446,6.92937429901605e-05,0.007574251767913526
white,811,1.8229636473870852,-0.8340214140765182,2.6569850614636032,331.40731992762204,0.00011292195241140168,0.018770434170845177
white,812,1.764485343254422,-0.7729986776873399,2.537484020941762,327.62994316789207,5.9313041081046625e-05,0.00807858090265409
white,813,1.8122372675610998,-0.8230483510446872,2.635285618605787,362.8767605881558,6.604450152540402e-05,0.009898785511731624
white,814,1.7854460991928471,-0.7950380208997765,2.5804841200926236,408.1541282674378,7.940501823159793e-05,0.016080247407915322
white,815,1.8304388510255096,-0.8409164396699591,2.6713552906954687,281.7839427913309,0.00011219809867751146,0.015493674741941221
white,816,1.7893804842515186,-0.7991794969608358,2.5885599812123545,177.46837464054988,7.231275772816292e-05,0.005791829040911702
white,817,1.7846831381307673,-0.7941882093207484,2.578871347451516,289.8324470822344,8.860328727004242e-05,0.012570391823002095
white,818,1.7724119974139392,-0.7844173643645973,2.5568293617785365,330.6436181704624,6.604548842300759e-05,0.007846818526956015
white,819,1.72832022791827,-0.7368197653094212,2.465139993227691,640.3113006523926,6.73778920924871e-05,0.019288308594285528
white,820,1.7910037389729667,-0.8003385465792133,2.59134228555218,301.94207677923066,6.657782003575453e-05,0.008035811157481757
white,821,1.7995656800241124,-0.8148398117307611,2.614405491754874,211.724189853659,6.861404624271435e-05,0.006941748586166329
white,822,1.7953864983347518,-0.805343917876603,2.6007304162113547,456.7890706198964,8.056325102537981e-05,0.016959493401642607
white,823,1.8186063217976167,-0.8307518363955656,2.6493581581931824,397.21613775770084,7.820454714925484e-05,0.008896983582166592
white,824,1.785524960032564,-0.7960569983725043,2.581581958405068,470.3775410424587,7.957577502688482e-05,0.017141382683837338
white,825,1.800036387837674,-0.810793704507023,2.610830092344697,311.698355367407,6.630187541988367e-05,0.009463598163475105
white,826,1.771633141391754,-0.7801069694671201,2.551740110858874,434.01052620887117,7.247511034303572e-05,0.01039409844110358
white,827,1.7504820092066307,-0.7574965043468534,2.5079785135534842,301.25668465212544,4.702441384911091e-05,0.006533495583567911
white,828,1.8005847701988758,-0.8091740776781208,2.6097588478769964,450.6647301696388,6.741112228829393e-05,0.009689581503690542
white,829,1.7821084596791184,-0.7905859528848656,2.572694412563984,277.9545897359256,6.572077824102546e-05,0.008254158198066333
white,830,1.7907820369427756,-0.8013269621906359,2.5921089991334116,336.9933796888534,0.00011367756647544247,0.017272232952410545
white,831,1.7913095311330995,-0.8057635621551813,2.597073093288281,206.03574370639504,9.672580572785659e-05,0.009831307818595234
white,832,1.8188889610546806,-0.8294493279564624,2.648338289011143,348.8356252959312,9.307988162005759e-05,0.016212920492303627
white,833,1.773468506374134,-0.7862168566232418,2.5596853629973757,389.59034685593656,9.025615772199208e-05,0.017468250103549646
white,834,1.8233763434267236,-0.8347311074101289,2.6581074508368525,320.75858053578213,6.546741042665755e-05,0.008996264717385937
white,835,1.7728540509965944,-0.7825591120509887,2.555413163047583,451.1204317882592,6.021297543780564e-05,0.008059458358419324
white,836,1.7939906076420726,-0.8026679047683704,2.596658512410443,322.2495717448772,8.019666174530725e-05,0.012842265802829737
white,837,1.8179008263916474,-0.8263152117424091,2.6442160381340565,985.0129641483719,5.589916181792873e-05,0.019298101920438713
white,838,1.8364263623876718,-0.8448369811992216,2.6812633435868936,495.3405078449847,7.838429190840102e-05,0.018537723052639978
white,839,1.8050037411228597,-0.8150261793602049,2.6200299204830646,523.0426551951258,8.370091840941007e-05,0.016977832613070055
white,840,1.797118968382053,-0.8081384187509646,2.6052573871330176,418.8047095038843,8.903700619998858e-05,0.01727393236828302
white,841,1.798700490195706,-0.8095644677206258,2.6082649579163317,429.599170995895,8.37393605492634e-05,0.017861804722917384
white,842,1.7824409128674932,-0.7936915532400688,2.5761324661075617,413.66371825868583,9.492994689779335e-05,0.015094654910492248
white,843,1.7809413557807223,-0.7904838114216147,2.571425167202337,631.3269880990231,8.309545942448981e-05,0.01728812493649643
white,844,1.7951302720101914,-0.8029456288912302,2.5980759009014216,205.10986073336525,7.006528566997575e-05,0.006418360837865666
white,845,1.803990178422292,-0.8138422657976356,2.6178324442199274,473.62972215367665,9.467585960183308e-05,0.01768818323002551
white,846,1.7966939776671493,-0.806881982865886,2.6035759605330355,450.5315426526781,6.714383538864929e-05,0.00682251980722154
white,847,1.753517154200432,-0.762121249098885,2.515638403299317,206.78270197904638,5.0176007558968075e-05,0.005125511189096684
white,848,1.8124712157033789,-0.8197059418937751,2.632177157597154,271.911287948419,8.188042959111907e-05,0.010629761760105457
white,849,1.8040820133245044,-0.811151025360859,2.6152330386853633,568.4252601658523,7.431241334974678e-05,0.013577237288310978
white,850,1.7830411345510226,-0.7955727949532213,2.578613929504244,164.3207370396453,7.724289054960188e-05,0.006372200395374597
white,851,1.7978115081056385,-0.8072517145238838,2.6050632226295223,481.1984949416968,0.00010814044579353019,0.021279305057588276
white,852,1.8255316704850333,-0.8351235761085714,2.6606552465936044,275.8579091258723,9.225074466481277e-05,0.012505873471528713
white,853,1.7987678638274274,-0.8087516279045408,2.607519491731968,371.73045364758525,7.492052765273143e-05,0.012100673444802501
white,854,1.8320822091527385,-0.8391271921006204,2.6712094012533587,366.32285115844746,8.210444259593337e-05,0.011034287301596175
white,855,1.7737556535068713,-0.7921477241622356,2.5659033776691067,135.19495609821806,7.436688660859749e-05,0.004578824773554178
white,856,1.7849157731008214,-0.7944411581574476,2.579356931258269,521.7254761005663,5.457645041594128e-05,0.0062663701097115995
white,857,1.7526210299286353,-0.7631413505028825,2.515762380431518,337.9455752276087,7.705648734945836e-05,0.01101479497239616
white,858,1.8219085714133618,-0.8295369872641886,2.6514455586775503,410.434299504308,0.00010468002767234294,0.0210641697445221
white,859,1.8168020231470894,-0.8243689676751935,2.6411709908222827,455.3827731995769,7.504376901030022e-05,0.012463388633585848
white,860,1.809754359751922,-0.8201840268708173,2.6299383866227393,361.71034141354954,9.571840851621549e-05,0.015217396852447308
white,861,1.8190419245504352,-0.8283402539700804,2.6473821785205156,852.6462103603241,6.156360678155268e-05,0.014465771853554207
white,862,1.7815124074063529,-0.795641116635048,2.577153524041401,138.95845443425713,7.213192169833443e-05,0.004877371863877888
white,863,1.7754516111588396,-0.7838457805004861,2.559297391659326,253.40140497015415,6.026860936243859e-05,0.007659337056820326
white,864,1.8032019103410022,-0.813143342254822,2.616345252595824,497.9197355391647,7.838115041439511e-05,0.0075198287627360584
white,865,1.784759496949424,-0.7903352512891758,2.5750947482386,472.4546082341795,7.085473865355713e-05,0.011668859234552402
white,866,1.812481896641073,-0.822739846667273,2.635221743308346,469.5283047882022,9.156477990807793e-05,0.02017332991167017
white,867,1.7441590751551526,-0.7546894387425844,2.498848513897737,177.1728523045038,4.6003123357465925e-05,0.003515174294571517
white,868,1.7890792920996597,-0.7987076237241323,2.587786915823792,464.4379271670656,7.916969929749537e-05,0.017508663690737385
white,869,1.8014181893053383,-0.8121318168006301,2.613550006105968,417.787267077435,5.883721020190531e-05,0.008213935807120855
white,870,1.7942867874211075,-0.8067549707569275,2.601041758178035,311.8259669487559,8.15801453965849e-05,0.012687269286383352
white,871,1.8153528771123433,-0.8252919220080069,2.6406447991203503,285.3136281775926,8.920255685497362e-05,0.012756392219906878
white,872,1.7951288821088052,-0.8046221719977313,2.5997510541065365,529.3464183683086,9.407480622132883e-05,0.02433911442784559
white,873,1.8110146690032407,-0.8180814225210463,2.629096091524287,706.8819065609141,6.92482381387527e-05,0.01960162955606486
white,874,1.8217967318056594,-0.8332480433816366,2.655044775187296,343.6818633428275,8.167515684097404e-05,0.014081275796068628
white,875,1.7651227959068663,-0.7765306755392563,2.5416534714461223,213.90804212251666,5.6878291788334603e-05,0.005809058146674707
white,876,1.7806338570701472,-0.7922272289962401,2.5728610860663874,223.32800204461213,6.87607874702359e-05,0.007733657444381245
white,877,1.7971867298896371,-0.8098213704467693,2.6070081003364063,533.1732590082095,7.729877169174865e-05,0.017353532320302897
white,878,1.796510418889668,-0.8099174795966224,2.6064278984862903,258.0282567978689,8.21213420019451e-05,0.008760133682648271
white,879,1.830626688125853,-0.8427137938391864,2.6733404819650395,328.66992240668355,0.00011226995257048247,0.01692096502311611
white,880,1.77557746140104,-0.7827510508046756,2.5583285122057156,433.36150561193796,6.83755194579843e-05,0.013702042602719965
white,881,1.7748171829033452,-0.7913083364390469,2.566125519342392,182.82704517731628,7.704309964648437e-05,0.007096315003881754
white,882,1.8080928048473683,-0.8186405606398633,2.626733365487232,400.04327028148373,0.00010560132497088731,0.020684785990243544
white,883,1.780810802126327,-0.7910439790716615,2.571854781197988,459.9039921938405,7.15340025658033e-05,0.011559609959398282
white,884,1.7546511288200333,-0.7646739108349664,2.5193250396549995,269.5259216086994,5.249736608647828e-05,0.00684753171292142
white,885,1.8099501592564449,-0.8214563978818505,2.6314065571382956,387.50095588787286,8.619202958106212e-05,0.01118217878559971
white,886,1.76596077729372,-0.7787298420142719,2.5446906193079917,228.16299151173686,6.630375944494116e-05,0.007134022128989368
white,887,1.7813899995427158,-0.7931795495782871,2.5745695491210028,389.53151647799695,9.138859911904731e-05,0.017632656825489684
white,888,1.8305707464600314,-0.8402307182591465,2.670801464719178,267.40393348255105,7.868078013924598e-05,0.007403032489074854
white,889,1.8216353316825247,-0.8296870791598916,2.6513224108424165,554.0071385325689,9.39285689986677e-05,0.022214447841350477
white,890,1.815797148361632,-0.8296294970290042,2.645426645390636,316.6448842545876,9.718108074779214e-05,0.014368265511598017
white,891,1.8036344599961716,-0.8177603473595156,2.621394807355687,345.97541877232146,6.0580773728108675e-05,0.008804737076421019
white,892,1.777240336695373,-0.7864866668684636,2.5637270035638364,487.7701537581907,6.332898775477172e-05,0.015294143355558476
white,893,1.7976648119953593,-0.8093014626170598,2.606966274612419,220.7839801103991,6.477459893985873e-05,0.005296411613558778
white,894,1.8291679580024973,-0.8460906833791767,2.675258641381674,241.88120079904667,7.206706373957816e-05,0.008556019125926906
white,895,1.809963446394378,-0.8207001880399378,2.630663634434316,529.4585266926384,6.883414167285773e-05,0.009809388330547675
white,896,1.7897440410842689,-0.7992779370027716,2.5890219780870405,538.7163095679142,8.53439301870991e-05,0.023151246819486115
white,897,1.7957817167251262,-0.8067367369144318,2.602518453639558,270.29217538471545,8.188983734237765e-05,0.010429557009667832
white,898,1.7709916643970538,-0.7830065163737971,2.5539981807708507,310.5426884158479,6.059369946173447e-05,0.009219960202025182
white,899,1.8261848718967895,-0.8361162475622599,2.662301119459049,652.3542720249895,7.626626513910703e-05,0.014378396916508822
white,900,1.822209896751427,-0.8326705615144808,2.654880458265908,211.1255627004711,7.916193530702748e-05,0.007609561165927703
white,901,1.76204172796153,-0.7748792320269557,2.5369209599884854,217.82990104710225,8.199490129893669e-05,0.008579350035648046
white,902,1.807753249831094,-0.816559108143981,2.624312357975075,423.97886905743695,8.92413782328759e-05,0.01698634160120242
white,903,1.8098123585183208,-0.8244630260376502,2.6342753845559708,183.79474462102203,8.71910894694166e-05,0.007005445181179835
white,904,1.8037854277879808,-0.815081098997857,2.6188665267858378,307.13499754962334,6.605681114547901e-05,0.010097501411964397
white,905,1.7630736761942114,-0.7802050899107688,2.5432787661049803,142.54127558606118,6.405091236090944e-05,0.004596318390429042
white,906,1.7993663794268009,-0.8107947890972881,2.610161168524089,206.68346818574858,6.508349641628879e-05,0.006748973304009659
white,907,1.7938833573545638,-0.8058261862591864,2.5997095436137503,319.44642806394455,0.00010053180593823721,0.013902506163456304
white,908,1.7825262552160466,-0.7923061507527486,2.5748324059687953,412.08702456616584,0.00010960080743577932,0.012899370530662384
white,909,1.7539432248612306,-0.7638062697882116,2.517749494649442,168.8815468102952,6.883323970100462e-05,0.004627670857711941
white,910,1.7786495883244196,-0.7906530796618849,2.5693026679863045,491.9176618736102,8.830790722370169e-05,0.01917667358655124
white,911,1.7885519224231317,-0.7996876446908311,2.5882395671139626,255.8670588717727,8.173847539985624e-05,0.01031870100004474
white,912,1.8213870245763297,-0.8315915144350747,2.6529785390114045,290.93254160269754,0.00010449567593866747,0.015201825298852297
white,913,1.776138337559397,-0.78824117677369,2.564379514333087,231.9685241278045,7.445516313049454e-05,0.008453571095400954
white,914,1.7966743256816042,-0.8075918206104615,2.6042661462920655,325.52678473718595,9.102503814111158e-05,0.012410792123553923
white,915,1.8229161199665267,-0.8325842699713439,2.6555003899378704,439.6231657117418,0.00010206566954855043,0.017298810674255916
white,916,1.8180702228229448,-0.8282439589870451,2.64631418180999,279.65056344494025,0.00011704861114810935,0.015666713897408473
white,917,1.8267279946259944,-0.837415132483185,2.6641431271091793,615.1377112158266,7.84406704747928e-05,0.011153591840299792
white,918,1.815288155214535,-0.8257984467249053,2.64108660193944,199.85272542182105,0.00011721444938951608,0.008809475077770653
white,919,1.7871115359624086,-0.7987989030479976,2.585910439010406,173.2221493395838,8.413702886215461e-05,0.006498986667273395
white,920,1.811661891457286,-0.8260252790308199,2.637687170488106,191.0108449453023,7.617152145439256e-05,0.006039686116266749
white,921,1.800070558311281,-0.8113006943657843,2.611371252677065,220.8130087558496,8.764484666685425e-05,0.00957540250142164
white,922,1.7951120602847976,-0.8093134255403166,2.6044254858251144,153.85115426636696,7.178216325773833e-05,0.005523728926141049
white,923,1.7840025915829925,-0.7980822375474211,2.5820848291304137,162.0408602533471,7.430687034816041e-05,0.006037013303722594
white,924,1.7526358723225348,-0.7610284597203227,2.5136643320428576,418.9915810341754,8.767577470912558e-05,0.008515644028243397
white,925,1.784316416806931,-0.7962290303027609,2.580545447109692,232.13429065765834,7.270699190992796e-05,0.007234811864238479
white,926,1.8125925699741403,-0.8292327001728483,2.6418252701469886,217.09134524057473,8.294277949727133e-05,0.007414380700744733
white,927,1.8271088864013296,-0.8388648371172615,2.665973723518591,195.8113939755279,9.40950726572784e-05,0.008732997894884338
white,928,1.7991222299389766,-0.8089157014363108,2.6080379313752875,357.13936604794515,7.481170834499652e-05,0.01298669335100699
white,929,1.7873452193446913,-0.7986845294616948,2.586029748806386,276.8061838929219,7.95263959441038e-05,0.009065997616798724
white,930,1.7915200444407111,-0.8055055280342021,2.597025572474913,311.6637308097379,8.010421541240244e-05,0.010222147514202274
white,931,1.8176537459588102,-0.8241104345270012,2.6417641804858114,252.8876241667514,6.826403912013092e-05,0.006220655103271912
white,932,1.7664462165539507,-0.7755311565113435,2.5419773730652944,711.1748845873675,5.997324453433858e-05,0.018172301626502012
white,933,1.8094535745310505,-0.8182067600335444,2.627660334564595,273.5692762350361,0.00010287370328889572,0.011045190369991246
white,934,1.8226980163877264,-0.832659640371566,2.6553576567592927,419.32364228716034,0.0001352251034303087,0.02814281924799157
white,935,1.7604077748314801,-0.7692093794879346,2.5296171543194146,295.2614485956663,4.664323527682219e-05,0.006698164311752232
white,936,1.7846990103001728,-0.7943021068277352,2.579001117127908,394.3285575258227,6.108101451860609e-05,0.009222946781980053
white,937,1.7863784753425294,-0.796692072630617,2.583070547973146,332.95795633172924,9.53958972791484e-05,0.01510603849395753
white,938,1.8210996415141365,-0.8314797952495042,2.6525794367636406,307.4329247438,8.592544633589938e-05,0.010684928397053095
white,939,1.819416134629131,-0.8268427075963977,2.646258842225529,466.8437884044541,8.40336591923091e-05,0.018898641708826904
white,940,1.805155579173716,-0.8160307842329066,2.621186363406623,222.4887221782189,7.711620002032356e-05,0.008353602887979563
white,941,1.806521291765459,-0.8157399435241471,2.622261235289606,300.3714749224662,6.345762853223781e-05,0.006894346652176979
white,942,1.7828668010744235,-0.792780622702619,2.5756474237770424,416.37185698889675,7.94701415440767e-05,0.005783530510684307
white,943,1.7992690557564694,-0.8078259438731425,2.607094999629612,733.1146772608703,7.544533321244759e-05,0.027414423569450955
white,944,1.806027428173775,-0.8158917099964031,2.621919138170178,327.3751448178544,6.835234226460277e-05,0.01075895827699089
white,945,1.8174605372823327,-0.8254241996097553,2.6428847368920882,303.3941436616225,7.87074116477774e-05,0.008023818524211208
white,946,1.831667671946454,-0.8426845483312871,2.674352220277741,248.02433077607688,8.794855884297278e-05,0.010926224778874411
white,947,1.8043762646435397,-0.8138519685393043,2.618228233182844,798.2660387883989,6.664388923689757e-05,0.007416422820927905
white,948,1.8263245271492166,-0.8377486208943621,2.6640731480435784,208.61517723802257,7.905324941667735e-05,0.008063425476330498
white,949,1.7947166943720345,-0.8105820533924425,2.605298747764477,196.41017576340258,6.562501010064139e-05,0.006461087889350351
white,950,1.7717310106333355,-0.7824937844101383,2.5542247950434738,337.4021628833123,5.378083341238751e-05,0.008754248809986688
white,951,1.820794494422503,-0.8304685012236497,2.6512629956461526,444.7853593931257,0.00012213725323225594,0.01764656846720535
white,952,1.8333615852761322,-0.843296640905852,2.676658226181984,334.5555207466552,6.925721974035057e-05,0.011028078937006509
white,953,1.8161603683617666,-0.8241772336343182,2.6403376019960847,383.58511296725214,7.38838628293291e-05,0.009441607313024363
white,954,1.730820222847238,-0.7422103469229068,2.473030569770145,461.197211452005,5.375502131634187e-05,0.00849149639330368
white,955,1.818200110985199,-0.8307665638581473,2.6489666748433462,226.80880613946587,7.195247816090163e-05,0.007830682287886227
white,956,1.8366930014249292,-0.846912593248921,2.68360559467385,414.6675470987447,0.00010508604419419768,0.02168160145262782
white,957,1.8031038414090987,-0.8137390450045776,2.6168428864136764,303.8365000664828,6.182049504507847e-05,0.008781414271610947
white,958,1.8098980681636971,-0.8247477191599935,2.6346457873236906,226.77191758374508,5.9355320895381966e-05,0.006396398718850407
white,959,1.7910475719461738,-0.7997130987003024,2.590760670646476,642.1958945779155,9.173428169292897e-05,0.02926455682335309
white,960,1.8044390366222998,-0.8156610970130246,2.6201001336353245,333.651750180861,7.721984221064314e-05,0.011052098748705608
white,961,1.8092182720206185,-0.8175340760361314,2.62675234805675,560.798700664318,8.721095666928622e-05,0.0204702112052236
white,962,1.792769948383419,-0.8064001600213018,2.5991701084047207,448.6074276863144,8.336637714850825e-05,0.01750405200245754
white,963,1.8039177405966764,-0.818353019099038,2.6222707596957147,328.17662651283007,6.31081173770396e-05,0.010305043322666208
white,964,1.7866946432079214,-0.7977969505509012,2.5844915937588224,399.8609957188032,7.71766466215306e-05,0.0116986696052507
white,965,1.812516899363262,-0.8210262988221765,2.6335431981854387,287.77375201151955,8.143758744857087e-05,0.009386984416680807
white,966,1.7659238817438323,-0.7753605616353952,2.5412844433792277,431.54055388323866,9.051674998816761e-05,0.01918082594879949
white,967,1.8381665342293187,-0.8477358219748349,2.6859023562041537,289.8368093858227,7.112149912297423e-05,0.009878560743081927
white,968,1.824344115685121,-0.8343738734853922,2.6587179891705133,450.36310714085823,9.476260175438414e-05,0.020369147889250094
white,969,1.7895397344405386,-0.8001607345508754,2.5897004689914143,367.2786786849633,6.560328230765904e-05,0.011270693106902065
white,970,1.8054465860160958,-0.8149622531182348,2.6204088391343303,341.37702238807435,5.7976823738257674e-05,0.009926868344008051
white,971,1.7874734140632127,-0.7958510453558055,2.583324459419018,331.3669238185605,7.338176038031337e-05,0.011375891429307637
white,972,1.779843426135049,-0.7892810712219633,2.5691244973570124,627.3369397442866,8.140562188355127e-05,0.023539213958610503
white,973,1.7998905758612083,-0.8127192290070342,2.6126098048682422,350.86240491083595,0.00010981602753459135,0.01647557185504744
white,974,1.7772308798291272,-0.7877659264080631,2.56499680623719,370.0428719131246,6.786485628364203e-05,0.007927414880960961
white,975,1.8072913396737318,-0.8188492550304944,2.6261405947042262,453.34819789135827,6.969946517295517e-05,0.014195233280651844
white,976,1.8407201387052947,-0.8493177336429263,2.690037872348221,297.1974188059904,6.895821124107415e-05,0.009810282420340878
white,977,1.8105929005486583,-0.8227844446627031,2.633377345211361,417.31602579164314,8.556034399554921e-05,0.017302426146771542
white,978,1.8166579632959132,-0.8255869766735906,2.642244939969504,613.0655532043685,5.6403613078705866e-05,0.01619998791873542
white,979,1.7986252135200538,-0.8060947225569615,2.6047199360770152,526.6811105061154,7.979499637649975e-05,0.018314079177251284
white,980,1.8044293038014612,-0.8156058509850318,2.620035154786493,269.0286615676259,0.00010693890970501878,0.014313457029380455
white,981,1.8137471963238165,-0.8245112538213741,2.638258450145191,366.47298600859864,9.429356469729464e-05,0.013974313546407416
white,982,1.7891036021652482,-0.7971198264152712,2.5862234285805195,413.19676259118,7.105142702599002e-05,0.01142363924818851
white,983,1.7890796790430925,-0.7966715036996319,2.585751182742724,648.7072570665136,0.00010446874793545308,0.013821186393246837
white,984,1.7882748769455565,-0.7985146933453444,2.586789570290901,350.9374412950797,7.384271322984429e-05,0.011244216071551742
white,985,1.8069298092297257,-0.8155506781403502,2.6224804873700758,366.1246749211913,8.650814342192961e-05,0.014518093235216523
white,986,1.7991271893796852,-0.8099228317189939,2.609050021098679,270.18537851956063,7.326070934567629e-05,0.008785146085998185
white,987,1.770952160829829,-0.7769415253764431,2.5478936862062724,417.04720554521595,5.860760977580842e-05,0.012069862737819216
white,988,1.7429078934624458,-0.7543638645347486,2.4972717579971944,198.03266160094913,7.840134269550703e-05,0.0051698536996106605
white,989,1.7794060211743457,-0.7916527898170683,2.571058810991414,282.79410411327393,5.2076470350858814e-05,0.007170087481935529
white,990,1.8223805185731046,-0.8332885334890001,2.6556690520621045,381.1560012319894,6.902292630983631e-05,0.009716731556617866
white,991,1.8080935384731862,-0.8164715142715054,2.6245650527446918,330.59308436431076,7.05096213249462e-05,0.007056472058781867
white,992,1.7856032248561298,-0.7967456670027273,2.582348891858857,470.6295187002274,7.472305925171341e-05,0.010069801385923036
white,993,1.8212782017787332,-0.8327389289047201,2.6540171306834535,225.81768502893868,8.239682015483141e-05,0.009186834412209815
white,994,1.7980681036917696,-0.8095351185945548,2.6076032222863246,387.6295953132201,7.564445057900264e-05,0.013688865790556339
white,995,1.785426666452851,-0.7955464952827019,2.580973161735553,399.6918250160503,9.561535790397757e-05,0.01861368066541642
white,996,1.7835987250961687,-0.7922182756876496,2.575817000783818,885.544524576678,4.819003515907014e-05,0.007690575698904653
white,997,1.7806290561363542,-0.7872616246893,2.5678906808256543,512.4046894897965,7.043130374250611e-05,0.017795919583752526
white,998,1.7877307946753835,-0.7981328531125348,2.585863647787918,414.51985294886055,8.030617254566746e-05,0.01587606171068261
white,999,1.8040736430473021,-0.8097060009612205,2.6137796440085226,454.334655041345,5.881266779212552e-05,0.01206305305754755
antithetic,0,1.7997661076984763,-0.8098270735266793,2.6095931812251556,3.5265989180160324,0.005677798399741754,0.01206303791441609
antithetic,1,1.7993476467539813,-0.810909452406531,2.6102570991605125,3.5392705297580656,0.005654272971063315,0.01241481049178463
antithetic,2,1.8006966666450674,-0.8105318430573748,2.611228509702442,2.2563072097987966,0.008867670743882606,0.013762476922727696
antithetic,3,1.798208171384745,-0.8112048429855732,2.6094130143703183,2.1386635491892036,0.009372198241767583,0.013418232057022271
antithetic,4,1.7934705497308017,-0.8148996739550178,2.6083702236858195,6.397933117845384,0.003132091278610083,0.011207878663324627
antithetic,5,1.8009427893443866,-0.810161459951632,2.6111042492960186,1.4362858178333704,0.013940307149809402,0.016349762230107492
antithetic,6,1.8015888027986375,-0.8086403263524917,2.6102291291511293,1.5569916127979189,0.012856277053456763,0.0146588333787942
antithetic,7,1.8001218043529417,-0.8140414280655636,2.6141632324185053,2.0815565147331174,0.009604540781944566,0.014632850680853189
antithetic,8,1.800870752737485,-0.8072222715147617,2.6080930242522467,1.0314388955783333,0.02001533586396119,0.018591579159654318
antithetic,9,1.802174806623981,-0.8101551957307193,2.6123300023547005,2.375161207580721,0.008415956595038455,0.011904761117464401
antithetic,10,1.8013879505700707,-0.8075636053194276,2.6089515558894982,1.224096582519816,0.016372261216519603,0.017403730614061568
antithetic,11,1.8006223463496163,-0.80726829906042,2.6078906454100363,1.9506609736852663,0.010276251706546257,0.013275604737832453
antithetic,12,1.7987469845051474,-0.8074387597945055,2.606185744299653,2.3334776229855936,0.008598628382070764,0.013483657523686991
antithetic,13,1.8003758495626474,-0.8104646293177716,2.610840478880419,2.215618808658426,0.009033954895794869,0.013761258559445098
antithetic,14,1.8010437856331019,-0.8094576447934849,2.610501430426587,2.6954254316946638,0.0074246906606072905,0.01135405011156853
antithetic,15,1.802193657419365,-0.8096993655269304,2.6118930229462958,3.298677711754381,0.006058839511885546,0.01295675988223942
antithetic,16,1.8015277199925368,-0.8069705300884927,2.6084982500810296,1.1137446674735485,0.01800089539969111,0.014816816828266457
antithetic,17,1.799342262776594,-0.8145960642903585,2.6139383270669523,3.010414911754319,0.006638568376819623,0.01329765252008518
antithetic,18,1.8020723872768092,-0.8086152121457358,2.610687599422545,1.5296822883475114,0.013086782330418201,0.014793769002731046
antithetic,19,1.7985902216425453,-0.8122339512598041,2.6108241729023494,1.9114655401589733,0.010481143643171638,0.015238567279909262
antithetic,20,1.7982904980834094,-0.8074879297263678,2.6057784278097773,2.4392192890201354,0.008225174701525919,0.01287246433774593
antithetic,21,1.7996320735099216,-0.8089421429908181,2.60857421650074,2.377539310103047,0.008424509089546919,0.013428237328708577
antithetic,22,1.7994792916766056,-0.80960827354461,2.6090875652212153,3.9692837681889124,0.00504463804041132,0.012300398623261535
antithetic,23,1.7996824659675559,-0.81165617523028,2.611338641197836,2.0615745205023037,0.009711343557204637,0.014555878956753936
antithetic,24,1.7991139457599459,-0.8139438473586879,2.613057793118634,3.69500022965617,0.005412448996393628,0.012463993929989686
antithetic,25,1.800234097220979,-0.8119068408156782,2.6121409380366574,2.1001096691429773,0.009527683921232356,0.014738382406867121
antithetic,26,1.800808027955893,-0.8099144299781313,2.610722457934024,1.6332876437099801,0.012257572167890508,0.015856037910469044
antithetic,27,1.8028378902621693,-0.8094745163700382,2.6123124066322077,1.8140136962553557,0.011022161523478239,0.014212259943186619
antithetic,28,1.796301135291247,-0.8088556726610632,2.6051568079523104,3.7803852297485903,0.005308870931613931,0.012794197779961925
antithetic,29,1.8009773132467553,-0.8092105075869634,2.6101878208337186,2.2780973561392526,0.008786339876759518,0.01273283229635659
antithetic,30,1.802383827596368,-0.8091070975921981,2.611490925188566,2.766622868048712,0.007228671344882483,0.013612649296438394
antithetic,31,1.796790550742416,-0.8091758506307078,2.6059664013731236,3.008730527291092,0.00666993360005652,0.012208241160907065
antithetic,32,1.798297041080806,-0.815410371206999,2.613707412287805,4.112265054946236,0.004858539235759106,0.011895395339604957
antithetic,33,1.7975894782899255,-0.8141585919176143,2.6117480702075397,3.0363184075212017,0.006593399086344839,0.012740640439668976
antithetic,34,1.7933558852701108,-0.8166239321926686,2.6099798174627793,4.577170123945181,0.004373508254389287,0.012034601576613211
antithetic,35,1.8006109666372279,-0.8075432301087917,2.6081541967460193,1.634076555414832,0.012267915962626016,0.014529104934987517
antithetic,36,1.799254709585572,-0.8097374668163694,2.6089921764019413,2.733583987826347,0.007328809866629882,0.012280461916266456
antithetic,37,1.7978130709278652,-0.8153053336249123,2.6131184045527776,6.375202726770718,0.0031344796101974905,0.011438065356292763
antithetic,38,1.7930148684480753,-0.8147706402810403,2.6077855087291155,5.973712007238292,0.0033561058192431957,0.011654229407140677
antithetic,39,1.7999141476703087,-0.8111199881239224,2.611034135794231,1.6469506719082676,0.012158615020651575,0.01524022295117947
antithetic,40,1.797417596063385,-0.8092357733722018,2.6066533694355867,3.217585881383727,0.006233819975517086,0.012460964802595098
antithetic,41,1.8037055977187686,-0.8120575777443892,2.615763175463158,1.5450198131109072,0.012929751402631416,0.015207764058262881
antithetic,42,1.79947102351282,-0.8054957524293992,2.604966775942219,1.7506116201958424,0.01146907726753716,0.0153052665175107
antithetic,43,1.8033714058793715,-0.8098900345994055,2.613261440478777,1.0587603339075928,0.020009126241753758,0.020370140702722153
antithetic,44,1.792986035055687,-0.8201670297599529,2.61315306481564,5.490241680725684,0.0036427320175077254,0.01157802315849018
antithetic,45,1.7973459533960254,-0.8092175492605134,2.606563502656539,2.672337462451357,0.007506808367582706,0.01367380745720853
antithetic,46,1.7988049832418238,-0.8107862641308223,2.609591247372646,2.4581422179543533,0.008148929709337704,0.013302905590309048
antithetic,47,1.7994970668193087,-0.810991323133973,2.610488389953282,3.5672328776084385,0.005610285893623806,0.012439934319395756
antithetic,48,1.8026496648050991,-0.8073016119636723,2.6099512767687716,1.04871773466304,0.019112148361669922,0.01801619875669678
antithetic,49,1.7987670119539823,-0.8067774375066126,2.605544449460595,2.251181497906737,0.008915544134511743,0.013816903439897976
antithetic,50,1.7998631349102618,-0.8117247706814015,2.611587905591663,2.491053196769802,0.008032106246869371,0.01377543228944377
antithetic,51,1.8024830592187597,-0.8082952058107508,2.6107782650295106,1.1782587969629914,0.020008018044122108,0.021354016897602322
antithetic,52,1.7978137965876972,-0.807291162139253,2.60510495872695,2.4512381635633576,0.008187770709845974,0.014110683473195773
antithetic,53,1.7997200725290152,-0.8093394046690486,2.609059477198064,2.473580680784067,0.008098105420417584,0.01405167703248702
antithetic,54,1.7981018545952419,-0.8171939465850788,2.615295801180321,4.0355253183904205,0.0049480297543967955,0.012378918103617076
antithetic,55,1.802801197747595,-0.808494964328709,2.611296162076304,2.5632038464811115,0.007806429931122015,0.012245387601151979
antithetic,56,1.7987552593595477,-0.8096477708227889,2.6084030301823367,2.760826293509585,0.0072545362491840066,0.012452223123173397
antithetic,57,1.8005668429082815,-0.8093090052582779,2.6098758481665594,2.284209233432371,0.008767977958612352,0.013988651769367826
antithetic,58,1.8008414323523898,-0.8069870760100937,2.6078285083624833,2.128117103566387,0.009418756329113733,0.013166891284499474
antithetic,59,1.7911959152422345,-0.8209582114866943,2.612154126728929,12.577245556993752,0.0015892665537491513,0.010544112348976531
antithetic,60,1.7975945920118492,-0.8133948400244643,2.6109894320363134,3.265966503970631,0.006129283202467025,0.012951775601306607
antithetic,61,1.799776141354616,-0.8124905943453408,2.612266735699957,3.1552943149851465,0.006338336279149045,0.012152045258714933
antithetic,62,1.7995090370965856,-0.8082240864902149,2.6077331235868004,1.588658654072447,0.012625603507664734,0.01487118469122032
antithetic,63,1.798478403642786,-0.8130739027594456,2.6115523064022317,2.323130450729646,0.008616530139101575,0.014304475244743405
antithetic,64,1.8039491130441168,-0.8150892541876332,2.61903836723175,2.2940162534484507,0.008685450249200559,0.012631150631619655
antithetic,65,1.798305163890425,-0.8075787558300755,2.6058839197205006,1.5391618166585712,0.013047228597646435,0.015436736421073464
antithetic,66,1.7954878620027568,-0.8140228030711768,2.6095106650739335,4.257771790146627,0.00470400295426843,0.011734312816101189
antithetic,67,1.7975964327736431,-0.81642144248505,2.614017875258693,5.752905489159165,0.0034706558991569516,0.011756665548340244
antithetic,68,1.7965634440065368,-0.8134568394446634,2.6100202834512003,5.795451477457814,0.0034535095272732463,0.011641987806550565
antithetic,69,1.8037032937411444,-0.808728981114527,2.612432274855671,1.0508451617964338,0.019029554947092353,0.01784473299864321
antithetic,70,1.8013162075555473,-0.8105242168339797,2.611840424389527,2.0358509835895746,0.009827873244642226,0.013966889290019942
antithetic,71,1.7983942480753687,-0.8109165817991788,2.6093108298745475,2.981318027652539,0.006719748760719384,0.01314027520349214
antithetic,72,1.8006841773890923,-0.8089575888007764,2.6096417661898688,4.397253550689877,0.0045526591181466215,0.011748236980983906
antithetic,73,1.7978457668258545,-0.809565839374611,2.6074116062004657,2.7135297276496764,0.007389984790055684,0.013097161313914262
antithetic,74,1.8016380467087851,-0.8083088055953206,2.609946852304106,1.5768071103418024,0.012699753573610903,0.014045507238525967
antithetic,75,1.8032152683257583,-0.8076675528849192,2.6108828212106774,1.0717495713427847,0.018675096117271202,0.017031419307400465
antithetic,76,1.7991091475079752,-0.8081119133590163,2.6072210608669915,2.9035510221325302,0.00690642895545861,0.012074616719582924
antithetic,77,1.8021171982084971,-0.8112049796461748,2.613322177854672,2.3550434983782345,0.008485593270228759,0.012334945624970745
antithetic,78,1.7961699409540945,-0.8091620645588147,2.605332005512909,3.012386227153825,0.0066637769562021545,0.0129702209112507
antithetic,79,1.7958044149361088,-0.809671065879321,2.60547548081543,2.8514107850478636,0.007039494088406568,0.013474469215755087
antithetic,80,1.8015695944397327,-0.8111894865443812,2.612759080984114,2.9591500886032143,0.0067540574043814345,0.012882478749575562
antithetic,81,1.7965132592924413,-0.810855938128156,2.6073691974205975,3.4152491244125334,0.005870172136614295,0.012928883778143037
antithetic,82,1.7942749439127186,-0.8118668564221412,2.6061418003348598,6.216755907882355,0.003227462663042611,0.011510041485225837
antithetic,83,1.8000018805233164,-0.8102110066826599,2.6102128872059764,2.0492995458578003,0.009773080748157165,0.013756361104339929
antithetic,84,1.7955046386368894,-0.8137861703887711,2.6092908090256604,3.663722931617155,0.005467983498604789,0.011987933474664718
antithetic,85,1.79409013122282,-0.8132446175862105,2.6073347488090306,4.54242090418046,0.004415585025148508,0.012034576100373473
antithetic,86,1.7955037986277032,-0.8136448996978517,2.609148698325555,4.3613393100905435,0.004592953430392707,0.012234617564836448
antithetic,87,1.79879439626344,-0.8119415318844896,2.6107359281479297,3.7268594818536664,0.005369096387931982,0.012045650137760088
antithetic,88,1.8000488516810844,-0.81383934244901,2.6138881941300944,2.8773616203967602,0.006947863240761498,0.013418494407284605
antithetic,89,1.8004331584446065,-0.8096944929462099,2.6101276513908163,2.99557171290746,0.00668286305612299,0.013304703473374443
antithetic,90,1.7974612623685613,-0.8121064805587173,2.6095677429272786,2.899979780879756,0.006908050711551969,0.012837296916181304
antithetic,91,1.8016243570265036,-0.8075508532059579,2.6091752102324612,1.559380963499373,0.012849864769754516,0.014778079608054254
antithetic,92,1.7999920566601524,-0.8144871129643437,2.614479169624496,3.1392404223200923,0.006363604705738992,0.011913922200843871
antithetic,93,1.799198584390372,-0.8086291619488954,2.607827746339267,2.3642987258415205,0.008478387272879796,0.014267393626993578
antithetic,94,1.8003463268652484,-0.8066742254207815,2.6070205522860297,1.2207878892671724,0.016437663294808707,0.017662223734503654
antithetic,95,1.7993973846388496,-0.8106526051486331,2.6100499897874827,2.35625786972239,0.008497206813078736,0.012714926675840793
antithetic,96,1.802216585622537,-0.8113619271166329,2.6135785127391697,1.8440461220773596,0.010841948169362233,0.01373361513254864
antithetic,97,1.7986667075685043,-0.8107108058357567,2.609377513404261,3.266790610938065,0.00612938920820812,0.013075584149498776
antithetic,98,1.7990391105849417,-0.810761218645778,2.60980032923072,5.122422260426278,0.003908138922812436,0.0117675172664876
antithetic,99,1.8028449973178942,-0.8081270537248744,2.6109720510427685,1.150498041266234,0.017397434390707563,0.012996432383248716
antithetic,100,1.799629530424517,-0.8122987954228706,2.6119283258473875,3.7760391657743955,0.005295568435895236,0.01262902163930828
antithetic,101,1.8020577361331054,-0.8115157905769377,2.6135735267100433,2.1445994963087953,0.00931926060486713,0.014286224266575793
antithetic,102,1.797616265105965,-0.8115585321069004,2.6091747972128654,3.203577089037586,0.0062521295756647185,0.013078973221763513
antithetic,103,1.8025795794811743,-0.8078001278381285,2.6103797073193027,1.060749461338668,0.020029129926836173,0.019441349691880414
antithetic,104,1.798356166219713,-0.8129364479874681,2.611292614207181,4.844612085850979,0.004130050536255396,0.011563981648794923
antithetic,105,1.7965372598305585,-0.8110411467811565,2.607578406611715,3.3620577731749512,0.005965125840374283,0.012711214445378979
antithetic,106,1.8006196370470864,-0.8059090584183417,2.6065286954654283,1.1270677934318427,0.017797110400641636,0.012815759155170574
antithetic,107,1.7981459147053136,-0.8087951931304096,2.6069411078357234,3.132858855548353,0.0064010516296299416,0.012363322163983552
antithetic,108,1.792900381758697,-0.8108773946470119,2.603777776405709,5.996757759651746,0.003349726302119124,0.011386028776100832
antithetic,109,1.800785594643793,-0.8080089421186216,2.6087945367624146,2.2661726590020197,0.008838139328265708,0.013736888775563595
antithetic,110,1.8025559139943301,-0.8089607489568684,2.6115166629511988,1.6300366432099758,0.01227180454413097,0.015455829331263079
antithetic,111,1.7988038925471714,-0.811020118832844,2.6098240113800153,3.1383347845708323,0.00637998246934424,0.013232684225807373
antithetic,112,1.8039629493044484,-0.8118647915438145,2.615827740848263,1.4252901545992673,0.014010600231569312,0.016654946546087648
antithetic,113,1.7975037075758982,-0.8117745636762729,2.609278271252171,3.698422469750424,0.0054165779856479605,0.01267127653767367
antithetic,114,1.8014847786676866,-0.8129662812037881,2.6144510598714747,2.7348892745716453,0.007303712850209754,0.012682814330416287
antithetic,115,1.800568962007733,-0.8077468330660778,2.6083157950738105,2.0207682470612296,0.009916297689863959,0.01482471755064513
antithetic,116,1.8004634154593986,-0.8083836784875387,2.6088470939469373,2.853584560920583,0.007020430985431865,0.012651826897474093
antithetic,117,1.7993823759049377,-0.8094495337674165,2.6088319096723542,2.362211919880781,0.008482156379655012,0.013393362529580939
antithetic,118,1.7990626241682457,-0.8093450688954539,2.6084076930636995,2.4152955105848264,0.008295620758799527,0.013112435469137663
antithetic,119,1.7975348820904349,-0.812744685034993,2.6102795671254277,4.0363219973153495,0.004959688165076782,0.01235299200977766
antithetic,120,1.7997891034825748,-0.81252901900462,2.6123181224871947,2.9847384424225623,0.006699099913329069,0.013003806672509851
antithetic,121,1.800325849467501,-0.8056532136182913,2.605979063085792,1.1791960968077475,0.017022337745218042,0.01832479397471983
antithetic,122,1.7967570589336812,-0.8112831312040014,2.6080401901376824,3.1852269225611396,0.0062981891285666565,0.012429115559156817
antithetic,123,1.7995922019345885,-0.8099118051420773,2.6095040070766657,2.844953304339686,0.007040489566938557,0.01178006596109457
antithetic,124,1.8015130783680349,-0.8096233964507895,2.6111364748188244,2.1585660269173137,0.009271958440873997,0.013963636145785111
antithetic,125,1.8004461362015836,-0.8101544313243002,2.610600567525884,1.824007764782663,0.010980363865078176,0.015195273883803203
antithetic,126,1.7992936735141996,-0.8073391130411175,2.606632786555317,1.6599437775373151,0.012082453432801656,0.015470732208167286
antithetic,127,1.7962448552113564,-0.8170388216354263,2.6132836768467826,6.735601058279095,0.0029665798152870813,0.011477581589050488
antithetic,128,1.7983894275012324,-0.8095039846906268,2.607893412191859,2.4221523135295873,0.008275050392623403,0.012859156044642984
antithetic,129,1.8002195734146023,-0.8104483953775882,2.6106679687921903,2.0835584047404225,0.009605397333296434,0.01424837305111473
antithetic,130,1.8018817594106475,-0.8126945798033536,2.6145763392140013,5.001127583015874,0.003991701356072604,0.0110629721048289
antithetic,131,1.800739020728133,-0.8088130055891991,2.609552026317332,2.6664820286895385,0.0075066224547794755,0.013621935389674824
antithetic,132,1.799660291271599,-0.8095348185122297,2.609195109783829,2.3068165365009468,0.008685666899326896,0.0141153194626066
antithetic,133,1.801537492608668,-0.8119885010232433,2.613525993631911,3.830389225853128,0.005217704099147696,0.012532463375919631
antithetic,134,1.8020613555000566,-0.8071778621332136,2.60923921763327,1.1110342955628063,0.018027849299381237,0.018411818455555437
antithetic,135,1.8000056594562428,-0.8085278345686429,2.6085334940248854,2.020697505786398,0.009917257111726963,0.014367257052241074
antithetic,136,1.7975437984732516,-0.8130028315701482,2.6105466300434,3.1390836080302416,0.006380230926149653,0.013095827448838705
antithetic,137,1.7966046794557942,-0.8163677874789749,2.612972466934769,5.23200793627194,0.0038205730406265393,0.011709632710258802
antithetic,138,1.7967679524619065,-0.8112732631135335,2.60804121557544,3.927135733056432,0.005103146964148083,0.012559953573080247
antithetic,139,1.801701990590654,-0.8090055476076335,2.6107075381982874,1.6581512620753291,0.01207266437120366,0.016063688244059494
antithetic,140,1.7979948006147422,-0.809038008516385,2.6070328091311272,2.44638222863588,0.008201357500856564,0.014116359325121024
antithetic,141,1.8022673956966393,-0.8081139671293293,2.6103813628259687,1.7610384223815205,0.011366375483156622,0.012417117984005374
antithetic,142,1.7986744094467126,-0.8082108734573797,2.6068852829040923,1.7822113680755727,0.011256982768587647,0.015618803715838021
antithetic,143,1.7997074812419254,-0.8087768410227907,2.608484322264716,1.9138675458742742,0.010475469894137383,0.015054232789845039
antithetic,144,1.7991625493103671,-0.8120155159157619,2.611178065226129,2.7921432743937564,0.00716746602469383,0.013498658150315198
antithetic,145,1.799801675048721,-0.8101032687368316,2.6099049437855526,2.404175809014871,0.008324520397060664,0.014080258531535156
antithetic,146,1.7976781286462247,-0.8127048534677462,2.610382982113971,3.4670129293091683,0.005774156146324749,0.012785961368913702
antithetic,147,1.7998827777040767,-0.8090175136207053,2.608900291324782,2.2268804426277438,0.009001483884473294,0.013923678806108779
antithetic,148,1.799355277340639,-0.8097004563039027,2.6090557336445417,2.132825079127701,0.009394154062289568,0.014386336939305926
antithetic,149,1.803567597963216,-0.8073621038466993,2.610929701809915,1.4371512628534975,0.013922435733851182,0.016690323394672822
antithetic,150,1.79519569321191,-0.8109465841553478,2.606142277367258,4.418512603273857,0.004539702766664992,0.012183998274594822
antithetic,151,1.8033137639649157,-0.8086985298858743,2.61201229385079,2.0388513821464156,0.009805206935961359,0.014756348198705886
antithetic,152,1.7969888117026813,-0.8098886925036022,2.6068775042062837,2.7009781922212888,0.0074275569465822805,0.013749827331366867
antithetic,153,1.792858141819228,-0.8153367380309073,2.608194879850135,6.187526143406671,0.0032376826480026103,0.01159520837884806
antithetic,154,1.79660179485951,-0.8112070760754913,2.6078088709350014,3.308797602598425,0.006058606903218911,0.012972359329844656
antithetic,155,1.8026211230168443,-0.8113117215622051,2.6139328445790495,2.618689646139985,0.007629312936579725,0.01200728797467788
antithetic,156,1.7984086173951368,-0.8102732317100488,2.6086818491051855,3.6999523126066767,0.00541352808141573,0.0124452335331224
antithetic,157,1.8006956971434633,-0.8069425369730964,2.6076382341165596,1.5448237253545996,0.012980191299115795,0.014145286890928078
antithetic,158,1.801041383188265,-0.8103609000720542,2.611402283260319,2.6379852001694024,0.007585730360764348,0.013345471241071731
antithetic,159,1.8020194603081057,-0.8135066293547538,2.6155260896628594,1.8474536961850399,0.010809772964931762,0.015092712422492062
antithetic,160,1.7996415850999137,-0.8094220401465291,2.609063625246443,2.3986491966151937,0.008354093951091907,0.014133605002375779
antithetic,161,1.8002939738124186,-0.808761187816835,2.6090551616292537,1.917100348330404,0.010450505080572617,0.0150360297448409
antithetic,162,1.7893717733005245,-0.8144551138683774,2.603826887168902,5.231180764278635,0.00384037899299532,0.011819613518513124
antithetic,163,1.7995163011120097,-0.8083360642882031,2.6078523654002126,2.680268665204772,0.0074779485848958105,0.013703569454092953
antithetic,164,1.7970224421664462,-0.8102741654198453,2.6072966075862913,3.4055249325685275,0.005886581569649965,0.012938204928294639
antithetic,165,1.8016369078048449,-0.8107167009431733,2.612353608748018,2.640292822245561,0.007572773262495389,0.013776724568376964
antithetic,166,1.7985573378971442,-0.8084309190361281,2.6069882569332723,2.4201476939217197,0.008288961510588607,0.013004357138277382
antithetic,167,1.8024760811119656,-0.8109443115750414,2.613420392687007,1.5982457147569662,0.012510373963625122,0.014329485734529987
antithetic,168,1.7994942047937967,-0.8085484064816418,2.6080426112754385,1.8463772071677325,0.010857773984970159,0.013797649915181032
antithetic,169,1.799197059204568,-0.8086723206575542,2.607869379862122,1.639940043515707,0.012220459604438735,0.014775251161582565
antithetic,170,1.800754783283112,-0.8104706329317332,2.611225416214845,2.2686297668648,0.008821641413562521,0.01247617898921956
antithetic,171,1.79578763897258,-0.8139089773938063,2.6096966163663864,6.565300752078246,0.003050218471070211,0.01148430695528657
antithetic,172,1.801886624570317,-0.8120001842937399,2.6138868088640566,1.9715068321160907,0.01013869197192201,0.01455661266871475
antithetic,173,1.8025089159708505,-0.8071202783026533,2.609629194273504,1.7088018766827533,0.01171978790883725,0.01527350941746129
antithetic,174,1.8004792524525102,-0.8092183082452944,2.6096975606978043,2.4164260507713604,0.008289965080090205,0.01311237009717132
antithetic,175,1.800396914260807,-0.8114650287015074,2.611861942962314,2.8234671881661173,0.007084983351783872,0.013476611950315498
antithetic,176,1.8006105184277899,-0.8075148726889896,2.608125391116779,2.2706930491845037,0.008824931498559936,0.013078080738036128
antithetic,177,1.8048389671433462,-0.8104967381082526,2.615335705251599,1.4330245244291657,0.01392688722494823,0.016741943488142893
antithetic,178,1.7991426045421621,-0.8102730525408397,2.6094156570830016,2.3077254435977586,0.008682902333393125,0.014319834315002304
antithetic,179,1.7999189702328204,-0.8093744148174197,2.60929338505024,2.817359896004462,0.007108508346059316,0.013308387814900955
antithetic,180,1.794071951999844,-0.8107494438241198,2.604821395823964,4.265609322579978,0.004707147132251859,0.012311209927776881
antithetic,181,1.8000811999410748,-0.8050613410452481,2.605142540986323,1.5220959619965595,0.013181884235060313,0.016516025480320568
antithetic,182,1.804216422309583,-0.8066443856299446,2.6108608079395275,2.3314706467728823,0.008576954444830554,0.014079982247028418
antithetic,183,1.7980323933203115,-0.8132736254490002,2.611306018769312,3.1124278594817953,0.006430761870561402,0.01281011170050549
antithetic,184,1.7960224191005545,-0.8136620848588744,2.609684503959429,3.6276802791601863,0.00552125644064646,0.012628126902237673
antithetic,185,1.794150341278271,-0.812591934927022,2.606742276205293,3.744113670333392,0.005356787583376027,0.012409323688211134
antithetic,186,1.8029989022363344,-0.8062000178254175,2.609198920061752,1.2019079268545447,0.020024189129801844,0.021330352296393382
antithetic,187,1.800165274414082,-0.80741289510983,2.607578169523912,2.637274822531871,0.007599211460794754,0.013403702594317666
antithetic,188,1.8021805429258884,-0.8098296903502528,2.6120102332761412,1.9188361636864684,0.010421216104788765,0.015169385680139372
antithetic,189,1.7998865659491916,-0.8054817661179567,2.6053683320671484,1.0773997186947524,0.01863744857131325,0.01718335041358774
antithetic,190,1.7972365280262361,-0.8121842666957879,2.6094207947220243,5.457598215043568,0.003668098275016622,0.011347255427973305
antithetic,191,1.7953229673225954,-0.8126034904191504,2.607926457741746,4.006318358551606,0.005003442505076993,0.01246759345423218
antithetic,192,1.8011331878258205,-0.8099266921269475,2.611059879952768,2.6573064493654472,0.007527273117154494,0.013619004198094127
antithetic,193,1.8008016263263993,-0.8079979280375559,2.608799554363955,2.321811179160202,0.008630616305718278,0.013104749651182055
antithetic,194,1.8025042260714452,-0.8107558642004346,2.6132600902718797,1.3651746460725258,0.014645329330521865,0.017327885287271517
antithetic,195,1.790462147667698,-0.8182014782855611,2.608663625953259,6.972203281217241,0.0028732122661511775,0.011475309785865643
antithetic,196,1.797783798618997,-0.8129449816230101,2.610728780242007,2.0604242408134326,0.00972391232230908,0.014694756215630315
antithetic,197,1.8022867787333214,-0.80650507858455,2.6087918573178714,1.2153094922898153,0.016494213171715545,0.01746388806302015
antithetic,198,1.800393430001445,-0.80807953766457,2.6084729676660148,1.8116015412961661,0.011061591959665256,0.013201274141135946
antithetic,199,1.801667098953896,-0.8074156108454544,2.6090827097993508,1.2021286414294328,0.016673996463845528,0.017372288869289144
antithetic,200,1.8003584458674502,-0.810155703757189,2.610514149624639,3.2968058421839737,0.006071661303585859,0.013046360082462564
antithetic,201,1.7960648067193887,-0.8132045864756562,2.609269393195045,3.63135624172953,0.005515911960140851,0.012677527260363506
antithetic,202,1.7978637503346946,-0.8134881284824089,2.6113518788171035,3.0606575131110687,0.006539252295856074,0.013141505314147461
antithetic,203,1.8024245903248302,-0.8140520502078586,2.6164766405326887,3.082489920306628,0.006472290921144061,0.011633350071237836
antithetic,204,1.7985427582119822,-0.8095467241661927,2.608089482378175,2.0135850775187234,0.009958727265469518,0.014541298626235662
antithetic,205,1.801237909533893,-0.8105528926023976,2.611790802136291,2.1044169266689603,0.009508841333850035,0.014425539729515624
antithetic,206,1.7986470048733691,-0.8114442563182251,2.6100912611915943,2.5346578727272955,0.007900630286732813,0.012837016169879827
antithetic,207,1.8013267375067057,-0.8099223382370513,2.611249075743757,1.9142144204085165,0.010459720328265542,0.01437332521559686
antithetic,208,1.8023239119871681,-0.8083912057422058,2.6107151177293737,1.9338022678162534,0.010347591427208338,0.012592765787219132
antithetic,209,1.796898269897467,-0.8100067899626503,2.606905059860117,2.2673240579766327,0.008850251593395215,0.013242910389858102
antithetic,210,1.7949421443533793,-0.8179884293327575,2.612930573686137,4.842646478463584,0.004127066087560428,0.011988188957315432
antithetic,211,1.8019142954417695,-0.8116835465841159,2.6135978420258854,2.896640053328283,0.006899862051650375,0.013195667092497247
antithetic,212,1.802044238894416,-0.8090014123214413,2.611045651215857,2.121326315822796,0.009433347912684548,0.014589001594553274
antithetic,213,1.7962235603299264,-0.812602208031726,2.6088257683616525,4.313262582411015,0.004645288704467267,0.012307788746376384
antithetic,214,1.7966576596492614,-0.8134775351116479,2.6101351947609093,3.3749951961174327,0.00593083148858797,0.012798132693187334
antithetic,215,1.800174122443925,-0.8114242416247341,2.611598364068659,2.1077997990217705,0.009495313432152847,0.014709675638314802
antithetic,216,1.8044469261159397,-0.808381503145259,2.6128284292611985,1.1116794531799656,0.017980144807516765,0.012319860098488001
antithetic,217,1.795442738744578,-0.8108973594595503,2.6063400982041283,3.529883152994707,0.005680770685305768,0.01141734989251427
antithetic,218,1.8024135141832032,-0.8108594952073752,2.6132730093905785,2.978629722821129,0.0067066884756072,0.01331827319974027
antithetic,219,1.8002025860812296,-0.809568962241973,2.6097715483232027,2.934501793833669,0.006820576753172531,0.01263039183300032
antithetic,220,1.7978569586730329,-0.8114782925795617,2.6093352512525945,2.9067479134299674,0.00689143431304395,0.0132537019550382
antithetic,221,1.8006785336673847,-0.8109373379041379,2.6116158715715225,2.6657394504792102,0.007502332693930197,0.013092053944460518
antithetic,222,1.7984514430515515,-0.8109433776592162,2.609394820710768,2.409581856970141,0.008313861350629843,0.01415112569089606
antithetic,223,1.7995900584632754,-0.8089533457996524,2.6085434042629276,1.55564352001574,0.012883890766735436,0.015930439814841976
antithetic,224,1.7982581311685202,-0.8099784027538934,2.6082365339224136,2.1393217642890336,0.00937100351070817,0.013601744944289137
antithetic,225,1.801936011051598,-0.8102179066459614,2.6121539176975594,1.4236153813373513,0.014060055468191238,0.015868309242976646
antithetic,226,1.7988839871896545,-0.8157021245404206,2.614586111730075,4.2865658763358585,0.00465898168218882,0.012260154323962545
antithetic,227,1.803118489756337,-0.8069716223145522,2.610090112070889,1.1866332870080885,0.016864945972620397,0.01797538648503535
antithetic,228,1.7985026028707414,-0.8105691751501407,2.609071778020882,2.2670278317967947,0.00883958904662203,0.013954691497900155
antithetic,229,1.8007172417786401,-0.8078343500452047,2.608551591823845,1.9447738885467327,0.010306252117112814,0.014132991651753461
antithetic,230,1.7971836964827337,-0.8108541190472699,2.6080378155300035,2.7827543871124636,0.007205334401769201,0.012666963515337082
antithetic,231,1.7951972922559285,-0.8097071769776495,2.604904469233578,3.586293986915243,0.005598088509483303,0.012291882780537418
antithetic,232,1.7907128032115138,-0.8152869204551384,2.605999723666652,8.437900310069526,0.0023768292437339085,0.011175796184111837
antithetic,233,1.7995934482289653,-0.8122147047685581,2.6118081529975234,2.6025378057443125,0.007687252888956098,0.013508602347881619
antithetic,234,1.8001610755364406,-0.810205301913739,2.6103663774501795,2.7747996450172665,0.007216010475719145,0.013350479333187264
antithetic,235,1.7933852399184074,-0.8172343755421949,2.6106196154606023,6.457458650229717,0.0030990209069203453,0.011106428043913347
antithetic,236,1.8035540537565542,-0.8102248682405626,2.613778921997117,1.8770338133948024,0.010648036836994716,0.013993673654959496
antithetic,237,1.8021593967255616,-0.8104737572728326,2.6126331539983942,1.557967432251923,0.012840024508159142,0.016067075082644756
antithetic,238,1.7982406175872772,-0.8100407176603263,2.6082813352476033,2.787087455632207,0.007193227045680783,0.013598195827252314
antithetic,239,1.8002165235586292,-0.8100476753924928,2.610264198951122,3.6092284896254743,0.005543114895473294,0.012405666312007766
antithetic,240,1.8050620947314868,-0.8104918563875491,2.6155539511190358,1.0688264055318233,0.019971805990484967,0.02019290654262611
antithetic,241,1.801388542678561,-0.8059361119005936,2.6073246545791546,1.4191011339892248,0.014126743035530399,0.014618440212417563
antithetic,242,1.7954659245644848,-0.8117799994482349,2.6072459240127195,2.5553046058810565,0.00785368251817508,0.013907506405615562
antithetic,243,1.7990108619256777,-0.8063989922760323,2.60540985420171,2.276024904797387,0.008816769886481505,0.011298474968006622
antithetic,244,1.7979822498279354,-0.8117273280379184,2.609709577865854,3.450027189182798,0.005805482361497773,0.012791046383733086
antithetic,245,1.7951824384610495,-0.8127905092689441,2.6079729477299938,4.506319922612369,0.004447616259768758,0.012228615567888427
antithetic,246,1.796319866133004,-0.8106080876739639,2.606927953806968,4.370745477540757,0.004587956266391108,0.012114371669669138
antithetic,247,1.788460613945001,-0.8230428741398768,2.6115034880848778,10.030173795575246,0.0019944442172487604,0.010925527279276944
antithetic,248,1.8024246892423563,-0.8066857920052912,2.6091104812476473,1.6755182850427126,0.011954742739842004,0.01573665023569764
antithetic,249,1.797946262694047,-0.8137965648863487,2.6117428275803958,3.5807553197872077,0.005586228804350621,0.012621981271794322
antithetic,250,1.7990308991749202,-0.8087702526517877,2.607801151826708,1.8554925950481065,0.01080924141096845,0.015158113221173084
antithetic,251,1.799973159423796,-0.8099722932865046,2.6099454527103005,2.428946503595199,0.00824314741485958,0.013008602674410213
antithetic,252,1.799654121946344,-0.8128562461882121,2.612510368134556,3.634314594342195,0.005501164505053473,0.012369849989461269
antithetic,253,1.7986302691644018,-0.8083821590914355,2.607012428255837,1.7422802357599734,0.011516138423595272,0.013330636344572482
antithetic,254,1.8001990464424469,-0.8113920153334869,2.611591061775934,1.7904301495169304,0.01118024121178369,0.015197086951060645
antithetic,255,1.801412830334411,-0.8095872063615197,2.6110000366959305,1.5029267230112613,0.013318705045668379,0.01654638192242525
antithetic,256,1.7990807866769576,-0.8117393664688367,2.610820153145794,3.251548749770884,0.006153004551002112,0.012054786592765663
antithetic,257,1.7966087613644015,-0.8109948358759121,2.6076035972403138,3.6041215143631407,0.005564768361401416,0.012734139872280444
antithetic,258,1.801713826081962,-0.8128394284206435,2.6145532545026056,2.89497006867946,0.006899369773886303,0.013172286311278973
antithetic,259,1.7994045224398125,-0.8126843709904857,2.612088893430298,2.5862306800851806,0.00773421859308224,0.01376841389217327
antithetic,260,1.8016088767697434,-0.8129112014018937,2.614520078171637,3.3390435690616282,0.005980744298697071,0.012444535307829682
antithetic,261,1.8018418124767897,-0.8097352394469802,2.6115770519237698,2.25040029872937,0.008887402275293207,0.014307687740679224
antithetic,262,1.801077752845188,-0.8074810675230419,2.6085588203682297,1.3870404021090843,0.014451347117866097,0.014385243322633504
antithetic,263,1.8027061918156966,-0.8069990522151211,2.6097052440308177,1.1205249954375085,0.01788259800803405,0.01813773827544997
antithetic,264,1.7997522391334684,-0.8081684793904529,2.6079207185239213,2.040489019104335,0.009825868217090795,0.014821251074058857
antithetic,265,1.7995337229093726,-0.8143359613250534,2.613869684234426,4.849487828511426,0.004118433401283875,0.01193638553367851
antithetic,266,1.8003927330417284,-0.8095884642051254,2.609981197246854,1.9487206042198073,0.010276452739530465,0.014800467071364244
antithetic,267,1.7997714253971255,-0.810805182639374,2.6105766080364994,3.3177185877452686,0.006033506932027496,0.012600196764365402
antithetic,268,1.7990043665732531,-0.8098770119518679,2.608881378525121,2.1079321435318072,0.00950557453692603,0.014395230101390178
antithetic,269,1.7943010707875289,-0.8135837495800751,2.607884820367604,4.132045677065022,0.004851392813697516,0.012452165466272199
antithetic,270,1.7978536524579867,-0.8087340691271703,2.606587721585157,3.0471184301366536,0.006583114145217582,0.013057849319885791
antithetic,271,1.7969093452498244,-0.8170993886311858,2.6140087338810103,4.779373422560172,0.004180247782891118,0.012084207253721797
antithetic,272,1.7976926284632553,-0.8102809117204804,2.607973540183736,2.4058550208311464,0.00833403140514433,0.013339097468067412
antithetic,273,1.8019619357004997,-0.8102394154486063,2.612201351149106,1.8368808219510473,0.010891042598885979,0.01518826072271143
antithetic,274,1.8002509990063917,-0.8118066634540037,2.6120576624603955,2.2976412264193935,0.00870868328795511,0.013540663448048067
antithetic,275,1.8011460107786592,-0.8096093794425284,2.6107553902211875,1.8769528500102188,0.010664834385557747,0.015320546234068637
antithetic,276,1.8047480637574596,-0.8120188881163004,2.61676695187376,1.5730594018129482,0.012682654282200062,0.016241742382810582
antithetic,277,1.800966852144484,-0.8105634614609695,2.6115303136054533,2.8434367636530857,0.0070329712282044664,0.01353073464764667
antithetic,278,1.8001353350627711,-0.8090776555576338,2.6092129906204047,1.6570440092441963,0.01209297045903598,0.015485519239058691
antithetic,279,1.8009931103139194,-0.8087154776118929,2.6097085879258124,2.1936702279836,0.009128344841407085,0.014241868069732566
antithetic,280,1.8012318165621723,-0.8076333417018469,2.6088651582640194,1.4252113522770098,0.014062176573257097,0.01632072242458059
antithetic,281,1.7956127442971117,-0.8133373539121107,2.608950098209222,3.4206165798479153,0.005856834297103964,0.012740332460991032
antithetic,282,1.8011090883993006,-0.8086405370678549,2.6097496254671553,1.8908872505712235,0.010591114475155426,0.014580495069591061
antithetic,283,1.8000928711800457,-0.8140612026575724,2.614154073837618,3.2229913360313427,0.006200928647343988,0.013028106888045465
antithetic,284,1.7977101925989363,-0.8086436438061504,2.606353836405087,3.1237040166184307,0.0064209362933256445,0.013005847270461482
antithetic,285,1.7952972664683233,-0.8146137294557348,2.609910995924058,3.2923276272978925,0.006085744165866864,0.013050550732194681
antithetic,286,1.8023763153519763,-0.8108921771539563,2.6132684925059326,1.012191359614436,0.0197670275395781,0.019401854372878658
antithetic,287,1.799361370857922,-0.8100667296675429,2.6094281005254647,2.7048394130631888,0.007403106461728812,0.013754272337400435
antithetic,288,1.8000872359051283,-0.8097592125972431,2.6098464485023714,1.687651220653069,0.011871886028411221,0.015592841296148121
antithetic,289,1.7961613728305632,-0.8141558075597374,2.6103171803903007,8.617551967764332,0.00232182860148499,0.011147082817811552
antithetic,290,1.7984402100246903,-0.8112380870356464,2.609678297060337,2.912009048225657,0.006880222309279002,0.013171737301414736
antithetic,291,1.7928913895613272,-0.8139971907744835,2.6068885803358106,7.396082229623687,0.0027106945763767966,0.011304927942289737
antithetic,292,1.8025944162658678,-0.8107877383793997,2.6133821546452674,2.253661711029484,0.008869332092532364,0.013145783827149541
antithetic,293,1.7992820827269533,-0.8081429792127822,2.6074250619397357,2.4523977379313147,0.008177130938032365,0.013840158295126515
antithetic,294,1.8010395799125978,-0.8102674917248631,2.611307071637461,1.5251048630816553,0.013120700101116793,0.015262545849546165
antithetic,295,1.7973701224243053,-0.8113996030198188,2.608769725444124,4.058068579825296,0.004935751185339353,0.011801018563452925
antithetic,296,1.79976680665749,-0.8113858343269174,2.6111526409844075,2.0691445304595693,0.009673155775535396,0.014800692776130452
antithetic,297,1.7980272481436337,-0.8128073878966017,2.6108346360402352,2.0785063933034627,0.009638277529644822,0.013534849616155451
antithetic,298,1.7947079277074465,-0.8156923735540108,2.6104003012614574,7.591619171532466,0.0026356051005996424,0.011030666691807538
antithetic,299,1.8038608130125025,-0.8073143551018044,2.6111751681143067,1.104259152458249,0.018121312386589726,0.015820610636531476
antithetic,300,1.7999062342618435,-0.8067966957862989,2.6067029300481424,1.8292277958395136,0.010962407345331205,0.013654842829848524
antithetic,301,1.7990264305296055,-0.8121828246543166,2.611209255183922,3.802871466075347,0.005262398279334901,0.012586165259997532
antithetic,302,1.7994229580706365,-0.8115632148103237,2.6109861728809602,2.325083898947353,0.008612982395689014,0.014031422493217618
antithetic,303,1.7993470917346523,-0.810861920618017,2.6102090123526693,2.8812625589863026,0.00694807636647071,0.013198687741232451
antithetic,304,1.8017624220230828,-0.8122064748894725,2.613968896912555,3.0277473145181353,0.006599191527880066,0.012903281984144508
antithetic,305,1.8009065264462738,-0.8103485968230358,2.6112551232693098,1.5462660792526135,0.012940351368642876,0.015768205467305403
antithetic,306,1.8012664051472371,-0.8112918872582325,2.6125582924054696,2.7302711587907713,0.007323991834705181,0.013611679318880384
antithetic,307,1.8025078841591151,-0.8088360093491662,2.6113438935082813,1.7093079011000658,0.011708526070505668,0.015942428186916734
antithetic,308,1.7968906903540975,-0.8130312275334901,2.6099219178875877,5.206960098503817,0.0038432360318015717,0.011835825765585626
antithetic,309,1.7960986271022545,-0.8142821712736282,2.610380798375883,4.061035013576933,0.004929733256878998,0.012272487426002647
antithetic,310,1.799156652503445,-0.8049917760292984,2.6041484285327434,1.5303930295162775,0.013126221201334892,0.012909253571609566
antithetic,311,1.795914731547741,-0.8123010314066533,2.6082157629543943,4.202905896034699,0.004769695715855962,0.012253307527349913
antithetic,312,1.7965656365282217,-0.8159223012449776,2.6124879377731993,4.621586976403856,0.004326950280657193,0.012129439835263071
antithetic,313,1.7991375310960023,-0.8112474183664331,2.6103849494624356,3.976629352097304,0.005030899400216393,0.012347711727645113
antithetic,314,1.797654334410281,-0.8119742978647478,2.609628632275029,3.2311547141848282,0.006199037860001771,0.013039946098894124
antithetic,315,1.8014551975275148,-0.8102390402653372,2.611694237792852,2.11817901976723,0.009442371593767027,0.0140374392586885
antithetic,316,1.7996677224918682,-0.8066308770253904,2.6062985995172587,1.4284615207601186,0.01405176824115781,0.012861827087316225
antithetic,317,1.801206541377413,-0.8089246510499986,2.6101311924274118,2.407556741910102,0.008312712734140335,0.012745373816296587
antithetic,318,1.7991920153880823,-0.8085405230110799,2.607732538399162,2.517688894404894,0.007962225787976842,0.01380755080494356
antithetic,319,1.799119470174456,-0.8072387966116269,2.6063582667860827,2.3943162897467145,0.008381915545933899,0.014010671670141205
antithetic,320,1.7998565390048016,-0.8087315603924072,2.608588099397209,1.619147215457059,0.012382652158911128,0.015486533037008985
antithetic,321,1.7978081720172399,-0.8143651644683423,2.612173336485582,3.542097366449953,0.005645792211801523,0.012668434940783598
antithetic,322,1.7994925372416535,-0.8116191691119176,2.611111706353571,2.962818077165119,0.006752502478428913,0.013361013106691662
antithetic,323,1.7956793695332212,-0.8132743370137647,2.608953706546986,3.59288660712517,0.005579186674482241,0.012685133951493007
antithetic,324,1.8020479824281253,-0.8082823795120386,2.610330361940164,2.256946695054559,0.008868291910498548,0.01124423238201141
antithetic,325,1.7949388112265952,-0.8155651408526368,2.610503952079232,5.333610008262156,0.003751584557887008,0.011781263713486208
antithetic,326,1.8022265653938099,-0.8091332932867388,2.6113598586805487,1.645225769784399,0.012159834198139253,0.01280310685398192
antithetic,327,1.800320019379108,-0.8101787654880968,2.6104987848672048,2.311482325555878,0.008660244725183664,0.014322914864594798
antithetic,328,1.794804487326872,-0.8191510231971121,2.6139555105239842,8.134435078289753,0.002454926483562497,0.011015831123863026
antithetic,329,1.7980978870084643,-0.8099384124593825,2.6080362994678468,1.9506788267312518,0.010279270699058806,0.015091480899457369
antithetic,330,1.8002828815597445,-0.8128163006199189,2.6130991821796634,3.4666644548902545,0.0057644102445359585,0.012739902368261908
antithetic,331,1.7971191593465619,-0.8126703047879371,2.609789464134499,2.9473021871283143,0.006794338380309283,0.013453210335142112
antithetic,332,1.7996548575341191,-0.8107950201297052,2.6104498776638243,2.4490235101222098,0.008176306406487796,0.01381354973135025
antithetic,333,1.7985854531548708,-0.810138911774281,2.608724364929152,3.825164931879157,0.005237214568055683,0.012544474989960839
antithetic,334,1.799915249999024,-0.8088462670160959,2.60876151701512,2.5499624514969756,0.007857234821664477,0.012534478345760469
antithetic,335,1.7943872513893848,-0.8151441016867567,2.6095313530761413,4.818778019216614,0.004156802468198578,0.011717817020670995
antithetic,336,1.797202520998479,-0.8130990397951924,2.6103015607936713,2.810525688659164,0.0071267264258900636,0.013555611326979161
antithetic,337,1.8023316242528669,-0.8086880208417685,2.6110196450946352,1.5505964359379767,0.01290717122369848,0.01656190885206981
antithetic,338,1.7953809302405774,-0.8093184841541786,2.604699414394756,3.0366886112775626,0.006614780318351783,0.012737596337820189
antithetic,339,1.7991623393367249,-0.811347785080401,2.610510124417126,3.219572124513962,0.006215130396466747,0.013042843858250327
antithetic,340,1.7998057218679142,-0.8123823756060232,2.6121880974739375,2.9510655997587896,0.006774414017821489,0.012428870556631598
antithetic,341,1.8014915951804409,-0.8065091511338495,2.6080007463142905,1.1386848751915428,0.017607532592964718,0.0132556982844813
antithetic,342,1.7970718947803714,-0.814355344278014,2.6114272390583855,4.4271354367153615,0.004519285121951072,0.012302084700115411
antithetic,343,1.7992170475145428,-0.8071734423166542,2.606390489831197,2.13875541764023,0.009376563292705194,0.014575118765927594
antithetic,344,1.7996234850379913,-0.8106810389775114,2.6103045240155027,3.7299391376479276,0.005365348228380771,0.011598609114174563
antithetic,345,1.803768205839379,-0.8100055064910059,2.613773712330385,1.3403554309063443,0.014907822296472693,0.016533832217766355
antithetic,346,1.8015658278775697,-0.8083159159945587,2.6098817438721285,1.5040886047423314,0.013312626193701762,0.01585368381364705
antithetic,347,1.8004732954747462,-0.8133315880232383,2.6138048834979846,4.07063671651476,0.00490592267554392,0.01230782037771403
antithetic,348,1.8029100451444449,-0.8103283681589781,2.613238413303423,2.4492801201478756,0.008159553959959967,0.012719702369265248
antithetic,349,1.7959892918135203,-0.8129340943641111,2.6089233861776315,2.4862983441622193,0.008064110398862526,0.013929192909644754
antithetic,350,1.8003136498819041,-0.8093253472921256,2.60963899717403,2.909875371669526,0.006878224377894238,0.012804169718679067
antithetic,351,1.803211565580421,-0.8086410044496158,2.611852570030037,1.0907516752888522,0.020019839855756987,0.019484508845381724
antithetic,352,1.8024975770630915,-0.8091588812666018,2.6116564583296933,1.2599897170395735,0.015884616298834454,0.01795575315360755
antithetic,353,1.8038577237810596,-0.8101765207779141,2.6140342445589737,1.4447209305621638,0.013825861724528852,0.015204920692714601
antithetic,354,1.7996127896820984,-0.8122820977294698,2.611894887411568,3.7031964838050366,0.005399622132210617,0.012606424019286916
antithetic,355,1.8009052964535417,-0.8093337262620921,2.610239022715634,1.937672385420798,0.010334175259092485,0.013654412095302888
antithetic,356,1.800690064174485,-0.8079225676723735,2.6086126318468583,1.5935082130256666,0.01257514810766062,0.015117737521876107
antithetic,357,1.796538981824992,-0.8113535252206336,2.6078925070456256,4.103590144981446,0.00488232625825588,0.012181118260714977
antithetic,358,1.7990377514542368,-0.8102663950126896,2.6093041464669264,3.8669784878795497,0.005178222260971364,0.01217085671205389
antithetic,359,1.800150194288383,-0.812136926634156,2.612287120922539,3.021000791142758,0.0066182414603159585,0.01226200927912366
antithetic,360,1.80041498309835,-0.8118081360162249,2.612223119114575,4.426806344105549,0.0045175698920853396,0.011914261927526766
antithetic,361,1.800693949112248,-0.8147702877218959,2.6154642368341436,2.7417975999228847,0.00728240545481037,0.013583580606733899
antithetic,362,1.7986202992071756,-0.8108486639068391,2.609468963114015,2.8524554091239396,0.007020747778398509,0.012361792335879382
antithetic,363,1.8013961540085586,-0.8068035699842888,2.6081997239928474,1.281565699100478,0.01564383018969126,0.015228256242709803
antithetic,364,1.7970103541676299,-0.8112815845626576,2.6082919387302876,3.6865005001420585,0.005436531766746631,0.012487986940822903
antithetic,365,1.7982205300562109,-0.8105440562326162,2.608764586288827,4.076994585848081,0.0049141896752758285,0.011198610802889062
antithetic,366,1.8035094340892197,-0.8073567282237805,2.610866162313,1.6857682652129948,0.011870271496477795,0.012587124340026509
antithetic,367,1.8000972930964896,-0.8084027074088902,2.60850000050538,1.9705319516322535,0.010173736124588658,0.01310487996413392
antithetic,368,1.800894468710504,-0.8114454274539895,2.6123398961644932,1.9793856774594822,0.010101612866713941,0.0148278593605008
antithetic,369,1.7972501202158202,-0.8092070739845566,2.606457194200377,3.931501511221073,0.0051007407094992695,0.012106810732501616
antithetic,370,1.7995159942396408,-0.8064727542384686,2.6059887484781097,1.367740236496478,0.014677951559447315,0.01719250344540385
antithetic,371,1.7991070631422847,-0.8124522399933899,2.6115593031356745,3.7136858037977314,0.00538592920800556,0.012703547925682254
antithetic,372,1.7918627149683957,-0.8147279457985385,2.6065906607669342,5.7205774556545315,0.0035067914398907735,0.011824787734870288
antithetic,373,1.8010370670758542,-0.8113661265907226,2.6124031936665766,2.841124292236057,0.007037869674075073,0.012354341207381667
antithetic,374,1.8013666560179842,-0.8118688378208904,2.6132354938388747,2.865434235764938,0.006973805017352387,0.012594873658462132
antithetic,375,1.8023877762844152,-0.8078705760374654,2.6102583523218805,1.382092171714433,0.01448938472543223,0.015333129662378079
antithetic,376,1.7985188110223371,-0.8116728835561582,2.6101916945784955,2.0431251088321964,0.009801635349353417,0.013881037106503662
antithetic,377,1.799355751298486,-0.8109842088253063,2.610339960123792,4.597178960576916,0.004352834517672176,0.01205789351704661
antithetic,378,1.7997442622780007,-0.8129400043487037,2.6126842666267045,4.44018880733904,0.004502641131301995,0.012054180675739639
antithetic,379,1.7945179816372467,-0.8129184724284156,2.6074364540656623,4.938290911010819,0.004060547076705367,0.012052052765980186
antithetic,380,1.7906565013422908,-0.8181897159110184,2.6088462172533093,6.57886042557401,0.0030445332266364686,0.011497336502133196
antithetic,381,1.8016205741292506,-0.8119470494357326,2.6135676235649834,2.8529037553608942,0.00700300538230443,0.013369647876064395
antithetic,382,1.7991157752920162,-0.8105704590818794,2.6096862343738954,2.6135371067990856,0.0076613654135749025,0.01326972676779973
antithetic,383,1.803265264651501,-0.8108454672639457,2.6141107319154466,1.3225956621070647,0.015116626730540992,0.0175469894742588
antithetic,384,1.8008190501957584,-0.8082518131507636,2.609070863346522,1.338863843548109,0.014973092117350142,0.01706960140148216
antithetic,385,1.8021607172585377,-0.8081191516513285,2.610279868909866,1.4761594566131664,0.013557897769750147,0.013661502446302315
antithetic,386,1.8003168789401163,-0.8115799734903787,2.611896852430495,2.1865295932935744,0.009147020824258487,0.014532979506858595
antithetic,387,1.8033625527436754,-0.8120353091903877,2.615397861934063,1.3052541072597803,0.015299433269617756,0.016381858836128395
antithetic,388,1.8017652022531365,-0.8073035680172128,2.6090687702703494,1.2612397897198537,0.015887111920123508,0.015052864505013459
antithetic,389,1.7937397756512037,-0.8174149654171133,2.611154741068317,7.962941245717252,0.0025125266084404536,0.011232743089071835
antithetic,390,1.7989660704748145,-0.8113101375144964,2.610276207989311,3.276900279968234,0.006106556402019973,0.011994924355896745
antithetic,391,1.7986245848294595,-0.8093326053756714,2.607957190205131,2.7014130274022103,0.007421809231267607,0.013211876837284583
antithetic,392,1.8027270965547826,-0.8088767423007341,2.6116038388555167,1.4872500799735535,0.013455153045444642,0.016394578871380936
antithetic,393,1.7962450837881292,-0.8109750801522567,2.607220163940386,2.749530668130969,0.0072934993428062965,0.013375116087864684
antithetic,394,1.7983795340126656,-0.8115629810456115,2.609942515058277,2.827061909766484,0.007082549182244435,0.013393004802739457
antithetic,395,1.8012782222598844,-0.8094271442592298,2.610705366519114,1.428352737553821,0.014024232214897785,0.01681700733808415
antithetic,396,1.7937442612476768,-0.8163847546425671,2.610129015890244,6.549286215649873,0.003056644573050285,0.011499761061922251
antithetic,397,1.8016552940475599,-0.8087077570199414,2.6103630510675013,1.597147145313167,0.01254079254080308,0.016226057308208957
antithetic,398,1.7985753470109154,-0.8085314421413035,2.607106789152219,3.169792678284268,0.006328585380742394,0.012521649770265753
antithetic,399,1.8023722488555074,-0.8120069949683498,2.614379243823857,1.8614512985976395,0.010733421786929306,0.015250921557483517
antithetic,400,1.7950453393076216,-0.8104576337003462,2.605502973007968,5.817272043215065,0.003447576323674012,0.011661384282673238
antithetic,401,1.8017795335839002,-0.8088905317001893,2.6106700652840895,1.664370817459141,0.012029931424388775,0.01607872584077707
antithetic,402,1.8011558254853024,-0.8082492184604609,2.6094050439457632,2.8990643147628408,0.006906700437933595,0.0126255189333501
antithetic,403,1.8033673444529288,-0.8105288192896557,2.6138961637425844,1.9210864122226687,0.010398177153914551,0.01461810856057529
antithetic,404,1.7989875676485543,-0.8132869705817036,2.612274538230258,2.7666129474250756,0.0072320422624707345,0.013618170497861657
antithetic,405,1.8007783079880528,-0.8087819934956908,2.609560301483744,2.612065172880764,0.007667776414617294,0.013401318367353527
antithetic,406,1.7991892477375144,-0.8124628084912122,2.611652056228727,3.327126253057748,0.006014193934354523,0.012990465436889956
antithetic,407,1.7986102750860622,-0.8087657975942509,2.6073760726803132,1.7414598742910863,0.011519943529365532,0.013536178380675041
antithetic,408,1.8029145955795611,-0.8094566329264538,2.612371228506015,2.597440739820959,0.007696925132142144,0.01201815252924926
antithetic,409,1.798112327159916,-0.8117217824219826,2.6098341095818984,1.9246138731030364,0.010400581594612691,0.014567149756891511
antithetic,410,1.7974578662002618,-0.8133956417186492,2.610853507918911,3.8674178475638716,0.005174602408455544,0.012537263784698823
antithetic,411,1.7959218262779464,-0.8112551447892192,2.6071769710671657,5.147704606317348,0.0038937897230480346,0.011937167707261075
antithetic,412,1.801638984733,-0.8090896487106327,2.6107286334436326,5.915999743488299,0.003383049644644684,0.011692451714285828
antithetic,413,1.8018516975420724,-0.8144752398719924,2.616326937414065,3.873096002629787,0.005149487188311782,0.012058902718432248
antithetic,414,1.7988059521480924,-0.8114635137788818,2.610269465926974,2.562892438538677,0.007812235890420638,0.013642454572186609
antithetic,415,1.8025523738738383,-0.8104921328180703,2.6130445066919084,1.653219958507739,0.012091844391842703,0.015921297098916286
antithetic,416,1.7986574159020692,-0.8118982946727341,2.610555710574803,2.0711945348720433,0.009670857940595644,0.014609474745998
antithetic,417,1.7999449164635908,-0.8072636198350861,2.607208536298677,2.199818202863434,0.009117250770483686,0.01403724911627048
antithetic,418,1.8020769026010457,-0.8073964844810637,2.6094733870821094,1.011445807167723,0.01986852562209792,0.01975177332811321
antithetic,419,1.7989839703086976,-0.809274170522676,2.6082581408313734,2.1136174762613615,0.009488678395024694,0.014735800377482197
antithetic,420,1.7973195616009414,-0.8119054676779912,2.6092250292789325,3.582756896479418,0.005590698553764451,0.012671287624119438
antithetic,421,1.799536069005583,-0.8080416091835938,2.607577678189177,1.7403699678494058,0.01152631296258061,0.01571511355827501
antithetic,422,1.7986119765268098,-0.810909854319787,2.609521830846597,2.962643316059792,0.006761421352533146,0.013433917468394639
antithetic,423,1.7991826910638427,-0.8083061950808644,2.607488886144707,3.7174389990981567,0.005390753520453035,0.012378784274983259
antithetic,424,1.7984337574660498,-0.8136103146756745,2.612044072141724,4.5849511060643735,0.004362995149995271,0.012152143584895952
antithetic,425,1.7969724823715054,-0.8097836085168676,2.606756090888373,4.266306197295454,0.004698428507787682,0.012346036133550647
antithetic,426,1.80072219190996,-0.8097061138742687,2.610428305784229,2.0708817005447635,0.00966506451917815,0.014173244522023705
antithetic,427,1.7976565791195986,-0.8096378128495529,2.607294391969152,2.43318242872473,0.008246036839967292,0.013978091820657287
antithetic,428,1.7979917539436916,-0.8120246674200384,2.61001642136373,2.9655987128906602,0.006754811398827216,0.012857730806177596
antithetic,429,1.8019734313100715,-0.808463043143555,2.6104364744536266,2.5353099231935525,0.007896945559070894,0.012666258560561309
antithetic,430,1.7953568371482105,-0.8102474668783772,2.6056043040265875,4.371949949262506,0.004591511826740078,0.012262260536574383
antithetic,431,1.7976993546417719,-0.8134353221053157,2.6111346767470875,4.319017771332183,0.004631995585169547,0.012221370415244646
antithetic,432,1.7967433776517563,-0.8140562202072693,2.6107995978590255,3.9032012428839487,0.005126818545457186,0.01196212036899743
antithetic,433,1.8000399781887024,-0.8110384880029158,2.611078466191618,3.767355312307833,0.0053135025071863766,0.012574385519061286
antithetic,434,1.7979620795984832,-0.8147744316718972,2.6127365112703806,4.913823872628144,0.004066498538448345,0.011950910194091368
antithetic,435,1.7999479100418612,-0.810246519337152,2.610194429379013,2.53376614456601,0.007902110828683154,0.013886398360598387
antithetic,436,1.7990976990475107,-0.8101276865674195,2.60922538561493,2.5320388933309457,0.007911129740748365,0.013869277205440556
antithetic,437,1.8037132796034911,-0.8102838712717578,2.613997150875249,1.1343852443972862,0.017616927058433804,0.01659977415873039
antithetic,438,1.8007810714096995,-0.8084691047400778,2.6092501761497773,2.139744818660359,0.009359552461995192,0.014774920271011271
antithetic,439,1.7958458117254155,-0.8139584121685095,2.609804223893925,4.553652249808097,0.004395790145075637,0.012201450489482566
antithetic,440,1.801279581666843,-0.8088421960669882,2.610121777733831,1.2705799970763452,0.01577475125878775,0.017388097414349272
antithetic,441,1.7996575926654694,-0.8097852419070313,2.6094428345725005,1.7491388834048185,0.01146278625894508,0.015229605973756026
antithetic,442,1.80332388741764,-0.8063130779837561,2.6096369654013962,1.4582171350997082,0.013728772119796978,0.015878131781038415
antithetic,443,1.8011789014190236,-0.809131774588382,2.6103106760074057,2.761611213008356,0.007248362197699352,0.011946094853574396
antithetic,444,1.804767922292102,-0.8102805972402409,2.615048519532343,2.1243623133072713,0.00939616344128619,0.01438322061848906
antithetic,445,1.8001107748711733,-0.8104631908420928,2.6105739657132663,1.9192284404736748,0.010436139530894218,0.014898133255901454
antithetic,446,1.797790195724962,-0.8146748513189124,2.6124650470438744,3.7073902761642166,0.005392156131434343,0.012480906058900568
antithetic,447,1.799299813524144,-0.8097537547347883,2.609053568258932,2.0689647977387406,0.009681597921894141,0.012749527564674243
antithetic,448,1.7992045878477125,-0.8109440088604297,2.610148596708142,3.555907093147715,0.00562860273093777,0.012811182298218711
antithetic,449,1.80252692389159,-0.8081869505423969,2.610713874433987,1.5733732201901205,0.012721531138699149,0.01635777901900928
antithetic,450,1.7923722684978638,-0.8190401906068621,2.611412459104726,7.501154133881552,0.00266638675985496,0.011330741320086277
antithetic,451,1.7940248155601597,-0.8129969505915797,2.6070217661517394,3.1182966421067624,0.006435609636785434,0.013161997762832636
antithetic,452,1.8011828337762041,-0.8117822935092294,2.6129651272854337,2.282344672413323,0.008762705737255776,0.01265540601236506
antithetic,453,1.8038247566770793,-0.8085286460077753,2.6123534026848545,1.0423672171758602,0.019190909742810687,0.014920216614743862
antithetic,454,1.7987956593213632,-0.8088729982512166,2.60766865757258,2.279291853566866,0.008797026255793032,0.014429399458685738
antithetic,455,1.799792022750956,-0.810390820546749,2.610182843297705,2.526582795208046,0.007928805598110038,0.012333988404745868
antithetic,456,1.7939628572528443,-0.8155464028507581,2.6095092601036023,4.5562658286033955,0.0043961170051899,0.011983233702439023
antithetic,457,1.7994123268971802,-0.8072284209717526,2.6066407478689326,2.1179289599731312,0.009474047149189065,0.01316849157823456
antithetic,458,1.7968130839638448,-0.8137874233710753,2.61060050733492,5.265460228194151,0.0037987117825537438,0.011885506034443816
antithetic,459,1.7972116950507235,-0.8106821099071948,2.6078938049579183,2.9837679292279944,0.006718993497391838,0.013384414388220852
antithetic,460,1.8022344223658722,-0.8108507424440412,2.613085164809913,1.9355186292617865,0.01032999099453652,0.013268520389106947
antithetic,461,1.8005496069999158,-0.8088217624907181,2.609371369490634,2.5334310123391894,0.007904099886145287,0.013558090752075787
antithetic,462,1.801604457847876,-0.8080715498868924,2.6096760077347687,1.9056628327674288,0.010505403186832619,0.014778322921818698
antithetic,463,1.797607809989018,-0.8129306427414222,2.6105384527304403,3.3856909654062144,0.005908311832648463,0.01208948450920126
antithetic,464,1.7996869632747157,-0.8093856493272502,2.609072612601966,2.2047489043253448,0.009085019044222813,0.013096589777327377
antithetic,465,1.7983185587965647,-0.8101209401238539,2.6084394989204185,2.7069824734293992,0.007406429682877848,0.013750585891824011
antithetic,466,1.799244751304422,-0.8081164167047282,2.60736116800915,2.242633364162094,0.008944551869054494,0.014443815844142283
antithetic,467,1.7979401779537068,-0.8114870830982168,2.6094272610519234,4.708578931011199,0.004251614910220169,0.012029308972421464
antithetic,468,1.796686576566685,-0.8125915952485068,2.609278171815192,7.352443376653164,0.002722062738292643,0.011145567402142577
antithetic,469,1.7974020397871167,-0.8129734911155166,2.6103755309026333,5.484252703144016,0.003649471074576081,0.011794559665277612
antithetic,470,1.7982611680028384,-0.8131583571179228,2.6114195251207613,2.6749394845618033,0.007480965556638298,0.013594480336692558
antithetic,471,1.8006827516870487,-0.8078395954200214,2.60852234710707,1.97069390855269,0.010169391445582987,0.013337642014129921
antithetic,472,1.7987165452051355,-0.813448992747823,2.6121655379529587,2.9003633563458915,0.006898541840312187,0.013289415714613258
antithetic,473,1.799821063109854,-0.812616477440452,2.6124375405503057,2.693177737569009,0.007422924041979978,0.013698549766891754
antithetic,474,1.7948993488779539,-0.8121167911019915,2.6070161399799456,3.6763618384872667,0.005456186238254858,0.012518827833530647
antithetic,475,1.8045600565977309,-0.8089853083292854,2.6135453649270164,1.6598148650644684,0.012038255871868587,0.015994778760584822
antithetic,476,1.8029921964544575,-0.8088228893225371,2.6118150857769944,1.6720429281381313,0.01195968006155477,0.014673094804855725
antithetic,477,1.8031130492763168,-0.8114137075108686,2.6145267567871855,2.2883393542202985,0.008728929064886665,0.014182891892080274
antithetic,478,1.7974962800397385,-0.8118898727382965,2.609386152778035,3.4887038090710654,0.0057421613782534025,0.012833474014153724
antithetic,479,1.800589690333069,-0.8123157955194658,2.6129054858525347,2.2905904113079454,0.008729994061933345,0.01437721482298373
antithetic,480,1.8023057846662076,-0.8106972493885354,2.613003034054743,1.6873436244460225,0.01185005846155152,0.01570678071891101
antithetic,481,1.8003092977950608,-0.8092959884822546,2.6096052862773154,2.5307578116527205,0.007911272611967248,0.01274641033392236
antithetic,482,1.799527312384208,-0.8086149632413777,2.6081422756255854,1.9664567803025355,0.010194772463165113,0.015230999946734153
antithetic,483,1.8003797448178207,-0.8089165356876885,2.609296280505509,2.500506022462322,0.008013147673197555,0.013570422497008154
antithetic,484,1.7983390488290378,-0.8118478936540587,2.6101869424830966,3.137003586905624,0.006384565208677973,0.012744687036348058
antithetic,485,1.8008757113082563,-0.8083418396105234,2.6092175509187796,1.8547160308484822,0.010799146555972047,0.015043996934409472
antithetic,486,1.7961714979173882,-0.8136618044705994,2.6098333023879876,3.1008533658665343,0.006461522485444347,0.013207127497302804
antithetic,487,1.8038547386344372,-0.810553511344645,2.6144082499790824,1.6156316669863124,0.012362261003685905,0.015725955851634155
antithetic,488,1.799317893511049,-0.8098042920611177,2.6091221855721667,3.4474994239414056,0.005808925532102065,0.01280216824452043
antithetic,489,1.7943705895570456,-0.8121687086266707,2.6065392981837165,4.147600604033722,0.004836482308441541,0.012441392607067225
antithetic,490,1.797147477464127,-0.81325846499342,2.6104059424575468,4.555128970979513,0.004394261118956439,0.012159047541966448
antithetic,491,1.7955188779389326,-0.8139268039129811,2.6094456818519136,4.673814175540975,0.004284340295372667,0.012077655129293076
antithetic,492,1.7962422145974974,-0.8143943450282477,2.6106365596257453,4.6340095857948045,0.004319595232749643,0.011651173470135289
antithetic,493,1.8015813053916887,-0.8064225910269681,2.6080038964186567,1.156947344738299,0.017328501640411633,0.018595208777589023
antithetic,494,1.8004502061440768,-0.8090622465166137,2.6095124526606908,2.0430469454317284,0.009801130673295997,0.014643684146240473
antithetic,495,1.7959555461737708,-0.8094724472374264,2.6054279934111975,4.659139654094901,0.004306812176578708,0.012002847764299152
antithetic,496,1.8013708451930242,-0.8106186921775157,2.61198953737054,2.9391949041541117,0.006804049415481023,0.013369709377538331
antithetic,497,1.7961605687690916,-0.8128755465633783,2.60903611533247,4.025815405544778,0.004975966622611463,0.012503918130537158
antithetic,498,1.7991855751609995,-0.8065027791596721,2.6056883543206717,1.4997653780365474,0.013383749194750471,0.016121533617108438
antithetic,499,1.7986343986809274,-0.8093666137639149,2.6080010124448423,2.9664008190584554,0.006757033149981757,0.013384108524120135
antithetic,500,1.7929969519713556,-0.8149665895484497,2.6079635415198053,6.316071087661949,0.0031734449282050207,0.0115934221855655
antithetic,501,1.7953346279667073,-0.813326045953035,2.608660673919742,4.181743688252368,0.004793298825384192,0.012372556586060086
antithetic,502,1.7946479045324941,-0.812277857978169,2.606925762510663,4.173279886305426,0.004806311238037765,0.012328837248219126
antithetic,503,1.795578204670519,-0.8115346772382374,2.6071128819087566,2.8709703927478754,0.006986738157174188,0.013483159983789043
antithetic,504,1.7952892223983512,-0.8129113612801325,2.608200583678484,4.539644019128919,0.0044156478296432985,0.012172338671091172
antithetic,505,1.8028741569560298,-0.811805738487621,2.614679895443651,4.683021124014075,0.004262537363403136,0.012074891953045952
antithetic,506,1.8007812578036773,-0.8085142457196518,2.609295503523329,1.869445236335888,0.010715326475612625,0.0150853498852852
antithetic,507,1.797725158474076,-0.8128517129118712,2.6105768713859474,2.071512154164686,0.009666970805123118,0.01457566902118616
antithetic,508,1.7974833574264388,-0.8112679519793881,2.608751309405827,3.324398225821812,0.006029367218888517,0.013039089073774745
antithetic,509,1.7940472328201522,-0.8122358612963037,2.606283094116456,7.751137880091686,0.00258644188129983,0.011328552619416073
antithetic,510,1.8024255621638918,-0.8092858283285728,2.6117113904924647,1.3606284785065073,0.014700500139037143,0.012943872996402163
antithetic,511,1.7986841834783411,-0.8104442410611638,2.609128424539505,1.9740912715947203,0.010151417325729085,0.014498695807448432
antithetic,512,1.7953676354275578,-0.8080945919134752,2.603462227341033,3.795195137576378,0.0052960316885720575,0.012355023136046063
antithetic,513,1.7986086501440928,-0.809559794114349,2.6081684442584416,2.873170725292384,0.006975515297831442,0.013466973118243153
antithetic,514,1.8012132900918065,-0.8105110981940121,2.6117243882858188,2.18798663906201,0.009148822516446935,0.014568464793266657
antithetic,515,1.8036216930559619,-0.8098944599094107,2.6135161529653725,1.8112391124657046,0.011027820351323742,0.01266474406812012
antithetic,516,1.8015424306230854,-0.8078226298483515,2.609365060471437,1.845475713861445,0.010852751942141328,0.0153811886238047
antithetic,517,1.8035804800880078,-0.8112132364740241,2.6147937165620316,2.182221231644654,0.009149369933454655,0.013461336542822895
antithetic,518,1.8001309402357297,-0.8115464404854251,2.611677380721155,2.8543380164476964,0.007008116680433825,0.013511946952476369
antithetic,519,1.8001170187895872,-0.8111819286738329,2.6112989474634203,2.033589488940607,0.009846388050138585,0.014639556370779735
antithetic,520,1.8027809968610757,-0.8083668042613606,2.6111478011224363,1.3755632356394567,0.01455066657026323,0.016463021724037026
antithetic,521,1.7967094395010996,-0.8121364664711349,2.6088459059722346,4.745083337681695,0.004220482998820862,0.012108769452223556
antithetic,522,1.796692979021304,-0.80700937188635,2.6037023509076542,2.1582078512540313,0.009305271305863625,0.014160187515186995
antithetic,523,1.8009821620090078,-0.8103792847118195,2.6113614467208275,2.8968424216591324,0.006908145387178452,0.013420830092962077
antithetic,524,1.801626686894815,-0.809235374526109,2.610862061420924,1.5252328588362138,0.013124437547347932,0.013748965426210517
antithetic,525,1.8003621068105147,-0.8092864690295459,2.6096485758400605,4.435192158192111,0.004512020721856873,0.011049309549317553
antithetic,526,1.8004828037213547,-0.8104944098680259,2.6109772135893805,2.0539401304320424,0.009741513633623754,0.014833951526896061
antithetic,527,1.798142164140033,-0.8115864742799952,2.6097286384200284,3.5063327104755997,0.005712382797015154,0.011128061231062228
antithetic,528,1.7994787633612612,-0.810322266397165,2.609801029758426,2.9416022972214186,0.006805889324475721,0.013048729927821865
antithetic,529,1.800465414256996,-0.8082425081422641,2.60870792239926,1.9177232905776669,0.010448126969024517,0.013099772301561443
antithetic,530,1.7994479982392246,-0.8102717332781755,2.6097197315174,2.0601594295025807,0.00972182332216983,0.014889069277957821
antithetic,531,1.798848127598439,-0.8077844283769179,2.6066325559753567,1.8858953648096692,0.010640720223011331,0.0138893485109246
antithetic,532,1.797065139511613,-0.80926659208001,2.606331731591623,3.3442046602419677,0.005999253866078109,0.012478702930215257
antithetic,533,1.7980247997457626,-0.8126249733173047,2.6106497730630673,3.68873590490671,0.005425288121283798,0.012661509806338123
antithetic,534,1.7987291955492177,-0.8114960860824844,2.610225281631702,3.294863196379324,0.006076526877614321,0.012888187591619667
antithetic,535,1.8004444996707303,-0.8153960022025273,2.6158405018732576,2.3962076670883046,0.008333270359059796,0.014137927390807348
antithetic,536,1.7985833406201444,-0.8126115029218295,2.611194843541974,2.185212193806575,0.009161729303749089,0.012971088339183968
antithetic,537,1.795818662584698,-0.8123027538667396,2.6081214164514375,2.679520378681505,0.007480566159647269,0.013611258107149709
antithetic,538,1.7982843022489663,-0.8100472665151675,2.6083315687641337,2.6198427942237164,0.007648002936687142,0.013874584640255433
antithetic,539,1.7988359829753329,-0.8109611291764306,2.6097971121517634,1.8342515517665257,0.010925245267350083,0.014669660727280922
antithetic,540,1.7959234033177012,-0.8172086686308001,2.613132071948501,6.638374433364143,0.003010226733197766,0.0114874803688308
antithetic,541,1.7977790346398879,-0.8118740627018993,2.6096530973417873,3.206045423215903,0.006248193901907432,0.012079458813450033
antithetic,542,1.8007704726717633,-0.8098083483018041,2.6105788209735676,2.3058711068970013,0.008679521965613366,0.013504689086642737
antithetic,543,1.7960180929063714,-0.8068510361405544,2.6028691290469257,2.5347975259045437,0.007933005395761892,0.013972709294029103
antithetic,544,1.799791419945077,-0.8135269201202032,2.6133183400652804,2.6571286256491344,0.007519563822529061,0.011708512409765715
antithetic,545,1.797368838378316,-0.8157961305058997,2.613164968884216,4.197413703217397,0.004761727721267372,0.01203586156635159
antithetic,546,1.8008371334031996,-0.8093168567259493,2.610153990129149,1.3771337440802545,0.014543749033017563,0.014901988582550962
antithetic,547,1.8027056642424455,-0.808959166690548,2.6116648309329937,1.1058969481986272,0.01809491975764941,0.018823907170015024
antithetic,548,1.799522311537571,-0.8079837453610992,2.60750605689867,2.2422585197366147,0.008941146891289163,0.014499768852278872
antithetic,549,1.80281888904006,-0.807931471848137,2.610750360888197,1.8408318653368974,0.010872107344299144,0.012821541208879357
antithetic,550,1.7982974913368228,-0.8087053934567561,2.607002884793579,3.067713190767595,0.006536580049788227,0.012960346964579667
antithetic,551,1.7945627418692087,-0.8088803551878634,2.603443097057072,3.705290976135768,0.005421984626258037,0.012650887629800258
antithetic,552,1.800415984501948,-0.8065431610808261,2.606959145582774,1.7360558751930721,0.011548743861841642,0.014555001423467587
antithetic,553,1.8050634159462131,-0.8131533577934391,2.6182167737396522,1.3566801967324267,0.01469455625252342,0.017103856599790183
antithetic,554,1.7981230914364825,-0.8084549117987955,2.606578003235278,2.1824669254053197,0.009192828226767763,0.014214785518851766
antithetic,555,1.799905609288531,-0.806038564177907,2.605944173466438,1.5053958994449887,0.013331229325119381,0.013817662958860425
antithetic,556,1.800169499943055,-0.8082292691883899,2.608398769131445,2.278823549941431,0.008793961876439894,0.014476906689547866
antithetic,557,1.7955806679955966,-0.812477171833636,2.6080578398292324,5.002493770033925,0.004005800769113763,0.011986428302921626
antithetic,558,1.800331905636706,-0.8101757820055597,2.610507687642266,3.569907733087637,0.005607100803635778,0.01256541061259305
antithetic,559,1.7964093806461976,-0.8114633016750866,2.6078726823212843,3.8246287457591928,0.005239365724736727,0.01258725230854386
antithetic,560,1.800785183708058,-0.8102527702592716,2.6110379539673296,2.369133381046759,0.008446396967730623,0.013710197360391665
antithetic,561,1.802482924157927,-0.8080238371602527,2.6105067613181796,1.2368343424854173,0.016184809626848564,0.015553448176521989
antithetic,562,1.797112464607151,-0.8123065271516049,2.609418991758756,2.1896014683421368,0.0091549665512086,0.014576334470696669
antithetic,563,1.799555101877054,-0.8124318406825772,2.611986942559631,3.39987438797214,0.00588195208177372,0.012920895205616628
antithetic,564,1.8006214599937336,-0.808423729749946,2.6090451897436795,2.6808347195976485,0.007471996253815447,0.01303169670930588
antithetic,565,1.8012702210763167,-0.8099920858988408,2.6112623069751573,2.1296527694674654,0.00939772757892406,0.014473218313811901
antithetic,566,1.8014458177257129,-0.8101833172083386,2.6116291349340512,2.5408977194922806,0.007871517991973411,0.012467009470554112
antithetic,567,1.8017672050313873,-0.8106494042474565,2.612416609278844,1.509546147399917,0.01325587119811239,0.015996140341570233
antithetic,568,1.7992797029341931,-0.8079155194202716,2.6071952223544645,1.7744535364510627,0.011303802773384806,0.014891570259041035
antithetic,569,1.7999600146946215,-0.8102028050953116,2.610162819789933,1.4199983631387756,0.014099993353987306,0.01711732281110552
antithetic,570,1.7972612529884933,-0.810671739812292,2.6079329928007855,3.449141430214263,0.00581298062584263,0.011850297677642303
antithetic,571,1.801776629516277,-0.8096624272534788,2.611439056769756,2.0848389367301308,0.009594098485400559,0.014008005079930535
antithetic,572,1.7984980810841642,-0.8163399747073612,2.6148380557915254,2.615012420456614,0.007640154804439498,0.013691568759650012
antithetic,573,1.800679635587716,-0.8099250744309647,2.6106047100186807,2.349461351492121,0.008521958736560009,0.01368542640065749
antithetic,574,1.7922338581366009,-0.817559105248002,2.609792963384603,7.672558308059685,0.0026103161853564868,0.01133255492114665
antithetic,575,1.8005966347175948,-0.8098467979638575,2.6104434326814525,3.0659377764933367,0.006525857378405517,0.012848587927003701
antithetic,576,1.8002155831535205,-0.8082792178309792,2.6084948009844995,2.244140636907839,0.00892810888901421,0.014248426828925133
antithetic,577,1.7953341447347155,-0.8162922555634702,2.611626400298186,5.67539763447935,0.003525228776766403,0.011648061230919608
antithetic,578,1.795537123810701,-0.8154296454842983,2.610966769294999,5.878217580186992,0.0034036706829537917,0.011656557109269217
antithetic,579,1.7986806778447042,-0.8129241660098859,2.61160484385459,3.5150555004151602,0.005693034883954799,0.012862226315454302
antithetic,580,1.8025163059181488,-0.8106550166975338,2.6131713226156825,2.6387117369678443,0.007574886145448121,0.013212030622571192
antithetic,581,1.800080734559891,-0.8080110104331425,2.6080917449930334,2.6616369472461505,0.007530363696400925,0.012896835237106729
antithetic,582,1.8004612585824347,-0.8110369822645183,2.611498240846953,2.4762110593022464,0.00808307558154097,0.013487185832784082
antithetic,583,1.8024493209503494,-0.8079343376514976,2.610383658601847,1.8491284063831934,0.010824053600204924,0.012982180754246692
antithetic,584,1.8018824716578539,-0.8123820178876527,2.6142644895455067,2.091188502301476,0.009555535152396587,0.014669232461337703
antithetic,585,1.7971715942073274,-0.8119658935686473,2.6091374877759748,4.052630884629192,0.004941766115497097,0.01244935259322291
antithetic,586,1.801595804786047,-0.8082500901538308,2.6098458949398777,1.6301001695464183,0.012283692823790719,0.013676700685466612
antithetic,587,1.8024101099747123,-0.8093734066057956,2.611783516580508,1.534148012283521,0.01304243744246264,0.015145140505226128
antithetic,588,1.7966798286229484,-0.8116900241760913,2.6083698527990395,3.8013084079238,0.0052719701277322934,0.012455175716839987
antithetic,589,1.8011733294643106,-0.8073687158151538,2.6085420452794645,1.154665258533827,0.01736638688971837,0.017889476643724523
antithetic,590,1.799274592657631,-0.8095862869507375,2.6088608796083683,2.3339247424966043,0.008584717031297377,0.012764787463221223
antithetic,591,1.8008288718351526,-0.8086602084088048,2.609489080243957,2.152701080395458,0.009303168631504571,0.013433920377384279
antithetic,592,1.8015856909940877,-0.8082076599618583,2.609793350955946,1.2723011782917018,0.01574139168705078,0.015389013865373615
antithetic,593,1.802364767168925,-0.8102982980487639,2.6126630652176885,1.6404088761600009,0.012195927796297934,0.015060756120032463
antithetic,594,1.8006067638309367,-0.8087689184766621,2.609375682307599,1.451277176779005,0.013814565886000134,0.016535701229701192
antithetic,595,1.8018118070597282,-0.8130494639016365,2.614861270961365,2.667231750178023,0.0074866927890530136,0.013688813926822899
antithetic,596,1.7987160886862203,-0.8101885345268428,2.6089046232130633,3.0928409823015066,0.006477994702284442,0.012010003036894689
antithetic,597,1.8017403033084007,-0.8131308434068863,2.614871146715287,2.050624345014554,0.009744092699713214,0.014487170684101236
antithetic,598,1.802995628355371,-0.8106669951167657,2.6136626234721367,1.5988792627598856,0.012502562437056573,0.016202922010875448
antithetic,599,1.7976929992741062,-0.8100676067049355,2.607760605979042,2.7387494060167232,0.007321749968854404,0.013735098119431126
antithetic,600,1.8017984855752445,-0.8089420256742083,2.610740511249453,1.8329756813801446,0.01091810545738105,0.015385348626504857
antithetic,601,1.7992371597147672,-0.8129631219901187,2.6122002817048857,2.3692125135045456,0.008448669982743415,0.013048464067470202
antithetic,602,1.7991084360309015,-0.808042908161014,2.6071513441919154,1.357635416658102,0.014783241675209429,0.0171615613915319
antithetic,603,1.8003114575960362,-0.8079389295193137,2.60825038711535,1.5797182089162753,0.012692937400929133,0.0156435608769578
antithetic,604,1.7977618888343145,-0.8095952401483965,2.607357128982711,2.8490234112496005,0.00703568706718599,0.013341113682844739
antithetic,605,1.7992563667144863,-0.8113391953807753,2.6105955620952614,2.553221335496777,0.007841083223314699,0.013112004663412197
antithetic,606,1.796568633760524,-0.8111792886374232,2.607747922397947,2.60078391121427,0.007707426826010473,0.013665377850982314
antithetic,607,1.7999237842383964,-0.8097763710215624,2.609700155259959,2.2493179752661905,0.008905895934413065,0.014486689918611935
antithetic,608,1.7991212856845744,-0.810916471961669,2.6100377576462437,3.7621613696749594,0.005319626284152902,0.012584382675712318
antithetic,609,1.798856123452627,-0.8125868944067106,2.6114430178593375,4.185839991537696,0.004781095364519546,0.012323331349375643
antithetic,610,1.799655295373302,-0.8137769625011598,2.6134322578744618,2.2867002392389804,0.008744410189603334,0.01409495858739548
antithetic,611,1.7999617556065808,-0.8100780584875815,2.6100398140941623,2.198398997377657,0.009107098124656552,0.013094552640838204
antithetic,612,1.7988405756064485,-0.8099035831556334,2.608744158762082,1.9814771875646693,0.010115775449839205,0.013921684580980686
antithetic,613,1.7982999887624005,-0.8103496349698339,2.6086496237322345,2.4869033691905025,0.008060513660154967,0.01378899569583304
antithetic,614,1.8009991539684873,-0.8127445621669944,2.613743716135482,3.600567643448279,0.005548966533078798,0.01276118712899949
antithetic,615,1.799897307300269,-0.8085416123888094,2.6084389196890783,2.7244354930825336,0.007353451140623515,0.012820868401872671
antithetic,616,1.7982337220881854,-0.8080930169467498,2.606326739034935,2.280433645183086,0.008799243243075561,0.014125799346396064
antithetic,617,1.7996772172928561,-0.8107827117471633,2.6104599290400197,2.1304651444758607,0.00940050038921162,0.014475887342599664
antithetic,618,1.8007460722865862,-0.8081863275308161,2.6089323998174025,1.6499929045471482,0.012146668100283628,0.015216558425513985
antithetic,619,1.800543461992011,-0.8127558177624913,2.6132992797545023,4.641721683041765,0.004305375535998754,0.011964809201810712
antithetic,620,1.7995528951667266,-0.8127012682853803,2.612254163452107,2.9268635275083135,0.006835671827529178,0.013312892731906095
antithetic,621,1.79962771949492,-0.808982203168979,2.608609922663899,2.087137889255156,0.009599891221343276,0.014024621914083784
antithetic,622,1.7935448530570368,-0.8136752734600824,2.6072201265171193,6.543909096309119,0.0030622860686594124,0.011356405960566878
antithetic,623,1.8007455258721914,-0.8086691762406252,2.6094147021128165,2.055772330460474,0.009742805995823996,0.01430310137259602
antithetic,624,1.7942723708614774,-0.8166241577311613,2.6108965285926384,4.263800784081269,0.0046939726032270415,0.011995135146562566
antithetic,625,1.797615772934425,-0.8140640116694655,2.611679784603891,2.950724855515022,0.006781642753089916,0.012731131556458435
antithetic,626,1.7972453360887473,-0.8099358184885547,2.607181154577302,2.67008992919198,0.007510640051998896,0.013034566567100926
antithetic,627,1.8001500643798474,-0.8107866429194706,2.610936707299318,2.763895893208241,0.007242042591091517,0.01350493611549299
antithetic,628,1.799048798716138,-0.809641690243042,2.60869048895918,2.4977975961854164,0.00802370442702939,0.012923538245418127
antithetic,629,1.7985838379321086,-0.80850119499246,2.6070850329245685,2.220800886527212,0.00903877191795496,0.014153303590378318
antithetic,630,1.8008664253348765,-0.8079107863365959,2.6087772116714723,1.628622253929942,0.012305203631614858,0.012180871558036521
antithetic,631,1.7947402154303234,-0.8129818216048916,2.6077220370352148,3.4464051735694468,0.005816791223930973,0.012849794516584483
antithetic,632,1.8017194119937803,-0.8117501312105131,2.6134695432042934,2.041911056410987,0.009791421551272212,0.014522790503609757
antithetic,633,1.7970830591173503,-0.8085447860664239,2.605627845183774,2.352901081045584,0.008530809928849047,0.01425670345622458
antithetic,634,1.7979722324447287,-0.8106384159199433,2.608610648364672,2.697672113569438,0.007429515129262353,0.012965766644255142
antithetic,635,1.7973841646929305,-0.8118805221294365,2.609264686822367,2.4107990234533987,0.008317697397262387,0.013769594674083232
antithetic,636,1.7997481773067576,-0.8079661687648144,2.607714346071572,1.8934889507519979,0.010587955005154302,0.015075965201748824
antithetic,637,1.8020615700943918,-0.8066967783408437,2.6087583484352357,1.5390511875024282,0.01301851234244781,0.016062733650918135
antithetic,638,1.7986483350814593,-0.810980689847742,2.6096290249292013,2.564740739244555,0.007811496719037095,0.01387432491150415
antithetic,639,1.801130374855798,-0.8130103757297433,2.614140750585541,2.73874692544809,0.007293942317943849,0.01342184120042453
antithetic,640,1.8014255619739628,-0.8082650839159651,2.609690645889928,1.2042242927479996,0.016640361034233393,0.01673726331663814
antithetic,641,1.7991035143434535,-0.8102073342230474,2.609310848566501,2.756105206985103,0.007265720422505115,0.013460336927847528
antithetic,642,1.8001578712186348,-0.8152360338146687,2.6153939050333035,2.949263994160407,0.006767189958973848,0.01333388039758815
antithetic,643,1.798852620419861,-0.8148106624862211,2.613663282906082,3.113927448687595,0.006418668768572739,0.013160533122192685
antithetic,644,1.7964721375797923,-0.8135808855635359,2.6100530231433283,4.109161972750479,0.0048720680502727575,0.012157008229208925
antithetic,645,1.7972643109255257,-0.8138550507033695,2.6111193616288952,4.020074115665972,0.004977323193849356,0.012511899213828344
antithetic,646,1.798609983314017,-0.8059097076155525,2.6045196909295694,2.551127631238463,0.00787063106471575,0.013920294176920167
antithetic,647,1.7963375057955104,-0.8119018440113474,2.608239349806858,3.6326684750352354,0.005517160056207304,0.012426064185893421
antithetic,648,1.8002698337687466,-0.8124745095811103,2.612744343349857,2.387467190457678,0.008375981427300961,0.0134759935561876
antithetic,649,1.7935775285993445,-0.8173204070811783,2.610897935680523,6.204887338242102,0.0032254881696338177,0.0115774929050474
antithetic,650,1.7952162702330243,-0.814806923673978,2.6100231939070024,6.015181272729833,0.0033267927990941297,0.01155599161708516
antithetic,651,1.7955088638815193,-0.8103275794981781,2.6058364433796974,4.164632780858045,0.004818805354541612,0.012355432725212575
antithetic,652,1.8020231411541834,-0.808855086845711,2.610878227999894,1.205923935946663,0.016599722428441297,0.018140898493121053
antithetic,653,1.8004986604497615,-0.8107410588936845,2.611239719343446,2.289908806833972,0.008739604389997487,0.012865451671737119
antithetic,654,1.799243536148684,-0.8110731874330558,2.61031672358174,2.442529365094912,0.008198647688708576,0.014044544892181533
antithetic,655,1.7981743790799316,-0.8104226316606903,2.608597010740622,2.6134830744463935,0.00766861411934669,0.013729067686915031
antithetic,656,1.8005659466252641,-0.811113559026518,2.6116795056517823,3.0339468475565496,0.0065910219539640075,0.012609155696747346
antithetic,657,1.7978792833222244,-0.808484694808028,2.6063639781302523,2.526220170908374,0.007943533048305702,0.013834727005400655
antithetic,658,1.8005043378784298,-0.8094611715526814,2.6099655094311114,1.7904332136895278,0.01118716127595556,0.014845939016160737
antithetic,659,1.798121827417959,-0.8067880772419166,2.6049099046598756,2.0645759534470907,0.00972670923803974,0.014245373329338057
antithetic,660,1.8017379380563505,-0.8098493047419018,2.6115872427982523,3.5809058233315487,0.005585261738942948,0.01202220335963949
antithetic,661,1.7987140179174872,-0.8105172086546422,2.6092312265721294,2.6400816860343976,0.007588108462504547,0.012764902861944155
antithetic,662,1.7941797577487788,-0.8152980579890658,2.6094778157378444,5.731289506476322,0.0034945649653657495,0.01177512832485866
antithetic,663,1.7950006747999663,-0.8097634146638366,2.604764089463803,2.4373649246741786,0.008244740609076127,0.014037895656023045
antithetic,664,1.8012885533874896,-0.8113075474765383,2.612596100864028,2.0864113503732895,0.009585952918610979,0.014233766261847355
antithetic,665,1.7946368878505528,-0.8155371018135393,2.610173989664092,4.429372776206682,0.004525683054404431,0.012278381548408074
antithetic,666,1.8010973137273798,-0.8107658414245273,2.611863155151907,1.4672972615515996,0.013646953521161725,0.016789721589228587
antithetic,667,1.8008331109478193,-0.8090868182129024,2.609919929160722,2.2208796203325543,0.009014748103358432,0.014425360004192886
antithetic,668,1.7977462916050453,-0.8115249736032562,2.609271265208301,2.8592573927563656,0.007008613326492088,0.012836034744334994
antithetic,669,1.7974139040015504,-0.8102180761136258,2.607631980115176,2.7957049108704113,0.007172814795903415,0.01346943153931485
antithetic,670,1.800296491058688,-0.8111268829681598,2.611423374026848,2.57339337571053,0.007777716979714967,0.01340913999975925
antithetic,671,1.7961751660037821,-0.8121668761772224,2.6083420421810044,3.414194636219136,0.00587209086654878,0.012814487259122572
antithetic,672,1.799383047915401,-0.8072950262888969,2.606678074204298,1.977625526987663,0.010141090571184605,0.013554134390025702
antithetic,673,1.8007589370108006,-0.8092982586796094,2.61005719569041,1.679069001470604,0.011924164541214383,0.01591067879184154
antithetic,674,1.7993488121518817,-0.8104200282858242,2.609768840437706,2.84908153153126,0.007030058178105116,0.013039482973859562
antithetic,675,1.7982590794034308,-0.8094526890217006,2.6077117684251316,1.9364046093324838,0.010359106276459787,0.014886796305620432
antithetic,676,1.8004044951280291,-0.8092907880601393,2.6096952831881683,2.4391334929220196,0.008211653398616826,0.014086294912904229
antithetic,677,1.8001206922858672,-0.8102168487249398,2.610337541010807,1.7983842875189864,0.01113176448205764,0.015405418528666281
antithetic,678,1.79932309204421,-0.813061855487992,2.612384947532202,3.433283571369524,0.0058268917765173945,0.012093440073873219
antithetic,679,1.8025839008369937,-0.8092249645997835,2.6118088654367773,1.5218982289925105,0.013145796655041765,0.015556784320656457
antithetic,680,1.8027476567042806,-0.8081988716647868,2.6109465283690674,1.6424978926553973,0.012180360770588601,0.014820562706680633
antithetic,681,1.7973063336449981,-0.8127308453586296,2.6100371790036276,3.513760627980688,0.005700032331407358,0.01282138776498303
antithetic,682,1.8028962244758353,-0.8079836157395673,2.6108798402154028,2.0203321200730193,0.009901741283882295,0.014933481398872066
antithetic,683,1.8003940743273574,-0.8106488498930445,2.611042924220402,2.4366553972408953,0.008214920787449256,0.013921014757386314
antithetic,684,1.8005182446741117,-0.8108924682286124,2.611410712902724,1.9482100311729507,0.010272075407276178,0.014204907318436981
antithetic,685,1.8005653314255046,-0.8044661356889504,2.605031467114455,1.2261990107194731,0.020085479240154767,0.020228147612493766
antithetic,686,1.7973046518301157,-0.809749853348833,2.6070545051789487,3.1441337471074235,0.006378345989810294,0.011946932250417881
antithetic,687,1.7961052812555982,-0.8167939373776257,2.612899218633224,5.972481551595004,0.0033462264575619283,0.011621239194674733
antithetic,688,1.8029850077071554,-0.8057083952158125,2.608693402922968,1.0387160212169873,0.02001071296125555,0.019261253299229213
antithetic,689,1.7977577167526473,-0.812703746485966,2.610461463238613,3.5265146079504577,0.005674020295151417,0.012030378612174637
antithetic,690,1.80196382002974,-0.8093636884388721,2.6113275084686123,1.3792634734219478,0.014514931108935088,0.016865681699680394
antithetic,691,1.795052779809003,-0.8085902104774031,2.603642990286406,3.639912563291548,0.005518230108353578,0.012730843788346713
antithetic,692,1.7979253225371539,-0.8141833385068485,2.6121086610440023,4.077730454203654,0.004904223773746569,0.012372579813130702
antithetic,693,1.8026622393897012,-0.8117582731228545,2.614420512512556,2.614281683044992,0.007638491881214487,0.011397858131035839
antithetic,694,1.8001317485532529,-0.8111400530418289,2.6112718015950818,2.476414120138287,0.008080175549280186,0.013309476587866713
antithetic,695,1.8002512394876937,-0.8128025572476503,2.613053796735344,3.786518899726896,0.005279453784865042,0.012326647252582423
antithetic,696,1.7970055158564247,-0.8139240850214519,2.6109296008778764,5.675190793662368,0.0035247778144180657,0.011683126693862782
antithetic,697,1.7932805945099308,-0.815851976893439,2.6091325714033697,6.06982852363727,0.003300573361894236,0.011409873643897749
antithetic,698,1.7980517782860208,-0.8097251601464188,2.6077769384324396,3.155431749159294,0.006351141102292691,0.01314919668072356
antithetic,699,1.7974878840280888,-0.8110858719647542,2.6085737559928432,2.688959290032701,0.007453759411029964,0.013616678736360698
antithetic,700,1.7977745613225355,-0.8104889896082278,2.6082635509307632,3.844763086683998,0.005210834229442699,0.011903729195539715
antithetic,701,1.7959323727738308,-0.8152620571887377,2.6111944299625685,4.953675694547368,0.004039526358607314,0.012023301309426183
antithetic,702,1.7983374913639576,-0.8104671193552682,2.6088046107192255,3.256189579493242,0.006153369778464884,0.0130607533324421
antithetic,703,1.789764607615352,-0.8184091860017058,2.6081737936170577,9.804631505603364,0.002043646523465354,0.011008276020478104
antithetic,704,1.7992526016568262,-0.8089494209793963,2.6082020226362226,2.6327459104008466,0.00761011356655385,0.012158918336156673
antithetic,705,1.797932484210287,-0.8087109857820839,2.606643469992371,2.252736406346719,0.008904591328293167,0.011851573997266702
antithetic,706,1.7990766542489098,-0.8112683823832465,2.6103450366321566,2.9101926039819723,0.0068779755788420235,0.012631236426044997
antithetic,707,1.7954151489862817,-0.8080214055438162,2.6034365545300977,3.330010220458757,0.0060333541918348565,0.012326212983480144
antithetic,708,1.8013835357114527,-0.8103928454813681,2.6117763811928207,2.2751893215179178,0.008792523938014456,0.01434121461902829
antithetic,709,1.7988102356018874,-0.8107138215992268,2.609524057201114,3.3747649510113,0.005930705235236921,0.012790957531356496
antithetic,710,1.8004625335602,-0.8117268663507421,2.612189399910942,2.7749430860641504,0.007207497763347456,0.013448386545780799
antithetic,711,1.801393690210455,-0.8109302888406089,2.612323979051064,2.1916316026919413,0.009125217093960188,0.014546628569692648
antithetic,712,1.7964597879739128,-0.8153640271424154,2.6118238151163284,5.648785260817818,0.00354152742037403,0.011768191328863569
antithetic,713,1.800988790003038,-0.8107308133785979,2.6117196033816357,3.245557074199072,0.006160752796952414,0.012320455077248046
antithetic,714,1.80301330990188,-0.8127687648073392,2.615782074709219,3.845510954873307,0.005186524921293274,0.011831678312334193
antithetic,715,1.8000472611595906,-0.8077424271688252,2.607789688328416,2.2459338582661155,0.008923369273099547,0.014342060243402734
antithetic,716,1.793328409599928,-0.8140903381163718,2.6074187477162996,7.837980615770869,0.002556868950127281,0.011282458761313122
antithetic,717,1.7986004894348537,-0.8113717157450554,2.609972205179909,2.513351394761499,0.007967783941761843,0.013591801129816726
antithetic,718,1.799446769297356,-0.807874029228386,2.607320798525742,2.0762899347161974,0.009654356528309949,0.01364888733075611
antithetic,719,1.8025722674285938,-0.8088268513841843,2.611399118812778,1.5093845027052195,0.013260667300414301,0.01581285040761716
antithetic,720,1.8046060303616471,-0.8111382641127185,2.6157442944743656,1.466428107712636,0.013613725926449941,0.016535004369844047
antithetic,721,1.8021274719664075,-0.8111815624870581,2.6133090344534655,2.1991137230180375,0.009091587210819905,0.01449804406275945
antithetic,722,1.7980846412469094,-0.8118531894691986,2.609937830716108,4.312531111610788,0.004641308585465816,0.012327777029794715
antithetic,723,1.8018018333517702,-0.8132938231809743,2.615095656532745,2.9401668760537403,0.006789238033487274,0.012944668063098772
antithetic,724,1.8007976362659317,-0.8084448902332046,2.6092425264991363,2.6736190271353775,0.007490760665999757,0.013298459530430181
antithetic,725,1.801495374957092,-0.8087733842817676,2.61026875923886,1.8042482684230072,0.011098379726865778,0.015428701209513408
antithetic,726,1.7965399063831409,-0.8150206578395343,2.611560564222675,6.673401834905722,0.002997370017647766,0.011481097211836117
antithetic,727,1.8000949240883242,-0.8124771039245309,2.6125720280128553,2.9298364429558754,0.006824645545769094,0.013200031902723975
antithetic,728,1.7977540841258395,-0.813376406928153,2.6111304910539923,4.161351306699531,0.004808258797784352,0.01216976646051781
antithetic,729,1.7892012258343404,-0.8169702092848654,2.606171435119206,8.206298503201163,0.002444776245851609,0.011234942560771791
antithetic,730,1.7963751044269443,-0.8126713476129293,2.6090464520398733,4.2405031867176275,0.004722175429973837,0.012169563200671389
antithetic,731,1.799374553993905,-0.8067471607081176,2.606121714702023,2.705647712848383,0.007414398867199322,0.011685921720445868
antithetic,732,1.797856189643762,-0.8079078129548611,2.6057640025986233,2.0941211260906396,0.009586740095099269,0.014604420803624266
antithetic,733,1.797345033197117,-0.814942786931682,2.612287820128799,5.367509840639863,0.003724272101647429,0.011853249660349707
antithetic,734,1.7990864581679675,-0.813929360892501,2.6130158190604686,3.0959575841058737,0.006459686745913454,0.012991327498969096
antithetic,735,1.8007168316912434,-0.8104339445459634,2.611150776237207,3.104262860492826,0.006443037679927553,0.013144745837252768
antithetic,736,1.8020603415142913,-0.8103812495423935,2.612441591056685,2.098365961565103,0.009526868775614376,0.013968960908904236
antithetic,737,1.8009957206575895,-0.8105993048817011,2.6115950255392906,3.2146299394756266,0.006223960141740207,0.013024195175920208
antithetic,738,1.7889442270212652,-0.8196377628099166,2.608581989831182,8.147587691147166,0.002458911626130055,0.011154281870108565
antithetic,739,1.796674170922171,-0.810038176308806,2.6067123472309772,2.269701193352747,0.008836354591308555,0.014151942332344647
antithetic,740,1.801167384285723,-0.8145837379204619,2.615751122206185,2.082427444307228,0.009589544495276516,0.014111276973757744
antithetic,741,1.7955308559400511,-0.8112363772322395,2.606767233172291,5.015506447681792,0.0039965106371201604,0.01175927499521871
antithetic,742,1.8020796604056972,-0.8084987146216271,2.610578375027324,1.933038735875191,0.010356787126282787,0.013836263909964194
antithetic,743,1.7964482487715356,-0.8095998852082077,2.606048133979743,3.1941739149429513,0.006284834270467076,0.012411784062497436
antithetic,744,1.7914291026970435,-0.8135783315016432,2.6050074341986864,4.37847363148733,0.004587962096847879,0.012070313502660556
antithetic,745,1.801846723996067,-0.8075217277134733,2.6093684517095403,1.4057969044068381,0.01424687414931703,0.014553415538629188
antithetic,746,1.798244347743967,-0.8089287930602166,2.6071731408041834,3.4152446765777706,0.005868898973022661,0.011858829953170051
antithetic,747,1.7981150963724422,-0.812552317354407,2.610667413726849,4.37277005557029,0.004575441374360472,0.012256152868766187
antithetic,748,1.7986794450266923,-0.808984446467963,2.6076638914946555,2.0385660301946613,0.00983562997266111,0.013982392361723479
antithetic,749,1.7980855999207668,-0.810121189152338,2.6082067890731047,3.0063023438493386,0.006666096825666181,0.012737641776998515
antithetic,750,1.8004687998879303,-0.806029572417009,2.606498372304939,1.7112680832570277,0.011719868969115066,0.014813554268947907
antithetic,751,1.8004066716224256,-0.8101902982364066,2.6105969698588325,2.583310344924178,0.007746757820323003,0.013797074829200888
antithetic,752,1.8012411586462875,-0.8062860132844797,2.607527171930767,1.9484181402360554,0.010289449135732612,0.015186334803520265
antithetic,753,1.798297290793061,-0.8116695239746852,2.609966814767746,2.227125933547845,0.008995657884307682,0.01344997836367971
antithetic,754,1.8036232979859645,-0.8112812206826583,2.614904518668623,3.0608197005739615,0.006521941852046169,0.01284452560833031
antithetic,755,1.8027882649074458,-0.8092680365640238,2.6120563014714695,1.2962886441061279,0.015428768152401772,0.015885968874855525
antithetic,756,1.8019543266655669,-0.8095729405867158,2.6115272672522827,3.0478152692920957,0.006560435001009243,0.013190257437462423
antithetic,757,1.8023082763554128,-0.8127239966376264,2.615032272993039,3.8506649591224567,0.0051836201875252634,0.011287677332077424
antithetic,758,1.803338892489053,-0.8108285561921083,2.6141674486811612,2.1303434317970718,0.009379321621822687,0.013908852616054113
antithetic,759,1.800788023398959,-0.8104911050127537,2.611279128411713,3.8707267725507126,0.005165130926017043,0.012568504429413402
antithetic,760,1.7985732646220138,-0.810462536899024,2.609035801521038,2.8111558804163557,0.0071278058989406035,0.013506023909676682
antithetic,761,1.8013403866421647,-0.8069389626860646,2.608279349328229,1.0894110649039626,0.020056115346307635,0.020945916763705445
antithetic,762,1.7927125143194433,-0.8191649777874521,2.6118774921068955,6.785667987842211,0.0029469125665212478,0.011426365144545777
antithetic,763,1.7973943764322677,-0.8136258327888238,2.6110202092210915,3.4327587577604453,0.005830410995585971,0.012501597205166786
antithetic,764,1.8008016878249107,-0.8086295366277573,2.609431224452668,2.437294439073448,0.008214750757535885,0.013844492498887558
antithetic,765,1.802554997028183,-0.8118896806883219,2.614444677716505,1.6935504930373009,0.01179610986393597,0.01592960287345523
antithetic,766,1.8002036985726002,-0.8119860621416041,2.6121897607142044,3.909636316059794,0.005115628036956064,0.012359190121072587
antithetic,767,1.7983126013101676,-0.809226724808906,2.6075393261190736,2.4992674928099285,0.008021445894113487,0.013568930630420249
antithetic,768,1.7997992970077874,-0.8094595511755555,2.6092588481833427,1.963059714764421,0.010206370007298219,0.014701188950350969
antithetic,769,1.79534319889717,-0.8152573960139742,2.610600594911144,4.622695812832331,0.004330583383655226,0.012169501094695582
antithetic,770,1.8016452138804033,-0.8079020677044387,2.609547281584842,1.6024850900074525,0.012497319239647536,0.015646246089436714
antithetic,771,1.7944813056832862,-0.8157321193991072,2.610213425082393,4.758905249951895,0.0042091724149719255,0.012103233697984403
antithetic,772,1.7973996857828403,-0.8129630739550741,2.610362759737914,4.380571751101023,0.0045676979766896735,0.012245134594932094
antithetic,773,1.795753069139565,-0.8097426752568038,2.605495744396369,3.9818756652507847,0.005038852112265723,0.012458870799365673
antithetic,774,1.7978567135074381,-0.8100055653246073,2.6078622788320454,4.794761036545887,0.00418054941119125,0.011816079758631913
antithetic,775,1.797962256270419,-0.8120930491853352,2.610055305455754,2.724501729407999,0.007353440237661912,0.013199041073820462
antithetic,776,1.7995851925840312,-0.8085253031765177,2.608110495760549,2.035330513960764,0.009847863822185748,0.014169830703993923
antithetic,777,1.7984833611883846,-0.8091674299844883,2.607650791172873,2.693090214189057,0.007442495685224404,0.013732577025156638
antithetic,778,1.7955792962885235,-0.8137584345789415,2.6093377308674652,4.006093044653788,0.005000242051197192,0.012029354079895064
antithetic,779,1.7998302832616673,-0.8068237089419359,2.6066539922036034,1.448605361424118,0.013856094686096622,0.016455509982656276
antithetic,780,1.7993006597290266,-0.8071003725896609,2.6064010323186877,2.587323069389313,0.0077545639803473804,0.011644207898153644
antithetic,781,1.8016539182029492,-0.8092540300025789,2.610907948205528,2.075528858970635,0.009642181779722597,0.014797741753198592
antithetic,782,1.8001449162340557,-0.8096022552354116,2.6097471714694676,2.564436047618425,0.00780826228871287,0.013310885763185235
antithetic,783,1.8014223197146315,-0.8086909827455917,2.610113302460223,2.131704187328047,0.009389271011194899,0.014715276393456682
antithetic,784,1.8010302388163686,-0.8107892804875574,2.6118195193039258,2.119300273969648,0.009438625026240592,0.014642263227102085
antithetic,785,1.796169243188918,-0.8134669993006516,2.60963624248957,6.218263482098824,0.0032202370941296667,0.011619206966053638
antithetic,786,1.7964378092695497,-0.8121800811773658,2.6086178904469155,5.0725417955918966,0.003948758050426042,0.011324133731055492
antithetic,787,1.797775390788636,-0.8108784865462709,2.608653877334907,2.678370211780742,0.007482072814176987,0.013768416970786311
antithetic,788,1.799437647467718,-0.8105189950118185,2.6099566424795366,3.7031996996309147,0.005405123527249016,0.012342843554570389
antithetic,789,1.802703581222584,-0.8111358766244993,2.6138394578470834,2.226754775120979,0.008971992782027259,0.014313355943374524
antithetic,790,1.8024966567098264,-0.8094820642603804,2.611978720970207,2.1025146446864817,0.009514375153737657,0.014679070471085413
antithetic,791,1.8010875706248017,-0.8127262541797621,2.6138138248045637,2.370999253312313,0.008429544279143462,0.01412104805304591
antithetic,792,1.8002763781081206,-0.8110595193734957,2.6113358974816165,2.8322231132741194,0.0070621494939679536,0.013205740419075806
antithetic,793,1.7956312790362794,-0.8120887297435747,2.607720008779854,2.5532026629934563,0.007860038376986529,0.013823362499377038
antithetic,794,1.798511719974543,-0.8107037623785799,2.609215482353123,2.5881564763697376,0.007740422027578808,0.013807173420395247
antithetic,795,1.7998360683052268,-0.8083368374475475,2.6081729057527743,2.429127000397717,0.00824776341882907,0.013844875332542158
antithetic,796,1.8017819455911972,-0.8103702240001099,2.6121521695913072,2.071451361042963,0.009653619868116518,0.014533838359316069
antithetic,797,1.8007753522914998,-0.8084549377712963,2.609230290062796,2.4108442660020417,0.008308949059280356,0.014075803668632337
antithetic,798,1.8004079443848526,-0.810721286611974,2.6111292309968266,3.2985772959039674,0.006067507643116626,0.012836545581535167
antithetic,799,1.7953415200056266,-0.8156916615929097,2.611033181598536,4.544671810807105,0.0044043785839046334,0.012195213538150824
antithetic,800,1.8016052995854548,-0.8083638107545577,2.609969110340012,1.3589914531098053,0.014743287367890568,0.016392327394176495
antithetic,801,1.7977257652263894,-0.8119616791252976,2.609687444351687,3.659977918035192,0.005471390263263302,0.01184424638574945
antithetic,802,1.8026970168623933,-0.8118469363982879,2.6145439532606813,1.6582145059287534,0.012052477539079226,0.015913230655543717
antithetic,803,1.7998581413893189,-0.8078710154896642,2.607729156878983,1.9747076491660978,0.010154043088051514,0.014439177893301855
antithetic,804,1.8017347979404879,-0.8119982310422788,2.6137330289827667,3.210841314268349,0.0062207858448054786,0.01261486053961945
antithetic,805,1.8022860161153498,-0.8128374105685038,2.6151234266838537,2.485272021843103,0.00803344555658149,0.013466234810975737
antithetic,806,1.8025426543209793,-0.810383993305476,2.6129266476264554,2.4180444713736042,0.008263518746255315,0.014092435828849807
antithetic,807,1.7967965708382754,-0.8162606051928368,2.6130571760311123,4.735039963677531,0.004220905424159017,0.011995892440103765
antithetic,808,1.7992382968443033,-0.8068405848385847,2.6060788816828877,1.7534231139430934,0.011447297480087899,0.013930905001501247
antithetic,809,1.7970138215409046,-0.8122515899073723,2.609265411448277,3.793834751271572,0.005279015914894838,0.012443454753642343
antithetic,810,1.7995270417857823,-0.8074741735947116,2.607001215380494,1.7513622507553275,0.011451963513638308,0.01355795394681774
antithetic,811,1.796342041364392,-0.8105142299785102,2.6068562713429024,2.8514761462480283,0.007035734071087974,0.0132385207370858
antithetic,812,1.801281169538674,-0.8098693270385776,2.6111504965772516,1.7786127446833961,0.011251658025133242,0.014996870745587764
antithetic,813,1.8006519639722476,-0.8051204284621308,2.6057723924343783,2.0615382887955973,0.00973071728826162,0.011917731993236088
antithetic,814,1.8004804096507236,-0.8085538789612363,2.60903428861196,1.7262783350048552,0.011606795774312402,0.012710491546121765
antithetic,815,1.798880788370093,-0.8127436073032329,2.611624395673326,3.594356662048127,0.0055668345668731445,0.012324015130105963
antithetic,816,1.8011280570064536,-0.8107012150115204,2.611829272017974,2.4226584725122655,0.008256961915320073,0.013997353124885755
antithetic,817,1.79979457693104,-0.8121171593299202,2.6119117362609603,3.1084410355060093,0.006431944040984558,0.013226854087266416
antithetic,818,1.797158674243389,-0.810316395210445,2.607475069453834,3.2642169250568855,0.006139734751302148,0.012814116709607673
antithetic,819,1.802027721965806,-0.8074677016154699,2.6094954235812757,1.235229512845981,0.016214221543241196,0.014319749003246422
antithetic,820,1.8022451409286553,-0.8088148027773532,2.6110599437060085,1.8736808778138512,0.010675182429643283,0.013466233886113281
antithetic,821,1.8022842796258014,-0.8089152835112997,2.611199563137101,1.6629647244002972,0.012033069182507388,0.014051710128943592
antithetic,822,1.7997867266840477,-0.8103854931035022,2.61017221978755,3.74279635616849,0.005347895735907235,0.01275355773247048
antithetic,823,1.7996476103934091,-0.8077173466360424,2.6073649570294517,1.9902065145402383,0.01007568198775725,0.012128035380570971
antithetic,824,1.8008574408469464,-0.8117983767808935,2.61265581762784,1.5897149663879113,0.012584812745717183,0.015473451130472465
antithetic,825,1.8001714331943564,-0.8093428803558679,2.6095143135502243,1.9344607045252475,0.010354500045613276,0.01426761192511407
antithetic,826,1.8041044735365537,-0.8090613595020266,2.6131658330385803,1.4940866099976784,0.0133680526217331,0.013161803708964378
antithetic,827,1.8013804680591097,-0.8078207400518528,2.6092012081109623,2.235879547690498,0.008957544761527296,0.013009637569983
antithetic,828,1.797062049290795,-0.8160961432751285,2.6131581925659235,4.546148020496681,0.00439597396252572,0.012150592626094444
antithetic,829,1.7938290502398597,-0.8158495236517858,2.6096785738916455,6.195241042429256,0.003230740236543064,0.011648797973072302
antithetic,830,1.8008739698137486,-0.8083021882262219,2.6091761580399706,2.3064599689104783,0.008683611390752001,0.014391543521636877
antithetic,831,1.8000047459951827,-0.8143375162156976,2.6143422622108803,2.989282502382277,0.006682891126423029,0.013323713115241253
antithetic,832,1.7990978398760076,-0.8111020377030552,2.610199877579063,2.822741724603203,0.007091612389412605,0.01283288843080867
antithetic,833,1.7982537134638352,-0.8112806919730757,2.6095344054369107,2.826715012641676,0.0070840735111566775,0.012740920826941008
antithetic,834,1.797684322682729,-0.8133437923196729,2.611028115002402,2.8800700145214804,0.006950597104291807,0.013074589593085327
antithetic,835,1.8031122424532047,-0.808697076897983,2.6118093193511878,1.8831840574417023,0.010619480692412746,0.015243015774004418
antithetic,836,1.7945953573883953,-0.8122146745559383,2.6068100319443337,2.8339533963249406,0.007078105994775233,0.013557139652892024
antithetic,837,1.8001801115036513,-0.8097474152687355,2.609927526772387,1.69595124141622,0.011814653220664328,0.015741429027917236
antithetic,838,1.7988832965377948,-0.8130849088999148,2.6119682054377096,2.7802064573294345,0.007197365857209092,0.012802454285051881
antithetic,839,1.8039841003693546,-0.8094794853631275,2.6134635857324824,1.6145360381429932,0.012373019570901237,0.013464361805998425
antithetic,840,1.7985107263394642,-0.8150156735011657,2.6135263998406297,5.729211343912861,0.0034868631229536436,0.01169741196393446
antithetic,841,1.7970613272936944,-0.8075201163902783,2.6045814436839727,3.18326288491969,0.006306836312692545,0.013175597079084304
antithetic,842,1.7989155027858232,-0.8081306329622815,2.6070461357481047,2.972231767671059,0.006749680803034743,0.01316476853121223
antithetic,843,1.7999715522894342,-0.8115195212202191,2.6114910735096535,2.3396124559009053,0.008552727287467452,0.01430067476324167
antithetic,844,1.7990154085639771,-0.8078344673771818,2.606849875941159,2.0570660087716615,0.009752678392930116,0.014938583695693274
antithetic,845,1.8033568258884212,-0.8116030847593899,2.614959910647811,1.616175497759546,0.012360155120015702,0.015969380364781238
antithetic,846,1.7995275247379259,-0.8097277040390441,2.60925522877697,2.359797999314111,0.00848933930646285,0.012535806229314139
antithetic,847,1.7976791521565259,-0.8111472301285594,2.608826382285085,3.0921650916158416,0.006478833787063135,0.012563219804520924
antithetic,848,1.799554152117664,-0.8085742746298378,2.6081284267475016,2.3110792284515527,0.008673024825020133,0.013924085103144664
antithetic,849,1.8020779437090158,-0.805802559440185,2.6078805031492007,1.136652578799331,0.020045515487815854,0.01877226424640855
antithetic,850,1.7983490430630382,-0.8078314479371135,2.606180491000152,2.2353958597632992,0.00897518271398472,0.01391972513820412
antithetic,851,1.7980084121582296,-0.8107863085941913,2.608794720752421,4.206471043977988,0.004760452983266192,0.012373092490890322
antithetic,852,1.7995097092003889,-0.8125532973537339,2.6120630065541226,3.079991789568472,0.006492138414883119,0.013249021097047417
antithetic,853,1.8009707379776232,-0.8102722884001703,2.6112430263777933,1.947782802792945,0.010276381620073941,0.01419900088090212
antithetic,854,1.7996083234136508,-0.8111392612953425,2.610747584708993,2.648202001708283,0.007559851341616794,0.013718135410228227
antithetic,855,1.8028293968484361,-0.8101454527958145,2.6129748496442504,2.1225632196189044,0.009417260074272085,0.014676019553139762
antithetic,856,1.8047781754071277,-0.8133745141332308,2.6181526895403584,2.4555002203907486,0.00811847216073558,0.013920257843597971
antithetic,857,1.7982742847086128,-0.8101374156689538,2.608411700377567,1.9566853159365287,0.01024489286756136,0.014988510354131209
antithetic,858,1.800324883820998,-0.8089289268645188,2.6092538106855168,1.5981790576339747,0.012543178177389678,0.015953642690325395
antithetic,859,1.7978229127029968,-0.8073811525778853,2.605204065280882,5.079877502919958,0.003948921627357112,0.01189631858962129
antithetic,860,1.8022179852082407,-0.8080879622040387,2.6103059474122796,1.5602166025077036,0.012827281388289395,0.014575578178115634
antithetic,861,1.7961491708098105,-0.8114998014311726,2.607648972240983,3.219881505294088,0.006227555233587509,0.013079310228394262
antithetic,862,1.7919048487781628,-0.8134681019012444,2.605372950679407,6.714085287444282,0.002989497196290443,0.011480280133257737
antithetic,863,1.797347638696995,-0.8081109479070736,2.605458586604069,3.4832411015406572,0.005761046311881573,0.012282901732759078
antithetic,864,1.7950504700933172,-0.8130683327098214,2.608118802803139,2.652846745946264,0.0075616568851670715,0.013797334320951342
antithetic,865,1.7994859118233115,-0.8112212872230042,2.610707199046316,2.910880695672765,0.00687743739176893,0.013340694042931969
antithetic,866,1.799609960987462,-0.8106855281493932,2.6102954891368553,3.0306234937259906,0.006606919326929201,0.012274578380722195
antithetic,867,1.7983856337162614,-0.8069149005989528,2.605300534315214,1.9912100063114369,0.010087068319570038,0.013785711546442894
antithetic,868,1.799499557513048,-0.8111045214685049,2.610604078981553,2.5910280477492016,0.007726870089665907,0.013691067059080797
antithetic,869,1.799162958881687,-0.8112785494592928,2.6104415083409798,3.3598742141972298,0.005957881793422844,0.011460267959597066
antithetic,870,1.7986125763150937,-0.8071531468935964,2.60576572320869,1.7240491577431947,0.01164768512995264,0.01583157221991697
antithetic,871,1.8007928705735283,-0.8069323990355024,2.6077252696090305,1.39733317743363,0.014345842793022662,0.017151766691076212
antithetic,872,1.798940640105389,-0.8068746113259034,2.6058152514312924,1.6412303456955752,0.012233457325479098,0.015611404890031103
antithetic,873,1.8017296067436503,-0.810155414514473,2.6118850212581233,2.453981752395722,0.008147237083255323,0.014028562607560711
antithetic,874,1.7953781991218563,-0.814961613279008,2.610339812400864,3.2664505508923853,0.006128940610858673,0.013124201903789604
antithetic,875,1.7989318292029128,-0.8104261397216702,2.609357968924583,1.8607216402563098,0.010770444120151514,0.014346006069670807
antithetic,876,1.8036660293389164,-0.810618116928056,2.6142841462669724,2.585184384052613,0.007725306539253285,0.013467993862918352
antithetic,877,1.7924304944230218,-0.8153175164833957,2.6077480109064175,6.863288884296576,0.0029212036163562428,0.011296535133900866
antithetic,878,1.8032599489055052,-0.8086578834055411,2.6119178323110464,1.2029866015544566,0.016642053123760873,0.016363548035030245
antithetic,879,1.7957554642624562,-0.8122588320017237,2.60801429626418,4.207542868268226,0.004764135571141614,0.012069069637121618
antithetic,880,1.8028076858219018,-0.8091574460916501,2.6119651319135517,1.83093032704186,0.01092321003834757,0.013229926162136595
antithetic,881,1.8014880679410794,-0.811144947320605,2.6126330152616846,1.918911938674742,0.010422641941856598,0.014395299690818576
antithetic,882,1.7993213387328995,-0.8097266718534514,2.609048010586351,2.622759485986988,0.007637778859340075,0.013647905464907585
antithetic,883,1.800707915567854,-0.8104743379594698,2.611182253527324,2.6017098314820037,0.0076926027883221625,0.013795651639925181
antithetic,884,1.8009459790451685,-0.8124308486085174,2.6133768276536857,2.4463893235635976,0.008171745016791403,0.013809514704990112
antithetic,885,1.7999767963942266,-0.8114630956973523,2.611439892091579,2.4034954408394245,0.008324858378204673,0.012704790483933416
antithetic,886,1.7963312322481146,-0.8147149588496557,2.6110461910977705,3.9051063645728545,0.005125011463520018,0.01223727035094264
antithetic,887,1.7976434362071032,-0.8067378503090596,2.604381286516163,2.1719711943480453,0.009249167454494413,0.013779842437070948
antithetic,888,1.7999575942156203,-0.8146082893353307,2.614565883550951,4.017559008305096,0.004970392040847132,0.01202037221799277
antithetic,889,1.7997790957496174,-0.8130745921924606,2.612853687942078,3.537915825768236,0.005649065302146442,0.012133002549275854
antithetic,890,1.7966520847710248,-0.8099887498577971,2.6066408346288217,5.423336952084283,0.003696775925811269,0.011875998923436873
antithetic,891,1.798424648272192,-0.8079264566744983,2.60635110494669,2.336009031116012,0.00858609116224609,0.014196675758750166
antithetic,892,1.7997135740998815,-0.8103062538071394,2.610019827907021,2.3294793037107904,0.008595971236598552,0.011649318031681205
antithetic,893,1.8019929773061532,-0.8068521130258867,2.6088450903320397,1.1118000651994289,0.0180177283301943,0.017743074046551177
antithetic,894,1.794685752434306,-0.8171076998707101,2.611793452305016,4.691985625296016,0.00426271189117822,0.01210338209295907
antithetic,895,1.7991917758311957,-0.8103860767135553,2.609577852544751,2.1668437740707702,0.009243690889972532,0.014638191123848438
antithetic,896,1.792938276385182,-0.8147683778905696,2.6077066542757517,4.651408048680416,0.004310893768313779,0.012181448124521717
antithetic,897,1.8005364050487482,-0.8144637227096285,2.6150001277583765,2.970846182611362,0.006723317537002387,0.012577756361321586
antithetic,898,1.801058285925595,-0.8087418277505652,2.6098001136761604,2.2381375598122046,0.008943552413587274,0.01250559353472345
antithetic,899,1.7977479657125803,-0.8090502920225612,2.6067982577351416,3.4329186263927807,0.005840938006032926,0.011690110339121925
antithetic,900,1.8023131739558627,-0.8098101058064989,2.6121232797623617,2.031277805008563,0.009843707263912402,0.01431235990478127
antithetic,901,1.7958619436724814,-0.8121313979598952,2.6079933416323766,3.9580977513999005,0.005063878442315644,0.012600331132821725
antithetic,902,1.7990168991003475,-0.8086723572661785,2.607689256366526,2.3584459086704808,0.008497960297704228,0.014137844485522988
antithetic,903,1.8004253370487677,-0.8101943832515704,2.6106197203003383,2.160137913263985,0.00926557142806447,0.01289007887294713
antithetic,904,1.7997568867266998,-0.8102510409352927,2.6100079276619925,2.2903279822964753,0.008742444987752677,0.013877077027599312
antithetic,905,1.7998888882177528,-0.8116733697685096,2.6115622579862623,2.2096893186496724,0.009055811464752159,0.014407935851529493
antithetic,906,1.7996182051013663,-0.8111002655169982,2.6107184706183646,2.3029598245042466,0.008691264383956687,0.012896308533266839
antithetic,907,1.8010042878128127,-0.8091304333204005,2.610134721133213,3.2843264083659967,0.006095512250772364,0.011564198768071672
antithetic,908,1.797376516603852,-0.8118601278567363,2.609236644460588,4.3269045598386215,0.004629662273737174,0.01231974428866391
antithetic,909,1.8014407063051285,-0.805683624685778,2.6071243309909065,1.0833622199700752,0.020052770712251436,0.014360652863649022
antithetic,910,1.802849050145382,-0.8070416693469347,2.6098907194923164,1.2928274163060973,0.015484534869535757,0.014683161754944633
antithetic,911,1.8011071331952528,-0.8100983972480226,2.6112055304432755,1.8281558403256335,0.010945093159388481,0.01465525790184902
antithetic,912,1.79918323831727,-0.8116681410048002,2.61085137932207,2.7783814873859507,0.007203594287688823,0.012255088825446505
antithetic,913,1.8004536453862134,-0.809515859843761,2.6099695052299743,2.1900044996873684,0.009141990972048843,0.014036704802586068
antithetic,914,1.7992244152223353,-0.8095390120123641,2.6087634272346993,3.709191701113145,0.0053989393774406345,0.012336200168997884
antithetic,915,1.7923186421701738,-0.8191181280534425,2.6114367702236163,7.358656066763644,0.0027180432700192984,0.011279123617740118
antithetic,916,1.798814727814201,-0.8085393275746502,2.6073540553888512,2.6691540677585794,0.007510397116588135,0.013174836296414359
antithetic,917,1.793701762454265,-0.8117885168074225,2.6054902792616876,6.494456150426098,0.0030902940216453612,0.011553032834434292
antithetic,918,1.8041336002673802,-0.8095910751534273,2.6137246754208077,1.374469723825477,0.014541269683957563,0.017223781064946972
antithetic,919,1.7963037885409172,-0.8121602436078198,2.608464032148737,5.490109706460294,0.003646914554473359,0.011748097060313082
antithetic,920,1.8001386331343139,-0.8081003838845473,2.608239017018861,2.391218293169005,0.008382516493943228,0.014004406052437206
antithetic,921,1.8048961298593216,-0.810889006039114,2.6157851358984354,1.0706540101898363,0.019978532684071147,0.017025958710015485
antithetic,922,1.803716529498796,-0.811264771611458,2.6149813011102543,1.3639310037076537,0.014645955492778712,0.015300267506611474
antithetic,923,1.7983018988767048,-0.8080657109695465,2.6063676098462514,2.2691935305898587,0.008842306113557234,0.01317188220733482
antithetic,924,1.802278089301927,-0.8098422246342682,2.6121203139361953,1.4182188333183254,0.014104315869265754,0.01539286445131423
antithetic,925,1.802360321689231,-0.8102148336495615,2.6125751553387926,2.3333796117477976,0.008565321077150457,0.014280626270298302
antithetic,926,1.801872990979128,-0.8099908949902581,2.6118638859693863,2.3836536077045616,0.008389506234612237,0.013146964199848928
antithetic,927,1.7998784548867723,-0.8092951096611527,2.609173564547925,1.4603533813124836,0.01372654673503676,0.014733784471694522
antithetic,928,1.797502097236565,-0.815045908505787,2.612548005742352,4.641469273307079,0.004305880724513166,0.012122273882756477
antithetic,929,1.7990512053989067,-0.8112356287074555,2.610286834106362,2.5840463614370717,0.007748022633801916,0.013617308775412656
antithetic,930,1.7984504101906569,-0.8084714720150599,2.6069218822057167,1.9962555154226662,0.010051354296634065,0.01504439442475967
antithetic,931,1.798396254406406,-0.8099369107423049,2.6083331651487107,2.1638409044863502,0.009265039096127855,0.014152862996518767
antithetic,932,1.8015917527744323,-0.8096482464422344,2.6112399992166666,2.225417562035507,0.008987877548810655,0.014410468132899042
antithetic,933,1.801998261032149,-0.8108704432564267,2.6128687042885756,1.9753819287790455,0.010118374751919356,0.013675344520489914
antithetic,934,1.7987319699561513,-0.8076860200789995,2.6064179900351507,2.1460269738150286,0.009349003509499325,0.014419245162331373
antithetic,935,1.8009084884878384,-0.8093829695531652,2.6102914580410035,1.861161050858809,0.010757595775951118,0.01262636948284079
antithetic,936,1.8041945330169151,-0.8083742888848451,2.6125688219017604,1.1420899742414043,0.017507033734518524,0.01765796164531925
antithetic,937,1.7963876880751912,-0.8118397150367472,2.6082274031119383,2.7942555975689993,0.007178397073552469,0.013574835670546575
antithetic,938,1.8008328368679019,-0.8090829551247508,2.609915791992653,1.5177348818459944,0.013199360059226771,0.015115457519539691
antithetic,939,1.798734974849159,-0.8142401166914012,2.61297509154056,3.1814026200209216,0.006285623176558525,0.01307904975532476
antithetic,940,1.7974106336097375,-0.8105299625664991,2.6079405961762365,2.3295029069071056,0.008607361693853885,0.013957840649528245
antithetic,941,1.795877352839384,-0.8140909947181991,2.609968347557583,4.097532481059709,0.004886401036427174,0.012361048156643972
antithetic,942,1.800409443174538,-0.8138645903535092,2.6142740335280474,2.7257219479255093,0.007330763514280717,0.012871123275562538
antithetic,943,1.7950449284686483,-0.8133849425316059,2.6084298710002543,4.76845671706996,0.004204375718552242,0.011820221493000624
antithetic,944,1.7989725870767894,-0.8124759870715851,2.6114485741483744,3.8379914368607504,0.005211837794750784,0.01240425825236916
antithetic,945,1.7966074006281776,-0.8168257083620765,2.613433108990254,3.209279141151754,0.006232714588633742,0.013077668554019883
antithetic,946,1.800547325272904,-0.8104415393213603,2.6109888645942645,3.355593303032939,0.00596026789449377,0.012831221211517215
antithetic,947,1.795419920214056,-0.8124922222034552,2.6079121424175113,3.9116877823714153,0.005125219933425347,0.012173034293416452
antithetic,948,1.7975643634884464,-0.8111824417230514,2.608746805211498,4.314335684863752,0.00464384117008164,0.012212196503877457
antithetic,949,1.8022196434740863,-0.8099987414155037,2.61221838488959,2.17679078735002,0.009187419969874336,0.014159556495166169
antithetic,950,1.7967152787318543,-0.8125772505510677,2.609292529282922,5.511835667731589,0.003632900856082545,0.011802938344789949
antithetic,951,1.802386039611609,-0.8117477363707499,2.614133775982359,1.5243398564976856,0.013108402289334423,0.01607095163454878
antithetic,952,1.7976742852881762,-0.8155705907156291,2.6132448760038054,4.08745682147154,0.004890579110708173,0.012427077390557347
antithetic,953,1.7967679560635064,-0.8125806797775618,2.609348635841068,2.633307475038642,0.007610507543505535,0.013062508249823556
antithetic,954,1.8008348481203054,-0.8078951809578908,2.6087300290781963,1.5598145931479508,0.012848459273413259,0.01621633219594117
antithetic,955,1.8002562267922357,-0.8117881750717787,2.6120444018640145,1.8909195755371195,0.010578103736629341,0.015236104476472005
antithetic,956,1.7973123321405262,-0.8145885886868733,2.6119009208273996,4.269986705426493,0.004684351866086807,0.012294098963762014
antithetic,957,1.7937272477565944,-0.820598876160481,2.6143261239170754,5.049782476683805,0.003955793801066282,0.011925610344260235
antithetic,958,1.7992026820417204,-0.8092934862932569,2.608496168334977,1.9824442832212406,0.01011172267261503,0.014884172362042682
antithetic,959,1.8016503878031223,-0.8110818645613143,2.6127322523644363,1.3898923189127133,0.014385441812730408,0.014414324586639956
antithetic,960,1.7963223396343115,-0.8116851988924438,2.6080075385267554,3.057647205424053,0.006556562491573389,0.013323181985457035
antithetic,961,1.8009045445932717,-0.8069017723491889,2.607806316942461,1.5252275961345598,0.013144065539467394,0.016522377439121563
antithetic,962,1.7999257787438534,-0.8098188652670051,2.6097446440108585,2.2970016271015,0.008722582866313838,0.013378605039055221
antithetic,963,1.8007102682218332,-0.8103211328566671,2.6110314010785003,3.2550250630566073,0.006145523516820997,0.012414778398028199
antithetic,964,1.7969698890858148,-0.8128222599139081,2.609792148999723,4.155911895003472,0.004817627937673278,0.012176622958949172
antithetic,965,1.795007421711595,-0.8169164219039254,2.6119238436155205,7.403444779243143,0.0027014911790657382,0.011226111021697528
antithetic,966,1.7952010493919748,-0.8116605490928674,2.6068615984848424,2.630015173908162,0.007630579956994237,0.013632288433924774
antithetic,967,1.8028054109188438,-0.8087056322021492,2.611511043120993,1.2286698718195692,0.016278322642693546,0.017994461692941017
antithetic,968,1.7957681480054357,-0.8147115244543426,2.6104796724597783,4.799442789802297,0.004171662350640959,0.011991808046732583
antithetic,969,1.7955060100988316,-0.8164074067916247,2.6119134168904563,6.472373470817533,0.0030908934475763795,0.011360968832520087
antithetic,970,1.797025129531536,-0.8152831813947228,2.6123083109262586,5.759010965782564,0.0034714974677015117,0.01163918176790186
antithetic,971,1.8006453259068103,-0.8114442966582182,2.6120896225650285,2.21328916959952,0.00903666663733022,0.012828924312485774
antithetic,972,1.8011562901333238,-0.8115480926121963,2.61270438274552,2.273166947100149,0.008795649905034491,0.013857557258394432
antithetic,973,1.7991005951924655,-0.8082956760698738,2.6073962712623393,2.357670652239516,0.008501786978818668,0.013289415956293705
antithetic,974,1.7996875238904746,-0.8129056766888844,2.612593200579359,2.9798087215141553,0.0067075165273803436,0.01313025607029879
antithetic,975,1.7981373401857252,-0.8126156597117153,2.6107529998974406,3.1930387530087856,0.006271046675762037,0.013037705163042989
antithetic,976,1.7959151380405307,-0.8131753416161192,2.6090904796566496,3.7712917384587814,0.0053134668212287415,0.012218879449198404
antithetic,977,1.7970686097023565,-0.8096553800951404,2.606723989797497,2.357981346002512,0.008508333875569516,0.014298874663942033
antithetic,978,1.8003488061140167,-0.8100432414898598,2.6103920476038764,1.6565286604993674,0.012095035207217202,0.015029033686386887
antithetic,979,1.7975367367677517,-0.8121254317787827,2.609662168546534,5.853194195408537,0.003421747629252507,0.011237086501509959
antithetic,980,1.8000455521026784,-0.8107771934127378,2.6108227455154163,3.194328979985423,0.006267186951244388,0.011950090225630742
antithetic,981,1.8019716566919988,-0.8118446327196188,2.6138162894116177,1.5633567442256797,0.012796634252410746,0.016474986977398517
antithetic,982,1.8028182736066167,-0.8087240493548986,2.6115423229615153,1.4978598832830081,0.013355110001563877,0.013661138056941727
antithetic,983,1.7987592256750664,-0.8095135148200086,2.608272740495075,1.9489227053688156,0.010289091139092169,0.01511500130032296
antithetic,984,1.7990096083931,-0.8072494967349971,2.606259105128097,2.262833928490728,0.008865152641456885,0.013320620175260044
antithetic,985,1.7968010459743373,-0.8144426653882785,2.611243711362616,6.551488638005623,0.003052637393005783,0.01099489309828076
antithetic,986,1.8004053464130156,-0.8149179030616722,2.615323249474688,4.645735232075986,0.0042944004827618985,0.011239589747965495
antithetic,987,1.7997624938320351,-0.8107317943918818,2.610494288223917,2.2237357052558697,0.009002288768715234,0.014290316708206375
antithetic,988,1.8012149198382312,-0.808107304786994,2.6093222246252252,1.6218431458121265,0.012351839641819708,0.013821296279082603
antithetic,989,1.7960165248504754,-0.8101489605691088,2.6061654854195844,4.693552669491858,0.004274805832909213,0.011629380486472012
antithetic,990,1.7941454229061415,-0.8169340976979547,2.611079520604096,4.602051916975498,0.004348891007057015,0.012083226461678852
antithetic,991,1.7976525386127737,-0.8115746051927184,2.609227143805492,3.79991675205919,0.00527131860561793,0.012714062726178517
antithetic,992,1.8009793917342503,-0.8126085710679615,2.6135879628022116,2.6643719633656886,0.007503150620424899,0.012927030152078507
antithetic,993,1.800565563069268,-0.8102098455945469,2.610775408663815,2.5384608195578657,0.007881147262867661,0.013967287194512268
antithetic,994,1.7997779801526075,-0.8120710242210636,2.611849004373671,3.8720927091300776,0.005164132090014522,0.01246263303700784
antithetic,995,1.8009789190827996,-0.8065804641299706,2.60755938321277,1.0723989600889534,0.01870223013399751,0.0181941987327283
antithetic,996,1.8014647853143357,-0.8136491550792664,2.615113940393602,2.385095278727635,0.008377221390296164,0.01311888687639829
antithetic,997,1.7987163717038863,-0.8097630990049235,2.6084794707088097,2.8454703519245315,0.007045165022806925,0.013494319577525293
antithetic,998,1.7959876801436172,-0.8140306484131509,2.610018328556768,4.55733689071043,0.004393970008978119,0.012058293027820525
antithetic,999,1.7983453378159626,-0.8171930895567823,2.615538427372745,3.4795063122199883,0.005738655965564629,0.012731722180749661
